Health_Plan_Name,Immediate_Care_Needed,Immediate_Care_Received,Routine_Care_Appointments,Routine_Care_Received,Health_Care_Visits,Health_Care_Rating,Ease_of_Getting_Care,Personal_Doctor,Doctor_Visits,Doctor_Explanation,Doctor_Listening,Doctor_Respect,Doctor_Time,Doctor_Rating,Specialist_Appointments,Specialist_Visits,Specialist_Rating,Health_Plan_Customer_Service,Customer_Service_Help,Customer_Service_Respect,Health_Plan_Forms,Forms_Ease_of_Use,Health_Plan_Rating,Overall_Health,Mental_Health,Chronic_Condition_Visits,Long_Term_Condition,Medication_Needed,Long_Term_Medication,Age_Group,Gender,Education_Level,Hispanic_or_Latino,Race,Survey_Assistance
Plan E,Yes,Sometimes,No,Never,4,5,Never,Yes,5 to 9,Never,Sometimes,Usually,Usually,8,Yes,5 or more specialists,1,Yes,Usually,Always,Yes,Usually,4,Fair,Fair,No,Yes,Yes,No,65 to 74,Male,High school graduate or GED,No,American Indian or Alaska Native,No
Plan E,Yes,Usually,No,Always,5 to 9,5,Always,Yes,1 time,Sometimes,Always,Never,Sometimes,1,No,1 specialist,6,No,Usually,Never,Yes,Never,3,Fair,Good,Yes,Yes,Yes,Yes,18 to 24,Female,8th grade or less,Yes,American Indian or Alaska Native,No
Plan E,Yes,Always,No,Sometimes,4,4,Usually,Yes,10 or more times,Always,Sometimes,Usually,Sometimes,5,No,4,8,Yes,Sometimes,Never,No,Always,0,Fair,Excellent,No,Yes,No,No,65 to 74,Female,4-year college graduate,Yes,Native Hawaiian or Other Pacific Islander,Yes
Plan E,Yes,Always,No,Usually,2,7,Always,Yes,4,Always,Usually,Usually,Sometimes,10,Yes,None,3,No,Always,Never,Yes,Sometimes,4,Fair,Good,No,No,Yes,No,75 or older,Female,8th grade or less,No,Asian,Yes
Plan C,Yes,Usually,No,Never,2,9,Always,Yes,2,Never,Never,Never,Usually,4,No,3,7,Yes,Usually,Never,No,Sometimes,6,Very good,Excellent,Yes,Yes,Yes,No,65 to 74,Male,Some high school,No,Black or African American,Yes
Plan E,No,Always,Yes,Usually,2,4,Sometimes,Yes,5 to 9,Usually,Never,Sometimes,Always,6,No,3,7,No,Sometimes,Sometimes,No,Never,8,Poor,Excellent,No,Yes,No,Yes,75 or older,Male,8th grade or less,Yes,Black or African American,Yes
Plan B,No,Never,Yes,Usually,3,0,Usually,Yes,5 to 9,Usually,Never,Never,Never,8,Yes,4,3,Yes,Usually,Sometimes,No,Sometimes,3,Poor,Fair,Yes,Yes,Yes,No,25 to 34,Male,More than 4-year college degree,Yes,American Indian or Alaska Native,Yes
Plan A,No,Sometimes,No,Usually,5 to 9,5,Never,No,None,Usually,Usually,Always,Never,6,No,5 or more specialists,9,No,Sometimes,Sometimes,No,Sometimes,5,Good,Fair,No,Yes,No,Yes,65 to 74,Female,Some college or 2-year degree,Yes,Black or African American,Yes
Plan B,Yes,Never,No,Always,3,5,Always,No,10 or more times,Always,Always,Sometimes,Never,3,No,2,6,No,Usually,Always,No,Always,3,Very good,Good,Yes,Yes,No,No,45 to 54,Male,8th grade or less,No,American Indian or Alaska Native,No
Plan C,No,Sometimes,No,Always,4,0,Usually,No,None,Usually,Sometimes,Sometimes,Always,8,Yes,4,5,No,Never,Usually,No,Sometimes,2,Excellent,Poor,No,Yes,Yes,No,18 to 24,Male,8th grade or less,Yes,Native Hawaiian or Other Pacific Islander,No
Plan B,No,Usually,No,Never,10 or more times,9,Sometimes,No,1 time,Sometimes,Usually,Never,Usually,9,Yes,None,1,Yes,Always,Never,Yes,Never,10,Good,Fair,Yes,No,No,Yes,25 to 34,Female,High school graduate or GED,No,American Indian or Alaska Native,Yes
Plan D,Yes,Always,No,Never,1 time,1,Never,No,1 time,Never,Usually,Usually,Usually,4,Yes,4,10,No,Always,Usually,No,Sometimes,0,Good,Good,No,No,Yes,Yes,75 or older,Female,More than 4-year college degree,No,Asian,Yes
Plan B,Yes,Always,Yes,Always,5 to 9,0,Never,No,None,Sometimes,Always,Usually,Usually,6,No,3,10,No,Sometimes,Always,Yes,Usually,2,Excellent,Fair,Yes,No,No,Yes,55 to 64,Female,More than 4-year college degree,Yes,Other,Yes
Plan A,No,Always,Yes,Usually,4,10,Sometimes,Yes,10 or more times,Never,Sometimes,Always,Never,6,Yes,4,0,Yes,Never,Never,No,Never,8,Very good,Fair,No,Yes,Yes,No,35 to 44,Female,Some college or 2-year degree,Yes,Other,No
Plan C,Yes,Usually,Yes,Always,1 time,4,Never,No,10 or more times,Never,Sometimes,Always,Usually,7,No,5 or more specialists,1,No,Sometimes,Sometimes,Yes,Always,4,Poor,Fair,No,Yes,Yes,Yes,55 to 64,Male,Some college or 2-year degree,No,White,Yes
Plan E,No,Sometimes,Yes,Always,2,7,Sometimes,Yes,2,Sometimes,Always,Never,Always,9,Yes,1 specialist,1,Yes,Never,Sometimes,Yes,Sometimes,8,Excellent,Fair,No,No,Yes,No,75 or older,Male,8th grade or less,No,Black or African American,No
Plan A,Yes,Never,No,Never,2,9,Always,No,3,Sometimes,Never,Sometimes,Usually,10,No,None,5,No,Usually,Never,Yes,Always,6,Excellent,Very good,No,No,No,Yes,65 to 74,Female,Some high school,No,White,Yes
Plan D,Yes,Usually,No,Sometimes,None,2,Sometimes,No,None,Sometimes,Always,Never,Always,3,Yes,4,4,Yes,Always,Sometimes,No,Sometimes,7,Very good,Good,Yes,Yes,No,Yes,35 to 44,Female,4-year college graduate,No,Native Hawaiian or Other Pacific Islander,Yes
Plan B,No,Never,Yes,Always,2,2,Sometimes,Yes,None,Usually,Sometimes,Usually,Usually,1,Yes,3,4,Yes,Sometimes,Sometimes,No,Sometimes,2,Very good,Excellent,No,No,No,Yes,65 to 74,Female,Some college or 2-year degree,No,Black or African American,Yes
Plan B,No,Always,No,Never,2,7,Never,No,2,Never,Sometimes,Sometimes,Always,9,No,4,10,Yes,Never,Usually,Yes,Always,7,Very good,Excellent,Yes,No,Yes,Yes,55 to 64,Female,High school graduate or GED,Yes,Other,Yes
Plan D,No,Never,No,Sometimes,5 to 9,8,Never,No,4,Always,Always,Never,Never,7,Yes,None,7,No,Always,Never,Yes,Usually,7,Excellent,Very good,No,Yes,Yes,No,75 or older,Male,Some college or 2-year degree,Yes,Native Hawaiian or Other Pacific Islander,Yes
Plan E,No,Usually,No,Always,None,9,Usually,Yes,4,Always,Sometimes,Usually,Sometimes,1,Yes,4,5,Yes,Usually,Always,No,Sometimes,4,Fair,Good,Yes,No,Yes,No,75 or older,Female,More than 4-year college degree,Yes,Black or African American,Yes
Plan E,No,Always,No,Never,5 to 9,2,Sometimes,No,5 to 9,Usually,Never,Sometimes,Sometimes,6,No,None,6,Yes,Usually,Usually,Yes,Never,0,Very good,Good,Yes,No,No,No,25 to 34,Female,Some high school,No,Other,No
Plan C,No,Usually,No,Usually,1 time,8,Usually,Yes,5 to 9,Sometimes,Always,Never,Never,5,Yes,2,5,No,Usually,Usually,No,Always,0,Good,Good,No,No,Yes,Yes,25 to 34,Female,Some high school,Yes,Asian,Yes
Plan A,Yes,Always,Yes,Usually,5 to 9,0,Sometimes,Yes,3,Usually,Usually,Never,Usually,10,No,3,3,Yes,Usually,Sometimes,No,Always,5,Good,Very good,Yes,No,Yes,No,35 to 44,Male,Some high school,No,Native Hawaiian or Other Pacific Islander,No
Plan B,Yes,Sometimes,No,Usually,5 to 9,5,Sometimes,No,2,Sometimes,Never,Sometimes,Sometimes,3,Yes,2,3,No,Always,Always,Yes,Usually,4,Fair,Poor,No,No,No,Yes,65 to 74,Female,More than 4-year college degree,Yes,Native Hawaiian or Other Pacific Islander,No
Plan B,No,Always,No,Always,5 to 9,1,Usually,Yes,2,Never,Usually,Usually,Never,6,No,None,5,No,Sometimes,Never,No,Never,7,Excellent,Poor,No,No,Yes,Yes,35 to 44,Male,4-year college graduate,No,White,Yes
Plan E,Yes,Sometimes,No,Never,None,5,Always,No,None,Sometimes,Usually,Always,Sometimes,0,Yes,None,4,No,Never,Usually,Yes,Never,7,Good,Fair,Yes,No,Yes,No,18 to 24,Female,High school graduate or GED,No,Native Hawaiian or Other Pacific Islander,Yes
Plan E,No,Never,Yes,Usually,2,6,Never,No,3,Never,Always,Sometimes,Usually,9,No,1 specialist,4,Yes,Never,Sometimes,Yes,Sometimes,8,Very good,Good,No,No,Yes,No,35 to 44,Male,8th grade or less,No,Other,Yes
Plan A,Yes,Never,No,Usually,4,4,Always,Yes,None,Always,Always,Never,Never,7,No,2,8,No,Never,Usually,No,Usually,10,Poor,Excellent,No,No,No,No,45 to 54,Female,High school graduate or GED,Yes,American Indian or Alaska Native,No
Plan B,Yes,Usually,Yes,Never,2,7,Never,Yes,5 to 9,Never,Sometimes,Always,Never,5,Yes,5 or more specialists,8,No,Never,Always,No,Usually,0,Very good,Very good,No,No,Yes,Yes,65 to 74,Female,High school graduate or GED,No,Black or African American,Yes
Plan E,No,Sometimes,Yes,Sometimes,2,7,Sometimes,Yes,None,Always,Usually,Usually,Usually,10,No,4,5,Yes,Never,Usually,Yes,Always,5,Excellent,Good,Yes,Yes,No,Yes,75 or older,Female,4-year college graduate,No,Native Hawaiian or Other Pacific Islander,No
Plan E,Yes,Sometimes,No,Sometimes,2,3,Usually,No,10 or more times,Usually,Usually,Never,Always,7,Yes,3,8,Yes,Always,Never,No,Usually,8,Very good,Very good,No,No,Yes,Yes,18 to 24,Female,8th grade or less,No,White,Yes
Plan B,Yes,Usually,Yes,Always,1 time,8,Never,Yes,4,Sometimes,Usually,Usually,Never,10,Yes,2,3,No,Always,Usually,Yes,Always,2,Very good,Very good,No,Yes,No,No,65 to 74,Female,More than 4-year college degree,Yes,Asian,Yes
Plan E,No,Always,No,Sometimes,5 to 9,4,Always,Yes,4,Always,Usually,Never,Never,9,Yes,1 specialist,6,Yes,Sometimes,Always,No,Always,8,Excellent,Good,No,Yes,No,Yes,35 to 44,Male,8th grade or less,No,White,No
Plan B,Yes,Usually,No,Usually,5 to 9,6,Sometimes,Yes,2,Usually,Never,Always,Sometimes,8,No,4,6,No,Never,Never,No,Always,9,Excellent,Good,Yes,No,Yes,Yes,55 to 64,Female,More than 4-year college degree,No,White,Yes
Plan C,No,Always,Yes,Never,1 time,7,Usually,Yes,1 time,Never,Sometimes,Always,Always,10,Yes,3,2,No,Usually,Never,Yes,Sometimes,2,Poor,Poor,No,No,No,No,18 to 24,Male,Some high school,Yes,Asian,Yes
Plan D,No,Sometimes,No,Always,10 or more times,9,Sometimes,Yes,10 or more times,Usually,Never,Always,Always,9,Yes,5 or more specialists,1,No,Always,Sometimes,No,Never,4,Fair,Fair,Yes,No,Yes,No,75 or older,Female,4-year college graduate,No,Asian,Yes
Plan A,No,Sometimes,No,Sometimes,1 time,3,Always,No,10 or more times,Usually,Usually,Usually,Never,6,Yes,5 or more specialists,3,No,Sometimes,Usually,No,Never,2,Fair,Excellent,No,Yes,Yes,No,25 to 34,Female,Some high school,No,White,Yes
Plan C,Yes,Sometimes,Yes,Never,5 to 9,6,Usually,No,None,Never,Usually,Sometimes,Sometimes,10,No,4,4,Yes,Usually,Always,Yes,Always,1,Poor,Poor,No,No,Yes,Yes,45 to 54,Male,More than 4-year college degree,Yes,Black or African American,Yes
Plan B,No,Usually,No,Always,None,2,Usually,No,3,Sometimes,Never,Usually,Always,8,No,1 specialist,8,No,Usually,Sometimes,Yes,Usually,4,Fair,Very good,Yes,No,Yes,Yes,18 to 24,Female,Some high school,No,White,Yes
Plan A,Yes,Never,Yes,Always,1 time,3,Never,Yes,None,Never,Never,Never,Always,6,No,5 or more specialists,4,No,Never,Never,Yes,Sometimes,4,Poor,Poor,Yes,Yes,Yes,Yes,18 to 24,Female,More than 4-year college degree,No,Black or African American,Yes
Plan C,Yes,Never,Yes,Usually,3,2,Never,Yes,3,Never,Never,Usually,Sometimes,10,No,4,5,No,Always,Never,Yes,Never,0,Fair,Good,Yes,No,Yes,Yes,25 to 34,Male,8th grade or less,No,American Indian or Alaska Native,Yes
Plan A,No,Never,Yes,Sometimes,1 time,0,Always,No,2,Sometimes,Usually,Always,Always,1,Yes,5 or more specialists,8,No,Never,Never,Yes,Always,3,Excellent,Fair,Yes,No,Yes,Yes,25 to 34,Female,More than 4-year college degree,Yes,American Indian or Alaska Native,Yes
Plan D,No,Always,Yes,Never,5 to 9,4,Usually,No,10 or more times,Never,Always,Never,Usually,1,Yes,3,0,No,Sometimes,Usually,Yes,Always,7,Very good,Fair,No,Yes,Yes,Yes,55 to 64,Male,More than 4-year college degree,Yes,American Indian or Alaska Native,Yes
Plan E,Yes,Sometimes,Yes,Sometimes,10 or more times,9,Always,No,3,Usually,Usually,Usually,Never,3,Yes,1 specialist,9,Yes,Usually,Never,No,Usually,0,Fair,Good,Yes,Yes,Yes,Yes,45 to 54,Male,8th grade or less,Yes,American Indian or Alaska Native,Yes
Plan B,Yes,Never,Yes,Always,None,0,Always,No,10 or more times,Sometimes,Usually,Usually,Sometimes,0,Yes,2,5,No,Usually,Always,Yes,Never,2,Poor,Very good,No,Yes,Yes,No,55 to 64,Female,High school graduate or GED,No,Black or African American,Yes
Plan C,No,Usually,No,Always,10 or more times,2,Always,No,10 or more times,Sometimes,Sometimes,Usually,Sometimes,5,No,4,4,No,Sometimes,Sometimes,Yes,Never,4,Good,Very good,Yes,No,No,No,18 to 24,Female,More than 4-year college degree,No,Asian,No
Plan C,No,Always,No,Never,1 time,7,Usually,No,3,Always,Sometimes,Always,Sometimes,5,Yes,5 or more specialists,4,No,Never,Sometimes,No,Never,2,Fair,Excellent,Yes,Yes,Yes,Yes,18 to 24,Female,High school graduate or GED,Yes,American Indian or Alaska Native,Yes
Plan E,Yes,Sometimes,Yes,Always,2,5,Sometimes,No,2,Never,Sometimes,Never,Never,6,No,5 or more specialists,4,Yes,Usually,Sometimes,Yes,Usually,5,Poor,Excellent,Yes,No,No,Yes,65 to 74,Male,More than 4-year college degree,No,American Indian or Alaska Native,No
Plan C,Yes,Never,No,Always,1 time,2,Always,Yes,4,Never,Sometimes,Always,Sometimes,8,Yes,2,7,No,Never,Usually,Yes,Always,1,Poor,Fair,No,No,Yes,Yes,35 to 44,Male,8th grade or less,Yes,Other,Yes
Plan A,Yes,Always,Yes,Never,5 to 9,2,Sometimes,Yes,1 time,Sometimes,Always,Sometimes,Always,8,Yes,1 specialist,3,No,Always,Always,Yes,Never,4,Good,Very good,No,Yes,No,Yes,55 to 64,Male,8th grade or less,No,White,No
Plan E,Yes,Always,Yes,Sometimes,10 or more times,4,Never,Yes,2,Usually,Never,Usually,Always,7,No,None,3,Yes,Sometimes,Always,Yes,Usually,4,Excellent,Excellent,Yes,Yes,Yes,No,25 to 34,Female,Some college or 2-year degree,No,Native Hawaiian or Other Pacific Islander,No
Plan C,No,Never,No,Never,5 to 9,10,Usually,No,2,Never,Never,Never,Never,8,Yes,4,0,Yes,Usually,Usually,No,Sometimes,0,Good,Excellent,Yes,No,No,No,45 to 54,Female,Some high school,Yes,Black or African American,Yes
Plan A,No,Never,Yes,Never,None,8,Usually,Yes,3,Always,Never,Sometimes,Usually,0,Yes,1 specialist,8,Yes,Sometimes,Sometimes,Yes,Always,10,Fair,Very good,No,No,No,Yes,45 to 54,Male,Some college or 2-year degree,Yes,Black or African American,No
Plan C,Yes,Sometimes,No,Sometimes,3,0,Always,Yes,10 or more times,Sometimes,Usually,Usually,Always,8,No,4,3,Yes,Usually,Never,No,Never,3,Poor,Excellent,No,Yes,No,No,65 to 74,Female,8th grade or less,Yes,Native Hawaiian or Other Pacific Islander,Yes
Plan E,Yes,Never,Yes,Never,2,7,Never,No,5 to 9,Sometimes,Sometimes,Sometimes,Usually,3,No,2,9,Yes,Sometimes,Always,No,Always,6,Excellent,Excellent,Yes,No,No,No,65 to 74,Female,4-year college graduate,No,Asian,Yes
Plan C,Yes,Never,Yes,Sometimes,5 to 9,2,Sometimes,Yes,3,Usually,Never,Sometimes,Sometimes,8,Yes,4,8,Yes,Always,Sometimes,No,Sometimes,7,Fair,Poor,Yes,No,No,No,35 to 44,Male,8th grade or less,No,American Indian or Alaska Native,Yes
Plan E,Yes,Sometimes,No,Sometimes,3,1,Sometimes,Yes,1 time,Always,Always,Always,Always,6,No,5 or more specialists,7,No,Never,Always,No,Never,2,Poor,Poor,No,No,Yes,No,65 to 74,Female,4-year college graduate,Yes,Asian,Yes
Plan A,No,Usually,Yes,Sometimes,10 or more times,1,Usually,No,4,Usually,Sometimes,Always,Sometimes,8,Yes,4,2,No,Sometimes,Sometimes,No,Never,9,Poor,Fair,Yes,Yes,No,Yes,45 to 54,Female,Some college or 2-year degree,Yes,American Indian or Alaska Native,No
Plan B,No,Sometimes,Yes,Always,3,8,Sometimes,No,4,Always,Sometimes,Never,Always,5,No,1 specialist,9,Yes,Never,Sometimes,Yes,Never,0,Good,Fair,No,Yes,No,Yes,25 to 34,Female,Some high school,No,White,No
Plan A,No,Never,Yes,Always,None,3,Always,Yes,5 to 9,Usually,Usually,Always,Sometimes,3,Yes,3,0,No,Usually,Always,Yes,Usually,5,Good,Fair,Yes,Yes,No,No,18 to 24,Female,8th grade or less,Yes,Native Hawaiian or Other Pacific Islander,No
Plan B,No,Never,No,Never,5 to 9,1,Usually,No,1 time,Never,Usually,Always,Usually,3,No,3,5,Yes,Usually,Always,No,Usually,4,Very good,Poor,No,No,Yes,Yes,65 to 74,Male,Some high school,Yes,Native Hawaiian or Other Pacific Islander,Yes
Plan B,Yes,Always,Yes,Never,None,0,Usually,Yes,2,Never,Always,Sometimes,Sometimes,9,Yes,2,7,No,Sometimes,Sometimes,No,Never,3,Good,Good,Yes,Yes,Yes,No,25 to 34,Female,High school graduate or GED,Yes,Other,Yes
Plan C,No,Usually,No,Sometimes,1 time,1,Never,Yes,4,Never,Sometimes,Sometimes,Sometimes,0,Yes,5 or more specialists,5,Yes,Never,Always,Yes,Always,2,Very good,Excellent,No,Yes,No,No,65 to 74,Male,Some high school,No,Native Hawaiian or Other Pacific Islander,Yes
Plan C,No,Usually,Yes,Usually,5 to 9,0,Sometimes,No,2,Always,Usually,Usually,Sometimes,0,No,3,0,Yes,Always,Always,No,Always,1,Good,Fair,No,No,No,No,55 to 64,Male,Some high school,Yes,White,Yes
Plan E,No,Usually,Yes,Sometimes,5 to 9,10,Always,Yes,1 time,Sometimes,Sometimes,Sometimes,Always,0,No,None,3,Yes,Always,Never,Yes,Sometimes,7,Excellent,Fair,No,Yes,No,Yes,75 or older,Female,Some high school,No,Other,No
Plan A,No,Always,No,Sometimes,1 time,6,Always,No,1 time,Always,Sometimes,Always,Always,8,Yes,2,4,No,Never,Sometimes,Yes,Always,9,Very good,Good,Yes,No,No,Yes,25 to 34,Male,Some high school,No,Asian,Yes
Plan E,No,Always,Yes,Sometimes,2,0,Always,No,10 or more times,Usually,Usually,Usually,Usually,3,Yes,4,0,Yes,Sometimes,Sometimes,No,Usually,3,Good,Good,Yes,Yes,Yes,No,18 to 24,Female,High school graduate or GED,Yes,White,No
Plan C,No,Always,No,Usually,10 or more times,2,Always,Yes,5 to 9,Always,Sometimes,Always,Sometimes,4,No,2,0,No,Never,Always,Yes,Usually,1,Good,Very good,Yes,Yes,Yes,Yes,75 or older,Female,8th grade or less,Yes,Native Hawaiian or Other Pacific Islander,No
Plan E,No,Always,No,Never,4,4,Never,No,3,Usually,Sometimes,Always,Usually,2,No,5 or more specialists,0,Yes,Never,Never,Yes,Always,10,Fair,Fair,No,No,No,No,25 to 34,Female,Some high school,Yes,Black or African American,No
Plan D,No,Usually,No,Never,2,4,Always,No,None,Always,Never,Never,Usually,5,Yes,1 specialist,9,Yes,Always,Always,No,Usually,7,Good,Good,Yes,No,Yes,Yes,55 to 64,Female,Some college or 2-year degree,No,Asian,Yes
Plan B,No,Sometimes,Yes,Always,5 to 9,0,Never,No,1 time,Sometimes,Usually,Never,Always,0,No,1 specialist,0,Yes,Usually,Usually,Yes,Never,1,Poor,Excellent,No,Yes,Yes,No,55 to 64,Male,Some high school,No,Native Hawaiian or Other Pacific Islander,No
Plan A,No,Never,Yes,Always,10 or more times,7,Sometimes,Yes,4,Always,Usually,Never,Usually,3,Yes,4,2,No,Usually,Always,No,Never,3,Very good,Very good,No,Yes,Yes,No,35 to 44,Female,4-year college graduate,No,American Indian or Alaska Native,Yes
Plan A,No,Always,Yes,Never,3,0,Sometimes,No,3,Usually,Always,Never,Always,6,Yes,3,6,No,Usually,Usually,No,Sometimes,1,Excellent,Poor,Yes,No,Yes,No,18 to 24,Female,More than 4-year college degree,No,Black or African American,Yes
Plan A,Yes,Sometimes,No,Always,3,2,Usually,Yes,1 time,Usually,Usually,Never,Never,8,No,5 or more specialists,1,Yes,Never,Sometimes,No,Sometimes,9,Very good,Very good,Yes,Yes,No,No,25 to 34,Male,4-year college graduate,No,White,No
Plan D,No,Always,Yes,Always,3,2,Sometimes,Yes,1 time,Never,Never,Always,Always,1,No,3,7,Yes,Sometimes,Usually,Yes,Never,7,Good,Very good,No,No,No,No,65 to 74,Male,8th grade or less,No,Asian,Yes
Plan C,Yes,Sometimes,Yes,Usually,2,0,Sometimes,Yes,None,Usually,Sometimes,Always,Usually,5,No,4,7,No,Always,Sometimes,Yes,Sometimes,5,Very good,Poor,Yes,Yes,Yes,No,35 to 44,Female,8th grade or less,No,American Indian or Alaska Native,Yes
Plan D,Yes,Always,No,Never,None,0,Never,No,None,Sometimes,Never,Never,Always,0,No,3,8,No,Never,Sometimes,Yes,Always,6,Very good,Good,Yes,Yes,No,Yes,35 to 44,Male,8th grade or less,Yes,Native Hawaiian or Other Pacific Islander,No
Plan D,No,Never,Yes,Never,1 time,7,Always,No,10 or more times,Usually,Always,Usually,Usually,2,Yes,3,7,Yes,Sometimes,Always,Yes,Sometimes,1,Poor,Excellent,Yes,No,No,No,45 to 54,Female,High school graduate or GED,No,Black or African American,No
Plan E,Yes,Never,No,Always,4,5,Never,No,None,Usually,Usually,Always,Sometimes,8,No,5 or more specialists,4,Yes,Always,Usually,Yes,Sometimes,9,Poor,Very good,No,Yes,No,No,25 to 34,Male,Some college or 2-year degree,No,Native Hawaiian or Other Pacific Islander,Yes
Plan C,Yes,Sometimes,No,Never,5 to 9,5,Sometimes,Yes,4,Never,Usually,Never,Never,5,No,3,10,No,Usually,Always,Yes,Sometimes,10,Good,Very good,No,No,No,No,75 or older,Female,Some high school,No,Asian,Yes
Plan B,No,Sometimes,No,Usually,None,7,Usually,Yes,2,Usually,Usually,Usually,Sometimes,2,No,4,1,Yes,Always,Usually,Yes,Never,7,Excellent,Good,No,Yes,Yes,Yes,25 to 34,Female,4-year college graduate,No,White,No
Plan D,Yes,Always,Yes,Usually,5 to 9,7,Never,Yes,5 to 9,Never,Sometimes,Never,Never,9,Yes,1 specialist,1,No,Always,Never,Yes,Sometimes,8,Excellent,Poor,No,Yes,Yes,Yes,65 to 74,Male,High school graduate or GED,Yes,Native Hawaiian or Other Pacific Islander,No
Plan B,No,Sometimes,Yes,Sometimes,5 to 9,2,Never,No,10 or more times,Usually,Always,Always,Usually,8,No,5 or more specialists,5,Yes,Sometimes,Usually,No,Always,9,Very good,Poor,Yes,No,Yes,Yes,55 to 64,Male,Some college or 2-year degree,Yes,Other,No
Plan C,No,Usually,Yes,Usually,None,1,Sometimes,No,None,Sometimes,Never,Always,Usually,0,Yes,5 or more specialists,8,Yes,Always,Always,No,Usually,3,Very good,Excellent,No,No,No,No,35 to 44,Female,8th grade or less,Yes,American Indian or Alaska Native,Yes
Plan E,No,Usually,No,Never,1 time,6,Always,No,2,Sometimes,Never,Never,Always,3,No,4,1,No,Never,Usually,Yes,Never,9,Excellent,Fair,Yes,Yes,No,No,75 or older,Female,More than 4-year college degree,Yes,Black or African American,Yes
Plan D,No,Never,Yes,Never,10 or more times,8,Always,No,2,Never,Sometimes,Usually,Sometimes,8,No,None,9,Yes,Sometimes,Usually,No,Sometimes,4,Good,Good,Yes,Yes,No,Yes,65 to 74,Male,8th grade or less,No,Black or African American,No
Plan C,Yes,Always,No,Never,3,1,Always,Yes,4,Never,Always,Always,Sometimes,3,No,3,2,No,Always,Never,Yes,Never,8,Fair,Excellent,Yes,No,No,No,65 to 74,Male,Some high school,No,American Indian or Alaska Native,Yes
Plan A,No,Sometimes,No,Always,4,5,Usually,Yes,None,Usually,Usually,Never,Always,9,No,5 or more specialists,2,Yes,Never,Always,Yes,Never,6,Poor,Excellent,Yes,No,Yes,Yes,18 to 24,Female,8th grade or less,No,Other,Yes
Plan E,No,Always,No,Sometimes,2,4,Never,No,4,Usually,Always,Never,Sometimes,1,No,1 specialist,2,Yes,Sometimes,Sometimes,No,Always,1,Good,Poor,No,Yes,Yes,No,55 to 64,Male,Some college or 2-year degree,Yes,White,Yes
Plan B,No,Usually,Yes,Never,None,0,Never,Yes,None,Always,Sometimes,Usually,Always,0,Yes,None,6,No,Sometimes,Sometimes,Yes,Always,0,Excellent,Fair,Yes,Yes,No,No,35 to 44,Male,High school graduate or GED,Yes,American Indian or Alaska Native,Yes
Plan A,No,Sometimes,Yes,Sometimes,4,0,Sometimes,Yes,10 or more times,Never,Sometimes,Never,Always,0,No,3,9,No,Usually,Usually,No,Always,0,Fair,Excellent,No,Yes,Yes,No,55 to 64,Female,Some college or 2-year degree,No,White,Yes
Plan A,Yes,Never,No,Usually,None,0,Always,Yes,1 time,Always,Always,Sometimes,Never,2,Yes,3,7,Yes,Sometimes,Usually,Yes,Never,10,Poor,Poor,Yes,No,No,Yes,18 to 24,Male,Some college or 2-year degree,No,American Indian or Alaska Native,No
Plan B,No,Always,No,Sometimes,4,5,Never,Yes,3,Always,Sometimes,Sometimes,Always,7,No,4,5,No,Never,Never,Yes,Usually,4,Poor,Very good,Yes,No,Yes,Yes,75 or older,Male,High school graduate or GED,Yes,Native Hawaiian or Other Pacific Islander,Yes
Plan B,Yes,Always,Yes,Usually,1 time,3,Never,No,4,Usually,Never,Always,Sometimes,3,Yes,5 or more specialists,2,Yes,Usually,Usually,Yes,Never,7,Excellent,Poor,No,Yes,Yes,No,25 to 34,Male,High school graduate or GED,No,Other,No
Plan A,Yes,Always,Yes,Usually,1 time,9,Sometimes,No,5 to 9,Usually,Never,Never,Sometimes,5,No,4,4,Yes,Usually,Sometimes,No,Always,3,Poor,Excellent,No,No,Yes,Yes,18 to 24,Female,Some college or 2-year degree,Yes,American Indian or Alaska Native,No
Plan D,Yes,Sometimes,Yes,Always,1 time,1,Sometimes,No,3,Usually,Always,Sometimes,Never,9,No,None,0,No,Never,Sometimes,Yes,Sometimes,6,Excellent,Good,Yes,No,Yes,No,75 or older,Female,Some college or 2-year degree,Yes,Other,No
Plan D,No,Always,Yes,Always,3,10,Usually,Yes,2,Sometimes,Sometimes,Always,Sometimes,0,No,4,1,Yes,Always,Never,Yes,Sometimes,3,Good,Very good,No,Yes,No,Yes,45 to 54,Male,8th grade or less,No,American Indian or Alaska Native,Yes
Plan C,Yes,Never,No,Sometimes,2,7,Sometimes,Yes,1 time,Always,Never,Always,Sometimes,1,Yes,3,1,No,Usually,Always,Yes,Always,7,Very good,Poor,Yes,No,Yes,No,65 to 74,Female,Some high school,Yes,Black or African American,No
Plan D,No,Always,Yes,Always,1 time,1,Usually,No,None,Sometimes,Usually,Usually,Usually,6,Yes,2,6,Yes,Always,Always,Yes,Usually,6,Very good,Good,Yes,No,Yes,Yes,75 or older,Male,High school graduate or GED,Yes,Native Hawaiian or Other Pacific Islander,No
Plan C,Yes,Usually,Yes,Usually,1 time,2,Usually,Yes,3,Usually,Always,Sometimes,Sometimes,10,Yes,4,7,Yes,Never,Sometimes,Yes,Never,1,Poor,Fair,Yes,No,Yes,No,35 to 44,Female,Some high school,Yes,White,No
Plan B,Yes,Usually,Yes,Usually,None,0,Never,No,10 or more times,Never,Always,Usually,Never,0,No,5 or more specialists,10,Yes,Usually,Usually,No,Always,4,Very good,Poor,Yes,Yes,No,No,18 to 24,Female,Some high school,Yes,Asian,No
Plan E,Yes,Sometimes,Yes,Always,None,8,Usually,No,5 to 9,Never,Never,Usually,Usually,9,No,2,0,No,Sometimes,Sometimes,Yes,Always,7,Good,Poor,No,Yes,No,Yes,65 to 74,Male,Some high school,No,Black or African American,No
Plan A,Yes,Sometimes,Yes,Usually,5 to 9,1,Always,No,None,Always,Sometimes,Never,Always,2,Yes,1 specialist,8,No,Never,Sometimes,No,Sometimes,6,Good,Excellent,Yes,No,No,Yes,45 to 54,Male,4-year college graduate,Yes,White,No
Plan B,No,Sometimes,Yes,Never,5 to 9,1,Sometimes,No,10 or more times,Always,Usually,Sometimes,Sometimes,0,Yes,5 or more specialists,3,No,Always,Sometimes,No,Sometimes,2,Good,Very good,Yes,No,Yes,No,55 to 64,Female,Some high school,Yes,American Indian or Alaska Native,Yes
Plan A,Yes,Sometimes,No,Always,4,1,Sometimes,No,10 or more times,Sometimes,Sometimes,Always,Never,4,Yes,4,7,No,Never,Always,Yes,Usually,4,Good,Good,No,No,No,Yes,75 or older,Male,8th grade or less,No,Other,No
Plan A,No,Sometimes,No,Usually,3,5,Never,Yes,3,Sometimes,Sometimes,Usually,Never,5,No,None,3,No,Always,Never,No,Never,3,Excellent,Very good,No,Yes,No,Yes,25 to 34,Female,More than 4-year college degree,No,Black or African American,Yes
Plan D,Yes,Never,No,Always,4,3,Always,No,None,Sometimes,Always,Never,Usually,8,No,2,7,Yes,Never,Sometimes,Yes,Sometimes,5,Very good,Very good,No,Yes,No,Yes,18 to 24,Male,4-year college graduate,No,Asian,Yes
Plan B,No,Never,No,Sometimes,1 time,0,Always,Yes,4,Sometimes,Usually,Usually,Sometimes,7,No,5 or more specialists,1,No,Never,Sometimes,Yes,Usually,8,Excellent,Excellent,No,No,Yes,No,25 to 34,Female,Some high school,No,Asian,No
Plan A,Yes,Usually,Yes,Usually,4,4,Sometimes,Yes,5 to 9,Usually,Never,Usually,Usually,7,No,None,10,Yes,Always,Always,Yes,Always,2,Fair,Good,Yes,Yes,No,Yes,18 to 24,Female,Some high school,Yes,Black or African American,Yes
Plan B,No,Sometimes,Yes,Usually,None,2,Sometimes,Yes,10 or more times,Always,Always,Sometimes,Usually,7,No,5 or more specialists,0,Yes,Sometimes,Sometimes,No,Sometimes,1,Excellent,Good,Yes,Yes,Yes,Yes,75 or older,Male,Some high school,Yes,Black or African American,No
Plan C,Yes,Sometimes,No,Always,2,6,Always,No,2,Always,Always,Always,Sometimes,0,No,None,2,No,Sometimes,Always,Yes,Never,4,Good,Very good,No,No,Yes,No,65 to 74,Male,4-year college graduate,No,Native Hawaiian or Other Pacific Islander,Yes
Plan A,No,Usually,Yes,Always,4,2,Sometimes,Yes,4,Sometimes,Never,Never,Usually,9,No,1 specialist,5,Yes,Usually,Always,Yes,Never,10,Poor,Good,Yes,No,Yes,No,35 to 44,Male,Some high school,Yes,Black or African American,No
Plan D,Yes,Usually,No,Sometimes,None,0,Never,No,5 to 9,Never,Always,Never,Usually,4,Yes,3,2,Yes,Sometimes,Usually,Yes,Always,2,Fair,Good,No,No,No,No,18 to 24,Female,High school graduate or GED,Yes,Asian,Yes
Plan E,Yes,Usually,Yes,Never,1 time,10,Never,Yes,4,Always,Usually,Always,Sometimes,7,No,5 or more specialists,7,Yes,Always,Never,No,Never,3,Poor,Very good,Yes,Yes,No,Yes,55 to 64,Female,Some high school,No,American Indian or Alaska Native,No
Plan D,Yes,Always,No,Always,None,10,Never,No,None,Never,Never,Usually,Usually,0,Yes,None,3,No,Sometimes,Usually,Yes,Usually,4,Good,Fair,Yes,No,No,No,25 to 34,Male,Some high school,No,Black or African American,No
Plan D,No,Usually,Yes,Sometimes,None,9,Sometimes,No,2,Never,Sometimes,Sometimes,Always,3,No,1 specialist,3,No,Never,Never,Yes,Usually,3,Excellent,Poor,No,No,Yes,Yes,45 to 54,Male,4-year college graduate,No,Black or African American,Yes
Plan D,Yes,Always,No,Never,2,7,Never,No,10 or more times,Never,Usually,Sometimes,Sometimes,8,Yes,3,8,No,Usually,Never,No,Never,2,Fair,Fair,Yes,No,Yes,Yes,65 to 74,Female,Some college or 2-year degree,Yes,American Indian or Alaska Native,No
Plan E,Yes,Never,No,Usually,None,8,Never,Yes,1 time,Always,Never,Never,Usually,9,Yes,1 specialist,6,Yes,Always,Always,Yes,Usually,8,Good,Fair,Yes,No,Yes,No,45 to 54,Male,8th grade or less,Yes,White,Yes
Plan C,No,Always,Yes,Usually,4,2,Usually,Yes,4,Sometimes,Always,Sometimes,Always,7,Yes,None,3,No,Usually,Always,Yes,Always,5,Fair,Poor,Yes,Yes,No,Yes,55 to 64,Female,Some high school,Yes,Other,No
Plan E,No,Usually,Yes,Usually,10 or more times,3,Usually,Yes,3,Usually,Usually,Always,Sometimes,9,No,1 specialist,9,Yes,Sometimes,Never,Yes,Usually,1,Very good,Good,Yes,No,No,Yes,45 to 54,Male,High school graduate or GED,No,Black or African American,Yes
Plan E,No,Sometimes,No,Usually,4,2,Always,Yes,3,Always,Always,Usually,Usually,3,Yes,2,1,No,Always,Sometimes,No,Usually,1,Fair,Fair,No,Yes,No,Yes,18 to 24,Male,High school graduate or GED,Yes,Asian,Yes
Plan E,Yes,Never,No,Never,None,7,Usually,Yes,10 or more times,Sometimes,Always,Sometimes,Always,4,No,4,4,Yes,Sometimes,Always,No,Sometimes,2,Excellent,Poor,Yes,No,Yes,No,35 to 44,Female,8th grade or less,No,American Indian or Alaska Native,No
Plan A,No,Usually,Yes,Usually,5 to 9,3,Never,No,10 or more times,Never,Never,Always,Never,1,Yes,5 or more specialists,5,No,Always,Never,Yes,Never,10,Good,Fair,Yes,Yes,Yes,No,65 to 74,Male,More than 4-year college degree,No,Black or African American,Yes
Plan B,No,Always,Yes,Usually,1 time,10,Sometimes,No,5 to 9,Usually,Usually,Sometimes,Sometimes,9,Yes,1 specialist,3,Yes,Sometimes,Always,No,Usually,5,Excellent,Excellent,Yes,Yes,Yes,Yes,25 to 34,Male,4-year college graduate,No,Native Hawaiian or Other Pacific Islander,Yes
Plan C,No,Never,Yes,Always,4,3,Sometimes,No,2,Usually,Never,Usually,Usually,7,No,5 or more specialists,9,No,Sometimes,Usually,Yes,Sometimes,3,Very good,Poor,No,Yes,No,Yes,35 to 44,Male,More than 4-year college degree,Yes,Native Hawaiian or Other Pacific Islander,No
Plan D,No,Never,Yes,Always,3,4,Never,No,1 time,Never,Sometimes,Never,Always,9,Yes,4,9,Yes,Never,Sometimes,Yes,Always,4,Fair,Fair,No,Yes,Yes,No,55 to 64,Female,Some high school,No,Native Hawaiian or Other Pacific Islander,No
Plan D,No,Usually,No,Never,3,2,Sometimes,Yes,None,Always,Usually,Always,Usually,3,Yes,3,10,No,Sometimes,Never,No,Sometimes,5,Poor,Excellent,No,No,Yes,No,75 or older,Male,More than 4-year college degree,No,White,No
Plan B,Yes,Usually,No,Never,None,6,Never,No,10 or more times,Sometimes,Always,Sometimes,Never,4,No,4,7,No,Usually,Never,No,Sometimes,0,Poor,Poor,Yes,No,No,No,75 or older,Female,8th grade or less,Yes,White,Yes
Plan A,No,Never,No,Never,2,2,Usually,Yes,None,Usually,Always,Never,Always,9,Yes,1 specialist,8,Yes,Sometimes,Sometimes,Yes,Usually,8,Very good,Good,No,No,Yes,Yes,55 to 64,Male,8th grade or less,No,Asian,No
Plan E,Yes,Usually,No,Sometimes,1 time,0,Never,No,5 to 9,Always,Never,Usually,Sometimes,6,No,4,3,No,Sometimes,Never,Yes,Always,7,Good,Very good,Yes,No,No,Yes,25 to 34,Male,Some college or 2-year degree,Yes,Asian,Yes
Plan C,Yes,Never,No,Never,None,6,Never,Yes,2,Usually,Never,Sometimes,Always,2,No,None,2,Yes,Never,Usually,No,Sometimes,3,Very good,Excellent,Yes,No,No,Yes,35 to 44,Male,8th grade or less,No,Asian,No
Plan E,Yes,Always,Yes,Never,None,1,Usually,No,3,Usually,Always,Sometimes,Never,10,Yes,5 or more specialists,10,No,Always,Never,Yes,Sometimes,3,Good,Fair,No,No,No,Yes,55 to 64,Female,High school graduate or GED,No,White,No
Plan C,Yes,Always,Yes,Usually,4,2,Usually,No,3,Sometimes,Usually,Never,Usually,8,Yes,5 or more specialists,7,Yes,Never,Sometimes,No,Never,0,Fair,Good,No,Yes,Yes,No,35 to 44,Female,Some college or 2-year degree,No,Black or African American,Yes
Plan B,Yes,Never,Yes,Never,None,0,Always,No,None,Always,Never,Sometimes,Never,10,Yes,5 or more specialists,8,No,Usually,Usually,No,Never,6,Fair,Very good,Yes,No,Yes,Yes,65 to 74,Female,4-year college graduate,Yes,American Indian or Alaska Native,Yes
Plan B,Yes,Sometimes,Yes,Usually,5 to 9,10,Never,Yes,1 time,Usually,Never,Sometimes,Sometimes,5,No,3,0,No,Always,Sometimes,Yes,Always,9,Very good,Poor,Yes,No,Yes,No,65 to 74,Female,Some high school,No,American Indian or Alaska Native,No
Plan D,No,Usually,No,Usually,4,8,Always,No,2,Always,Sometimes,Sometimes,Always,2,Yes,3,10,No,Sometimes,Always,Yes,Never,8,Poor,Excellent,No,No,No,No,45 to 54,Male,Some college or 2-year degree,Yes,American Indian or Alaska Native,Yes
Plan A,No,Sometimes,Yes,Sometimes,5 to 9,8,Usually,Yes,3,Always,Never,Never,Sometimes,9,No,None,9,No,Always,Usually,Yes,Sometimes,0,Excellent,Excellent,No,No,No,No,35 to 44,Female,High school graduate or GED,No,Asian,Yes
Plan D,Yes,Usually,Yes,Sometimes,None,8,Sometimes,No,2,Usually,Never,Sometimes,Always,5,No,3,7,Yes,Usually,Sometimes,Yes,Never,10,Very good,Good,Yes,Yes,Yes,No,45 to 54,Male,High school graduate or GED,No,American Indian or Alaska Native,Yes
Plan E,Yes,Always,No,Always,4,8,Never,Yes,None,Usually,Always,Always,Sometimes,1,No,3,10,Yes,Sometimes,Never,No,Sometimes,2,Good,Very good,Yes,Yes,No,Yes,25 to 34,Female,Some college or 2-year degree,No,Native Hawaiian or Other Pacific Islander,Yes
Plan B,Yes,Always,Yes,Never,10 or more times,10,Always,No,None,Sometimes,Usually,Sometimes,Always,6,No,3,5,Yes,Sometimes,Always,Yes,Usually,6,Poor,Good,No,No,No,No,65 to 74,Female,More than 4-year college degree,No,White,Yes
Plan C,Yes,Sometimes,Yes,Sometimes,1 time,4,Always,No,2,Usually,Always,Usually,Never,1,No,1 specialist,1,Yes,Never,Always,No,Never,0,Fair,Poor,Yes,No,Yes,Yes,75 or older,Male,High school graduate or GED,No,Asian,Yes
Plan A,Yes,Always,No,Usually,4,7,Always,Yes,5 to 9,Sometimes,Never,Usually,Sometimes,4,No,5 or more specialists,6,Yes,Never,Sometimes,No,Usually,0,Good,Very good,Yes,Yes,No,Yes,65 to 74,Female,8th grade or less,Yes,Other,Yes
Plan C,Yes,Usually,Yes,Never,1 time,6,Usually,No,None,Usually,Sometimes,Never,Sometimes,10,Yes,4,4,Yes,Never,Never,Yes,Never,6,Excellent,Very good,Yes,Yes,No,Yes,75 or older,Male,Some college or 2-year degree,Yes,Other,No
Plan E,No,Usually,No,Sometimes,1 time,8,Never,Yes,None,Always,Always,Usually,Always,9,Yes,4,7,Yes,Never,Always,No,Never,10,Very good,Excellent,No,No,Yes,Yes,65 to 74,Male,High school graduate or GED,Yes,American Indian or Alaska Native,No
Plan B,No,Usually,No,Sometimes,10 or more times,3,Always,No,3,Always,Sometimes,Sometimes,Never,3,No,4,1,No,Sometimes,Usually,No,Never,2,Excellent,Fair,No,Yes,No,No,65 to 74,Male,More than 4-year college degree,Yes,White,No
Plan C,Yes,Sometimes,Yes,Always,2,9,Always,No,5 to 9,Usually,Never,Sometimes,Usually,2,No,2,3,Yes,Always,Usually,No,Always,7,Excellent,Very good,No,Yes,Yes,Yes,65 to 74,Male,Some high school,No,American Indian or Alaska Native,No
Plan A,Yes,Sometimes,No,Usually,5 to 9,8,Usually,No,10 or more times,Usually,Never,Usually,Usually,8,No,4,0,Yes,Sometimes,Never,Yes,Always,7,Good,Very good,Yes,Yes,No,Yes,25 to 34,Male,8th grade or less,No,Native Hawaiian or Other Pacific Islander,No
Plan C,No,Usually,No,Usually,5 to 9,10,Sometimes,Yes,2,Always,Sometimes,Always,Never,10,Yes,1 specialist,4,No,Always,Sometimes,No,Sometimes,9,Excellent,Very good,No,Yes,Yes,No,45 to 54,Male,Some college or 2-year degree,No,Black or African American,Yes
Plan E,No,Sometimes,Yes,Never,3,2,Always,No,3,Always,Never,Usually,Never,8,No,3,7,No,Usually,Always,Yes,Usually,0,Good,Good,No,No,No,Yes,75 or older,Male,Some college or 2-year degree,Yes,Black or African American,No
Plan C,Yes,Usually,No,Sometimes,3,0,Sometimes,Yes,2,Usually,Sometimes,Always,Sometimes,4,Yes,2,9,Yes,Always,Never,No,Never,5,Very good,Excellent,Yes,Yes,No,No,45 to 54,Male,High school graduate or GED,Yes,White,No
Plan A,No,Sometimes,No,Sometimes,5 to 9,3,Always,No,2,Always,Never,Sometimes,Sometimes,9,No,None,4,Yes,Always,Never,Yes,Usually,1,Poor,Poor,No,Yes,Yes,No,45 to 54,Female,8th grade or less,No,Asian,Yes
Plan D,Yes,Usually,Yes,Never,4,4,Always,No,5 to 9,Never,Never,Sometimes,Never,5,No,4,5,No,Always,Sometimes,No,Always,4,Fair,Very good,No,Yes,Yes,Yes,65 to 74,Male,Some high school,Yes,Other,No
Plan C,No,Always,Yes,Sometimes,2,6,Usually,No,10 or more times,Usually,Never,Always,Usually,6,Yes,4,7,Yes,Always,Always,Yes,Usually,0,Fair,Excellent,No,Yes,Yes,Yes,45 to 54,Male,8th grade or less,Yes,Native Hawaiian or Other Pacific Islander,Yes
Plan B,Yes,Sometimes,No,Always,5 to 9,7,Sometimes,Yes,1 time,Usually,Never,Never,Always,9,Yes,4,4,No,Never,Usually,No,Sometimes,4,Fair,Fair,No,Yes,Yes,Yes,18 to 24,Male,Some high school,No,Black or African American,No
Plan B,No,Usually,Yes,Usually,1 time,0,Sometimes,No,2,Usually,Always,Sometimes,Usually,2,Yes,2,6,No,Sometimes,Sometimes,No,Sometimes,10,Good,Good,Yes,Yes,No,No,75 or older,Male,More than 4-year college degree,Yes,White,No
Plan A,No,Always,No,Usually,3,3,Never,No,1 time,Always,Sometimes,Always,Always,4,Yes,5 or more specialists,1,No,Always,Sometimes,Yes,Sometimes,1,Very good,Very good,No,No,No,No,55 to 64,Female,Some high school,No,Other,No
Plan B,No,Sometimes,No,Sometimes,5 to 9,10,Usually,No,2,Sometimes,Never,Never,Always,10,No,5 or more specialists,1,No,Never,Never,Yes,Always,9,Poor,Very good,Yes,Yes,No,Yes,55 to 64,Female,8th grade or less,No,Black or African American,No
Plan A,No,Sometimes,Yes,Never,3,4,Usually,Yes,1 time,Never,Sometimes,Always,Never,9,Yes,2,0,Yes,Usually,Sometimes,No,Sometimes,6,Excellent,Excellent,Yes,No,Yes,No,55 to 64,Female,4-year college graduate,Yes,Asian,Yes
Plan C,No,Usually,Yes,Always,1 time,1,Never,No,5 to 9,Sometimes,Sometimes,Always,Always,6,Yes,3,2,No,Usually,Always,Yes,Usually,5,Fair,Good,No,No,Yes,No,55 to 64,Male,8th grade or less,Yes,Other,Yes
Plan A,No,Never,Yes,Never,4,8,Sometimes,No,2,Never,Usually,Always,Sometimes,10,Yes,3,3,No,Never,Always,Yes,Never,2,Poor,Excellent,Yes,No,No,No,65 to 74,Female,More than 4-year college degree,Yes,American Indian or Alaska Native,Yes
Plan E,Yes,Always,Yes,Sometimes,2,9,Never,Yes,5 to 9,Never,Never,Usually,Never,4,No,2,5,Yes,Usually,Always,Yes,Never,4,Excellent,Excellent,Yes,Yes,Yes,No,25 to 34,Male,Some college or 2-year degree,Yes,American Indian or Alaska Native,No
Plan C,Yes,Always,No,Usually,None,0,Usually,No,None,Never,Sometimes,Sometimes,Never,8,Yes,4,3,No,Always,Always,Yes,Always,1,Fair,Good,Yes,No,Yes,No,18 to 24,Female,High school graduate or GED,No,Black or African American,Yes
Plan D,No,Usually,No,Always,1 time,7,Never,No,10 or more times,Usually,Never,Never,Never,3,No,None,7,Yes,Sometimes,Never,Yes,Always,6,Fair,Excellent,No,Yes,No,Yes,65 to 74,Female,High school graduate or GED,Yes,White,No
Plan C,Yes,Usually,Yes,Never,5 to 9,2,Sometimes,Yes,None,Always,Usually,Never,Always,0,Yes,3,10,No,Sometimes,Usually,Yes,Always,7,Excellent,Very good,Yes,Yes,Yes,Yes,35 to 44,Male,4-year college graduate,No,Asian,No
Plan E,Yes,Usually,Yes,Sometimes,4,1,Usually,No,5 to 9,Always,Sometimes,Never,Usually,10,No,5 or more specialists,6,No,Always,Always,No,Usually,9,Fair,Good,Yes,Yes,Yes,Yes,45 to 54,Female,4-year college graduate,Yes,Native Hawaiian or Other Pacific Islander,Yes
Plan B,No,Never,No,Sometimes,2,2,Usually,No,1 time,Never,Sometimes,Never,Never,7,Yes,4,2,Yes,Always,Usually,No,Sometimes,0,Poor,Very good,No,No,Yes,Yes,65 to 74,Female,Some high school,No,White,Yes
Plan D,Yes,Usually,Yes,Usually,1 time,1,Sometimes,No,None,Sometimes,Sometimes,Usually,Always,0,No,4,9,No,Sometimes,Never,No,Usually,10,Excellent,Good,Yes,No,No,No,35 to 44,Female,8th grade or less,No,Asian,Yes
Plan B,Yes,Always,No,Sometimes,2,2,Always,Yes,3,Never,Never,Usually,Sometimes,10,No,4,10,Yes,Usually,Always,No,Never,8,Good,Excellent,No,No,No,Yes,25 to 34,Female,8th grade or less,Yes,White,Yes
Plan D,Yes,Never,No,Usually,10 or more times,6,Always,Yes,None,Usually,Sometimes,Usually,Sometimes,6,Yes,None,9,Yes,Always,Sometimes,Yes,Usually,0,Poor,Poor,Yes,No,Yes,No,25 to 34,Female,Some high school,No,Other,Yes
Plan B,No,Always,Yes,Sometimes,4,6,Usually,Yes,10 or more times,Usually,Usually,Sometimes,Always,8,Yes,5 or more specialists,7,No,Usually,Always,No,Never,9,Good,Good,Yes,No,No,No,18 to 24,Male,4-year college graduate,Yes,Black or African American,Yes
Plan E,No,Sometimes,Yes,Never,3,4,Never,No,5 to 9,Usually,Sometimes,Usually,Always,1,No,3,3,Yes,Never,Never,No,Sometimes,6,Excellent,Excellent,No,Yes,No,Yes,65 to 74,Female,More than 4-year college degree,Yes,Asian,No
Plan E,Yes,Always,No,Never,4,5,Sometimes,No,None,Usually,Always,Never,Usually,4,No,None,8,No,Never,Usually,No,Usually,6,Fair,Very good,No,Yes,Yes,No,18 to 24,Female,8th grade or less,Yes,Other,No
Plan A,No,Usually,No,Usually,2,10,Always,Yes,2,Usually,Never,Sometimes,Usually,1,Yes,2,3,No,Sometimes,Usually,No,Never,1,Excellent,Very good,No,Yes,Yes,No,25 to 34,Female,Some high school,Yes,Other,Yes
Plan B,Yes,Never,Yes,Sometimes,10 or more times,6,Always,No,1 time,Usually,Sometimes,Sometimes,Always,10,Yes,4,6,Yes,Sometimes,Never,Yes,Always,0,Good,Poor,Yes,No,No,No,75 or older,Female,Some college or 2-year degree,No,Black or African American,No
Plan C,Yes,Never,No,Always,5 to 9,10,Sometimes,No,2,Never,Sometimes,Sometimes,Never,5,Yes,5 or more specialists,5,Yes,Always,Usually,No,Usually,2,Excellent,Good,No,No,No,No,45 to 54,Male,High school graduate or GED,Yes,American Indian or Alaska Native,No
Plan A,No,Never,Yes,Usually,5 to 9,7,Never,Yes,10 or more times,Sometimes,Always,Always,Always,4,No,1 specialist,6,Yes,Sometimes,Usually,Yes,Always,0,Excellent,Fair,No,No,Yes,Yes,18 to 24,Female,More than 4-year college degree,No,White,Yes
Plan E,No,Sometimes,No,Never,4,0,Always,Yes,2,Never,Sometimes,Always,Always,7,Yes,1 specialist,4,No,Sometimes,Always,Yes,Always,5,Very good,Very good,No,Yes,Yes,No,75 or older,Male,4-year college graduate,No,White,Yes
Plan E,Yes,Usually,No,Usually,2,4,Sometimes,Yes,1 time,Usually,Sometimes,Always,Usually,2,Yes,5 or more specialists,2,No,Always,Always,No,Usually,3,Very good,Fair,Yes,Yes,Yes,Yes,35 to 44,Male,High school graduate or GED,Yes,Black or African American,No
Plan A,No,Never,No,Usually,3,0,Never,No,3,Never,Usually,Usually,Always,2,Yes,1 specialist,1,No,Sometimes,Never,No,Usually,2,Very good,Excellent,No,Yes,Yes,Yes,45 to 54,Female,Some high school,Yes,Asian,Yes
Plan D,Yes,Never,Yes,Never,2,4,Never,No,1 time,Always,Usually,Always,Usually,2,Yes,4,4,Yes,Usually,Always,No,Usually,9,Good,Good,No,No,No,Yes,18 to 24,Male,8th grade or less,No,Other,Yes
Plan E,Yes,Always,Yes,Usually,10 or more times,7,Never,No,3,Sometimes,Sometimes,Sometimes,Sometimes,4,Yes,None,1,No,Always,Usually,No,Never,0,Excellent,Excellent,Yes,Yes,No,Yes,65 to 74,Male,More than 4-year college degree,No,Native Hawaiian or Other Pacific Islander,Yes
Plan C,No,Sometimes,Yes,Always,10 or more times,5,Sometimes,No,3,Always,Never,Usually,Always,1,No,2,4,Yes,Usually,Usually,No,Usually,4,Fair,Excellent,Yes,No,Yes,Yes,75 or older,Female,High school graduate or GED,No,Black or African American,Yes
Plan A,Yes,Sometimes,Yes,Never,None,6,Usually,Yes,4,Never,Sometimes,Never,Never,5,No,3,2,Yes,Always,Never,No,Sometimes,10,Very good,Poor,No,Yes,No,No,35 to 44,Male,4-year college graduate,Yes,Native Hawaiian or Other Pacific Islander,No
Plan C,No,Sometimes,No,Sometimes,5 to 9,7,Never,No,None,Never,Always,Usually,Always,10,Yes,2,6,No,Sometimes,Sometimes,No,Never,10,Very good,Poor,No,No,Yes,No,45 to 54,Male,4-year college graduate,Yes,Asian,Yes
Plan E,Yes,Usually,No,Usually,3,4,Sometimes,Yes,5 to 9,Always,Usually,Always,Sometimes,8,Yes,None,1,No,Usually,Always,Yes,Usually,7,Good,Very good,Yes,Yes,No,No,55 to 64,Female,High school graduate or GED,No,Black or African American,Yes
Plan C,No,Always,No,Usually,3,4,Sometimes,No,10 or more times,Usually,Always,Usually,Always,3,No,1 specialist,5,Yes,Usually,Never,Yes,Usually,10,Poor,Very good,No,No,Yes,Yes,55 to 64,Female,High school graduate or GED,No,Native Hawaiian or Other Pacific Islander,Yes
Plan B,Yes,Sometimes,No,Always,2,5,Sometimes,No,5 to 9,Usually,Sometimes,Sometimes,Sometimes,2,No,3,1,No,Always,Always,No,Never,10,Fair,Fair,Yes,No,No,No,25 to 34,Male,4-year college graduate,Yes,Native Hawaiian or Other Pacific Islander,No
Plan A,Yes,Sometimes,Yes,Always,10 or more times,1,Usually,No,10 or more times,Never,Sometimes,Usually,Sometimes,5,No,3,7,No,Always,Sometimes,No,Always,5,Poor,Excellent,Yes,Yes,No,Yes,45 to 54,Male,4-year college graduate,No,Other,Yes
Plan D,Yes,Sometimes,No,Never,4,0,Usually,Yes,10 or more times,Usually,Usually,Always,Always,4,Yes,3,3,No,Usually,Always,Yes,Usually,2,Good,Fair,Yes,No,No,No,65 to 74,Female,4-year college graduate,No,Native Hawaiian or Other Pacific Islander,No
Plan E,Yes,Never,No,Sometimes,1 time,2,Usually,Yes,2,Usually,Sometimes,Usually,Always,10,No,5 or more specialists,6,Yes,Sometimes,Sometimes,Yes,Never,7,Excellent,Excellent,No,No,No,Yes,18 to 24,Male,8th grade or less,No,White,No
Plan E,Yes,Always,Yes,Always,4,1,Never,No,1 time,Always,Sometimes,Always,Sometimes,5,Yes,1 specialist,2,Yes,Never,Always,No,Always,1,Excellent,Fair,Yes,No,Yes,No,65 to 74,Female,8th grade or less,No,Native Hawaiian or Other Pacific Islander,Yes
Plan C,Yes,Always,No,Sometimes,10 or more times,5,Never,No,3,Always,Sometimes,Never,Always,6,No,1 specialist,6,Yes,Always,Never,Yes,Always,3,Very good,Poor,No,Yes,No,No,65 to 74,Female,More than 4-year college degree,Yes,Other,No
Plan C,No,Usually,Yes,Sometimes,4,2,Sometimes,Yes,10 or more times,Never,Sometimes,Always,Never,2,Yes,5 or more specialists,9,Yes,Never,Usually,Yes,Sometimes,7,Fair,Very good,No,Yes,No,No,25 to 34,Female,Some college or 2-year degree,Yes,American Indian or Alaska Native,Yes
Plan B,Yes,Usually,No,Usually,5 to 9,5,Sometimes,Yes,5 to 9,Usually,Sometimes,Sometimes,Never,10,No,None,0,No,Never,Always,No,Sometimes,1,Fair,Excellent,No,No,No,Yes,65 to 74,Male,Some college or 2-year degree,No,Native Hawaiian or Other Pacific Islander,Yes
Plan D,Yes,Never,No,Never,3,5,Usually,No,None,Sometimes,Never,Never,Never,1,No,1 specialist,9,Yes,Usually,Sometimes,No,Always,4,Poor,Good,No,Yes,No,Yes,75 or older,Female,8th grade or less,No,White,Yes
Plan E,No,Never,Yes,Never,5 to 9,3,Never,No,5 to 9,Usually,Usually,Always,Never,0,Yes,None,1,Yes,Usually,Never,Yes,Usually,10,Poor,Fair,Yes,No,Yes,Yes,25 to 34,Male,High school graduate or GED,No,Black or African American,No
Plan A,Yes,Usually,No,Usually,4,7,Never,Yes,10 or more times,Sometimes,Never,Usually,Always,6,Yes,4,0,Yes,Sometimes,Sometimes,No,Never,4,Good,Good,No,No,Yes,Yes,75 or older,Male,More than 4-year college degree,Yes,Black or African American,No
Plan E,No,Never,No,Usually,1 time,4,Always,No,5 to 9,Usually,Never,Always,Sometimes,6,No,2,1,Yes,Sometimes,Usually,Yes,Sometimes,2,Poor,Very good,No,Yes,No,No,35 to 44,Female,8th grade or less,Yes,Native Hawaiian or Other Pacific Islander,No
Plan E,No,Sometimes,Yes,Usually,1 time,8,Always,Yes,None,Never,Always,Never,Never,0,No,1 specialist,6,Yes,Never,Sometimes,No,Sometimes,6,Excellent,Fair,No,No,No,No,18 to 24,Male,Some high school,Yes,Native Hawaiian or Other Pacific Islander,Yes
Plan E,Yes,Always,No,Usually,5 to 9,7,Sometimes,Yes,2,Always,Usually,Usually,Never,1,No,None,2,Yes,Sometimes,Usually,No,Usually,6,Good,Poor,No,Yes,No,Yes,25 to 34,Male,4-year college graduate,Yes,Native Hawaiian or Other Pacific Islander,No
Plan E,Yes,Usually,No,Usually,2,7,Sometimes,Yes,3,Never,Always,Never,Sometimes,9,Yes,5 or more specialists,1,Yes,Usually,Sometimes,Yes,Never,7,Excellent,Excellent,No,No,No,Yes,75 or older,Male,Some high school,No,Other,No
Plan A,Yes,Usually,Yes,Always,4,0,Usually,No,10 or more times,Never,Usually,Sometimes,Usually,0,Yes,2,6,Yes,Always,Always,Yes,Always,2,Poor,Excellent,Yes,No,Yes,Yes,55 to 64,Male,High school graduate or GED,Yes,Other,No
Plan A,Yes,Always,No,Never,10 or more times,3,Never,No,None,Never,Usually,Never,Usually,0,Yes,3,10,Yes,Sometimes,Never,Yes,Always,0,Poor,Excellent,No,Yes,Yes,No,35 to 44,Female,Some high school,No,Other,Yes
Plan C,Yes,Never,Yes,Sometimes,2,4,Always,Yes,4,Usually,Never,Usually,Never,4,No,None,2,Yes,Sometimes,Never,No,Usually,5,Good,Excellent,Yes,Yes,No,Yes,45 to 54,Male,High school graduate or GED,No,Other,Yes
Plan A,Yes,Always,Yes,Always,5 to 9,0,Sometimes,No,4,Usually,Sometimes,Usually,Sometimes,2,No,2,5,No,Usually,Always,Yes,Never,9,Very good,Poor,Yes,No,Yes,Yes,65 to 74,Female,8th grade or less,Yes,Native Hawaiian or Other Pacific Islander,Yes
Plan E,No,Usually,Yes,Usually,None,1,Sometimes,No,5 to 9,Sometimes,Never,Sometimes,Sometimes,6,Yes,None,2,Yes,Usually,Usually,No,Usually,1,Good,Good,No,Yes,Yes,Yes,18 to 24,Female,4-year college graduate,Yes,Other,No
Plan B,No,Sometimes,Yes,Usually,10 or more times,9,Always,No,5 to 9,Sometimes,Never,Usually,Usually,10,Yes,None,5,Yes,Usually,Usually,Yes,Sometimes,4,Excellent,Fair,No,Yes,No,Yes,35 to 44,Male,8th grade or less,No,Other,Yes
Plan E,Yes,Sometimes,Yes,Never,5 to 9,1,Never,No,10 or more times,Always,Sometimes,Usually,Never,4,No,2,3,No,Always,Sometimes,Yes,Always,5,Fair,Very good,Yes,Yes,No,Yes,55 to 64,Male,Some high school,No,Black or African American,Yes
Plan D,No,Never,No,Usually,1 time,4,Never,No,5 to 9,Usually,Always,Never,Usually,4,Yes,4,0,No,Always,Sometimes,Yes,Always,10,Fair,Poor,Yes,No,Yes,Yes,45 to 54,Male,Some high school,No,American Indian or Alaska Native,No
Plan B,No,Sometimes,No,Sometimes,5 to 9,6,Usually,No,2,Usually,Sometimes,Always,Sometimes,7,No,2,4,No,Never,Always,Yes,Never,1,Excellent,Fair,Yes,No,No,Yes,25 to 34,Female,Some college or 2-year degree,Yes,American Indian or Alaska Native,Yes
Plan A,Yes,Sometimes,No,Usually,3,0,Sometimes,No,1 time,Always,Always,Always,Always,1,Yes,None,0,Yes,Usually,Usually,No,Usually,5,Fair,Good,No,Yes,Yes,No,55 to 64,Male,8th grade or less,No,Asian,Yes
Plan B,Yes,Sometimes,Yes,Always,3,0,Always,No,5 to 9,Always,Sometimes,Never,Always,5,Yes,1 specialist,7,Yes,Sometimes,Usually,No,Always,3,Very good,Excellent,Yes,Yes,Yes,No,45 to 54,Female,4-year college graduate,Yes,Black or African American,No
Plan D,Yes,Always,No,Sometimes,None,1,Always,No,1 time,Never,Sometimes,Never,Usually,9,No,1 specialist,8,No,Sometimes,Never,Yes,Always,1,Poor,Very good,No,No,Yes,No,75 or older,Female,4-year college graduate,Yes,Other,Yes
Plan C,Yes,Usually,Yes,Always,5 to 9,4,Always,No,1 time,Never,Never,Always,Usually,2,Yes,None,3,Yes,Always,Usually,Yes,Always,9,Excellent,Excellent,Yes,No,No,No,65 to 74,Male,Some high school,No,White,Yes
Plan D,Yes,Usually,No,Never,3,6,Usually,No,None,Never,Always,Always,Usually,8,No,3,5,Yes,Sometimes,Usually,No,Always,7,Good,Fair,No,Yes,No,Yes,35 to 44,Male,4-year college graduate,Yes,Other,Yes
Plan C,No,Never,No,Usually,None,7,Sometimes,Yes,10 or more times,Usually,Sometimes,Always,Always,1,Yes,3,10,Yes,Always,Usually,Yes,Sometimes,9,Excellent,Fair,Yes,No,No,Yes,18 to 24,Male,4-year college graduate,Yes,White,No
Plan E,No,Always,Yes,Usually,4,4,Always,No,4,Usually,Usually,Sometimes,Usually,2,Yes,3,9,No,Sometimes,Sometimes,Yes,Always,8,Very good,Good,Yes,Yes,Yes,Yes,55 to 64,Male,More than 4-year college degree,Yes,Native Hawaiian or Other Pacific Islander,No
Plan B,No,Usually,Yes,Never,2,0,Usually,No,4,Usually,Always,Usually,Sometimes,5,Yes,1 specialist,8,No,Never,Always,No,Sometimes,2,Excellent,Very good,No,No,No,Yes,18 to 24,Male,4-year college graduate,Yes,Other,No
Plan C,Yes,Usually,No,Always,3,8,Usually,Yes,3,Usually,Never,Always,Sometimes,4,Yes,4,7,Yes,Never,Never,No,Always,5,Poor,Poor,No,No,Yes,Yes,75 or older,Female,High school graduate or GED,No,Black or African American,Yes
Plan B,Yes,Usually,Yes,Never,4,8,Never,No,1 time,Usually,Usually,Usually,Sometimes,4,Yes,4,0,Yes,Always,Never,No,Always,9,Good,Excellent,No,No,No,Yes,45 to 54,Female,8th grade or less,Yes,Black or African American,No
Plan E,Yes,Sometimes,Yes,Usually,10 or more times,9,Usually,Yes,10 or more times,Never,Always,Always,Always,6,No,5 or more specialists,4,No,Sometimes,Sometimes,No,Never,2,Poor,Excellent,Yes,No,Yes,No,18 to 24,Male,8th grade or less,Yes,Black or African American,Yes
Plan B,Yes,Never,No,Never,4,4,Always,No,3,Always,Usually,Always,Usually,9,Yes,1 specialist,6,No,Usually,Sometimes,No,Usually,6,Fair,Excellent,Yes,Yes,Yes,No,35 to 44,Male,8th grade or less,No,American Indian or Alaska Native,No
Plan C,No,Never,Yes,Usually,2,9,Sometimes,No,2,Sometimes,Always,Sometimes,Sometimes,9,Yes,4,9,Yes,Never,Usually,Yes,Sometimes,10,Poor,Excellent,Yes,No,Yes,Yes,35 to 44,Female,4-year college graduate,Yes,Asian,Yes
Plan E,Yes,Always,No,Always,1 time,6,Never,No,10 or more times,Usually,Sometimes,Never,Never,8,No,1 specialist,0,No,Sometimes,Sometimes,No,Sometimes,5,Fair,Fair,No,Yes,No,Yes,25 to 34,Female,4-year college graduate,Yes,Asian,Yes
Plan A,No,Sometimes,Yes,Sometimes,1 time,6,Usually,Yes,2,Never,Usually,Never,Sometimes,3,Yes,3,0,No,Always,Never,Yes,Never,5,Good,Very good,Yes,Yes,No,Yes,65 to 74,Male,8th grade or less,Yes,White,No
Plan E,No,Always,No,Always,4,4,Sometimes,Yes,4,Never,Sometimes,Never,Sometimes,1,No,3,5,No,Sometimes,Never,No,Always,6,Good,Fair,Yes,No,No,Yes,55 to 64,Male,Some high school,Yes,White,Yes
Plan E,No,Sometimes,Yes,Never,4,1,Usually,No,5 to 9,Usually,Always,Usually,Sometimes,9,Yes,1 specialist,8,Yes,Always,Always,No,Never,2,Fair,Good,Yes,Yes,Yes,Yes,25 to 34,Female,High school graduate or GED,No,Asian,Yes
Plan E,No,Always,No,Sometimes,1 time,3,Never,No,None,Always,Sometimes,Usually,Sometimes,2,No,4,1,No,Sometimes,Always,No,Sometimes,8,Good,Poor,Yes,Yes,Yes,No,75 or older,Male,More than 4-year college degree,Yes,Black or African American,No
Plan C,No,Always,Yes,Usually,2,1,Sometimes,Yes,1 time,Usually,Never,Never,Usually,5,No,5 or more specialists,10,No,Never,Always,No,Always,6,Very good,Good,No,No,Yes,No,45 to 54,Female,More than 4-year college degree,Yes,Black or African American,No
Plan C,Yes,Never,Yes,Usually,1 time,3,Never,No,5 to 9,Never,Sometimes,Never,Sometimes,0,No,1 specialist,2,No,Usually,Always,No,Always,9,Poor,Good,No,Yes,No,Yes,45 to 54,Male,8th grade or less,Yes,Black or African American,No
Plan E,No,Never,No,Sometimes,None,0,Always,Yes,3,Usually,Usually,Never,Sometimes,6,Yes,4,3,Yes,Usually,Sometimes,No,Usually,5,Very good,Good,No,No,No,Yes,18 to 24,Female,Some college or 2-year degree,No,White,No
Plan C,No,Never,No,Never,1 time,3,Never,Yes,None,Usually,Always,Usually,Never,0,No,1 specialist,0,No,Sometimes,Sometimes,No,Always,3,Poor,Excellent,No,No,No,Yes,75 or older,Female,Some high school,Yes,Native Hawaiian or Other Pacific Islander,Yes
Plan A,No,Sometimes,Yes,Always,10 or more times,1,Usually,Yes,None,Usually,Always,Usually,Never,8,No,4,7,Yes,Always,Always,Yes,Usually,5,Very good,Good,Yes,Yes,No,Yes,55 to 64,Female,High school graduate or GED,No,Black or African American,Yes
Plan C,No,Always,Yes,Always,10 or more times,3,Usually,Yes,1 time,Sometimes,Sometimes,Never,Always,2,No,1 specialist,10,No,Never,Always,Yes,Always,9,Very good,Good,Yes,Yes,No,Yes,45 to 54,Female,Some high school,No,Native Hawaiian or Other Pacific Islander,Yes
Plan D,No,Usually,No,Sometimes,4,8,Never,Yes,None,Never,Sometimes,Sometimes,Never,6,No,None,3,Yes,Sometimes,Usually,No,Always,8,Excellent,Fair,No,No,Yes,No,45 to 54,Female,Some high school,No,Native Hawaiian or Other Pacific Islander,Yes
Plan B,Yes,Sometimes,Yes,Usually,10 or more times,3,Always,No,1 time,Sometimes,Sometimes,Always,Always,10,No,1 specialist,5,No,Always,Always,Yes,Usually,10,Excellent,Poor,Yes,Yes,No,Yes,55 to 64,Male,Some high school,Yes,White,No
Plan B,No,Usually,No,Usually,4,7,Usually,No,2,Usually,Sometimes,Sometimes,Sometimes,5,Yes,2,1,No,Always,Always,Yes,Usually,9,Good,Excellent,Yes,No,Yes,Yes,18 to 24,Female,More than 4-year college degree,Yes,Black or African American,Yes
Plan A,Yes,Always,No,Sometimes,1 time,4,Usually,No,2,Never,Usually,Never,Usually,5,Yes,4,7,Yes,Never,Usually,Yes,Never,10,Poor,Excellent,Yes,No,No,Yes,55 to 64,Female,4-year college graduate,No,American Indian or Alaska Native,Yes
Plan C,No,Never,No,Usually,2,0,Never,Yes,None,Never,Always,Usually,Always,10,Yes,3,8,No,Always,Usually,No,Never,0,Poor,Excellent,Yes,No,No,No,75 or older,Female,8th grade or less,No,American Indian or Alaska Native,Yes
Plan D,No,Always,Yes,Never,4,2,Usually,No,5 to 9,Usually,Never,Always,Usually,5,No,2,5,No,Sometimes,Usually,No,Sometimes,4,Poor,Excellent,No,No,Yes,Yes,75 or older,Female,Some high school,No,American Indian or Alaska Native,No
Plan E,No,Always,No,Usually,5 to 9,1,Usually,Yes,2,Usually,Never,Always,Never,3,Yes,4,4,No,Usually,Never,Yes,Never,7,Very good,Poor,No,Yes,No,No,45 to 54,Female,Some college or 2-year degree,Yes,Other,No
Plan C,No,Usually,No,Usually,4,4,Always,No,2,Sometimes,Usually,Never,Sometimes,0,No,2,1,No,Never,Usually,Yes,Usually,0,Fair,Excellent,No,No,No,Yes,18 to 24,Male,8th grade or less,Yes,Other,No
Plan D,No,Sometimes,Yes,Always,3,1,Usually,Yes,None,Sometimes,Sometimes,Sometimes,Usually,0,No,None,9,Yes,Sometimes,Never,No,Sometimes,10,Poor,Very good,Yes,Yes,Yes,Yes,75 or older,Female,Some college or 2-year degree,Yes,Asian,No
Plan E,Yes,Never,No,Usually,3,4,Never,Yes,2,Always,Always,Sometimes,Always,7,Yes,5 or more specialists,5,Yes,Sometimes,Always,Yes,Never,7,Fair,Excellent,Yes,No,Yes,No,55 to 64,Female,Some high school,No,American Indian or Alaska Native,Yes
Plan B,No,Never,Yes,Always,5 to 9,0,Sometimes,No,4,Sometimes,Sometimes,Never,Always,0,Yes,2,2,Yes,Sometimes,Usually,No,Sometimes,1,Poor,Very good,No,No,No,No,35 to 44,Male,4-year college graduate,No,American Indian or Alaska Native,Yes
Plan C,Yes,Usually,No,Usually,10 or more times,6,Always,No,1 time,Always,Usually,Usually,Usually,1,No,3,0,No,Usually,Usually,Yes,Always,6,Very good,Very good,No,Yes,Yes,No,35 to 44,Female,8th grade or less,Yes,White,No
Plan D,No,Usually,No,Never,10 or more times,1,Usually,No,4,Always,Always,Usually,Usually,3,Yes,4,5,Yes,Never,Always,Yes,Sometimes,7,Poor,Very good,Yes,Yes,No,No,18 to 24,Male,High school graduate or GED,No,Other,Yes
Plan A,Yes,Always,No,Always,10 or more times,8,Usually,Yes,3,Sometimes,Always,Sometimes,Always,1,No,None,10,Yes,Always,Sometimes,No,Always,1,Excellent,Poor,No,Yes,Yes,Yes,18 to 24,Female,4-year college graduate,Yes,White,Yes
Plan D,No,Usually,No,Always,1 time,10,Never,No,4,Always,Never,Sometimes,Sometimes,10,Yes,None,7,Yes,Never,Never,No,Never,6,Poor,Very good,Yes,Yes,No,Yes,25 to 34,Female,Some high school,Yes,American Indian or Alaska Native,No
Plan C,Yes,Usually,No,Usually,3,0,Usually,Yes,4,Usually,Never,Sometimes,Sometimes,3,No,4,5,No,Usually,Always,Yes,Always,4,Very good,Good,Yes,Yes,No,Yes,45 to 54,Male,High school graduate or GED,Yes,Other,Yes
Plan E,Yes,Never,Yes,Never,4,0,Never,Yes,4,Always,Always,Usually,Usually,8,No,2,7,No,Always,Never,No,Usually,5,Poor,Very good,No,No,No,No,45 to 54,Male,8th grade or less,No,Asian,No
Plan B,No,Never,No,Always,10 or more times,1,Usually,No,4,Always,Sometimes,Sometimes,Sometimes,8,Yes,1 specialist,8,Yes,Sometimes,Usually,No,Always,9,Fair,Fair,No,Yes,No,Yes,25 to 34,Female,Some high school,No,Black or African American,No
Plan A,No,Sometimes,No,Usually,None,9,Usually,Yes,1 time,Sometimes,Usually,Never,Usually,8,No,1 specialist,5,No,Usually,Usually,No,Always,4,Poor,Excellent,No,Yes,No,No,25 to 34,Female,8th grade or less,No,Black or African American,Yes
Plan D,No,Never,Yes,Always,2,1,Sometimes,No,5 to 9,Usually,Sometimes,Usually,Always,3,Yes,2,6,Yes,Sometimes,Never,No,Always,5,Poor,Fair,No,No,Yes,Yes,18 to 24,Female,High school graduate or GED,No,White,Yes
Plan D,Yes,Sometimes,Yes,Always,10 or more times,6,Never,Yes,4,Sometimes,Sometimes,Sometimes,Always,1,Yes,5 or more specialists,2,No,Never,Always,Yes,Always,10,Good,Fair,Yes,Yes,No,Yes,45 to 54,Male,High school graduate or GED,No,American Indian or Alaska Native,No
Plan A,Yes,Never,Yes,Never,4,7,Usually,Yes,2,Sometimes,Always,Sometimes,Always,2,No,2,8,No,Always,Usually,Yes,Usually,9,Good,Fair,No,Yes,No,No,45 to 54,Female,Some high school,Yes,Black or African American,No
Plan B,No,Sometimes,No,Never,5 to 9,8,Never,No,10 or more times,Always,Usually,Usually,Always,2,No,5 or more specialists,6,No,Usually,Never,Yes,Usually,5,Very good,Excellent,Yes,No,Yes,Yes,25 to 34,Male,More than 4-year college degree,No,White,No
Plan C,No,Usually,Yes,Always,2,5,Usually,No,3,Usually,Sometimes,Sometimes,Never,0,Yes,3,8,No,Usually,Never,Yes,Never,4,Poor,Good,No,Yes,No,Yes,18 to 24,Male,4-year college graduate,No,White,Yes
Plan C,No,Sometimes,Yes,Always,1 time,2,Usually,No,10 or more times,Usually,Always,Never,Sometimes,7,No,3,6,No,Usually,Always,No,Usually,2,Poor,Very good,No,No,Yes,No,25 to 34,Male,8th grade or less,Yes,White,No
Plan E,No,Always,Yes,Never,10 or more times,2,Never,No,4,Never,Never,Usually,Always,8,Yes,3,8,Yes,Never,Usually,Yes,Sometimes,3,Poor,Poor,No,Yes,No,Yes,18 to 24,Male,8th grade or less,No,White,No
Plan B,Yes,Usually,No,Always,3,6,Sometimes,No,1 time,Usually,Sometimes,Always,Sometimes,10,Yes,4,5,Yes,Sometimes,Usually,No,Always,3,Fair,Poor,No,Yes,No,Yes,45 to 54,Male,Some college or 2-year degree,Yes,Other,Yes
Plan D,Yes,Usually,No,Always,10 or more times,6,Never,Yes,1 time,Usually,Usually,Never,Usually,2,No,2,4,No,Usually,Sometimes,Yes,Usually,4,Poor,Very good,Yes,No,No,No,55 to 64,Female,8th grade or less,Yes,Asian,Yes
Plan E,No,Usually,No,Always,None,9,Usually,Yes,10 or more times,Usually,Sometimes,Never,Never,1,Yes,None,1,No,Always,Sometimes,No,Usually,8,Excellent,Very good,No,Yes,Yes,Yes,45 to 54,Female,More than 4-year college degree,Yes,White,No
Plan B,Yes,Usually,Yes,Always,2,0,Usually,No,1 time,Never,Always,Usually,Usually,1,No,1 specialist,2,No,Sometimes,Never,No,Sometimes,3,Good,Very good,No,Yes,Yes,Yes,35 to 44,Male,High school graduate or GED,No,American Indian or Alaska Native,No
Plan B,Yes,Usually,Yes,Usually,3,10,Sometimes,Yes,3,Never,Never,Sometimes,Sometimes,9,Yes,None,4,No,Usually,Usually,Yes,Never,1,Poor,Poor,No,Yes,Yes,No,25 to 34,Female,4-year college graduate,Yes,Asian,No
Plan E,Yes,Never,Yes,Always,1 time,8,Always,Yes,3,Always,Usually,Always,Sometimes,7,Yes,5 or more specialists,8,Yes,Usually,Never,No,Always,9,Good,Good,No,Yes,No,Yes,55 to 64,Male,4-year college graduate,Yes,American Indian or Alaska Native,No
Plan A,Yes,Usually,No,Always,None,10,Usually,No,1 time,Sometimes,Always,Always,Usually,1,Yes,3,2,Yes,Always,Usually,No,Sometimes,4,Poor,Poor,No,Yes,Yes,No,25 to 34,Male,Some high school,Yes,Native Hawaiian or Other Pacific Islander,Yes
Plan E,No,Always,Yes,Always,5 to 9,7,Never,Yes,5 to 9,Never,Sometimes,Always,Always,6,No,2,4,No,Usually,Usually,No,Always,9,Fair,Good,No,No,Yes,No,45 to 54,Male,High school graduate or GED,Yes,American Indian or Alaska Native,No
Plan C,No,Never,Yes,Always,5 to 9,6,Usually,Yes,2,Always,Always,Never,Always,6,No,4,1,No,Sometimes,Never,No,Never,6,Good,Very good,Yes,Yes,Yes,No,35 to 44,Female,8th grade or less,No,Other,No
Plan E,No,Usually,No,Sometimes,3,6,Never,Yes,2,Usually,Always,Always,Usually,3,No,4,5,No,Sometimes,Never,Yes,Always,1,Fair,Excellent,Yes,No,Yes,No,35 to 44,Male,High school graduate or GED,No,Asian,Yes
Plan E,No,Sometimes,Yes,Never,4,4,Never,Yes,10 or more times,Never,Usually,Never,Sometimes,4,No,4,5,Yes,Never,Always,Yes,Never,9,Good,Poor,No,Yes,No,Yes,25 to 34,Female,High school graduate or GED,Yes,Other,Yes
Plan D,No,Usually,No,Sometimes,3,5,Always,No,2,Usually,Always,Usually,Always,3,No,2,8,No,Never,Sometimes,Yes,Usually,8,Good,Fair,No,Yes,No,Yes,35 to 44,Female,High school graduate or GED,Yes,Native Hawaiian or Other Pacific Islander,No
Plan C,No,Never,No,Sometimes,None,0,Always,No,None,Sometimes,Always,Sometimes,Never,8,Yes,5 or more specialists,0,Yes,Usually,Sometimes,Yes,Sometimes,9,Fair,Very good,No,No,Yes,No,35 to 44,Male,High school graduate or GED,Yes,American Indian or Alaska Native,Yes
Plan D,No,Always,Yes,Never,2,0,Sometimes,Yes,5 to 9,Usually,Sometimes,Always,Usually,3,No,5 or more specialists,5,No,Sometimes,Usually,Yes,Always,2,Excellent,Good,Yes,Yes,Yes,Yes,75 or older,Male,4-year college graduate,Yes,Other,No
Plan C,Yes,Never,Yes,Usually,1 time,7,Sometimes,Yes,3,Sometimes,Usually,Never,Sometimes,3,No,2,8,Yes,Sometimes,Always,Yes,Never,7,Fair,Excellent,Yes,No,No,Yes,35 to 44,Female,More than 4-year college degree,No,American Indian or Alaska Native,No
Plan B,No,Never,Yes,Sometimes,3,5,Always,Yes,2,Never,Never,Usually,Sometimes,7,Yes,1 specialist,4,No,Never,Sometimes,No,Always,2,Excellent,Excellent,No,No,Yes,No,35 to 44,Male,8th grade or less,Yes,American Indian or Alaska Native,Yes
Plan A,No,Usually,Yes,Always,4,10,Never,Yes,3,Usually,Always,Usually,Usually,3,Yes,1 specialist,7,Yes,Always,Never,Yes,Usually,2,Very good,Fair,Yes,Yes,Yes,No,65 to 74,Female,More than 4-year college degree,Yes,Asian,No
Plan B,Yes,Usually,No,Never,3,9,Sometimes,Yes,10 or more times,Always,Always,Never,Always,9,No,4,10,Yes,Usually,Never,No,Never,3,Fair,Fair,Yes,No,Yes,Yes,45 to 54,Female,Some college or 2-year degree,No,American Indian or Alaska Native,No
Plan D,Yes,Always,Yes,Never,3,10,Never,No,2,Usually,Never,Usually,Always,2,Yes,5 or more specialists,6,Yes,Always,Usually,Yes,Never,7,Poor,Very good,No,Yes,No,No,75 or older,Male,Some college or 2-year degree,No,Other,No
Plan B,Yes,Never,No,Sometimes,5 to 9,8,Always,Yes,4,Sometimes,Sometimes,Usually,Never,5,No,3,4,No,Never,Always,No,Usually,5,Poor,Poor,Yes,Yes,Yes,Yes,55 to 64,Female,High school graduate or GED,Yes,Other,No
Plan B,No,Always,No,Never,5 to 9,10,Sometimes,No,None,Never,Sometimes,Usually,Usually,0,Yes,None,3,No,Usually,Never,No,Usually,10,Very good,Fair,Yes,No,No,Yes,55 to 64,Female,Some college or 2-year degree,Yes,Native Hawaiian or Other Pacific Islander,No
Plan A,No,Never,No,Sometimes,4,8,Usually,No,2,Usually,Sometimes,Usually,Sometimes,3,No,None,3,No,Never,Never,Yes,Usually,7,Good,Excellent,No,Yes,Yes,Yes,35 to 44,Male,4-year college graduate,Yes,Other,No
Plan B,Yes,Never,No,Never,None,6,Sometimes,Yes,1 time,Sometimes,Never,Usually,Usually,5,Yes,None,6,Yes,Always,Sometimes,No,Sometimes,7,Very good,Excellent,No,Yes,Yes,Yes,45 to 54,Female,High school graduate or GED,No,Other,Yes
Plan A,No,Never,Yes,Usually,5 to 9,8,Always,Yes,3,Never,Sometimes,Sometimes,Usually,1,Yes,1 specialist,8,No,Never,Never,Yes,Usually,4,Poor,Poor,No,Yes,Yes,No,55 to 64,Male,More than 4-year college degree,No,Black or African American,Yes
Plan C,Yes,Sometimes,No,Usually,1 time,5,Always,No,3,Usually,Usually,Never,Never,1,No,1 specialist,0,No,Always,Always,Yes,Never,0,Poor,Very good,Yes,No,No,No,35 to 44,Male,8th grade or less,No,Black or African American,Yes
Plan E,Yes,Never,No,Usually,2,7,Always,Yes,10 or more times,Always,Never,Never,Sometimes,1,No,1 specialist,1,Yes,Always,Always,Yes,Sometimes,1,Very good,Fair,Yes,Yes,No,Yes,75 or older,Female,Some college or 2-year degree,Yes,Asian,No
Plan D,Yes,Sometimes,No,Never,1 time,9,Sometimes,Yes,1 time,Usually,Usually,Sometimes,Never,5,Yes,5 or more specialists,10,Yes,Always,Always,No,Sometimes,8,Poor,Poor,No,No,Yes,No,75 or older,Female,4-year college graduate,No,White,Yes
Plan C,Yes,Usually,Yes,Always,5 to 9,9,Never,Yes,10 or more times,Always,Never,Always,Sometimes,8,No,5 or more specialists,4,No,Sometimes,Sometimes,Yes,Never,8,Good,Excellent,No,Yes,No,Yes,55 to 64,Male,Some high school,Yes,Asian,No
Plan C,No,Sometimes,Yes,Never,3,10,Sometimes,No,2,Usually,Never,Always,Sometimes,6,Yes,4,1,No,Usually,Sometimes,No,Never,0,Fair,Good,No,No,No,No,18 to 24,Male,High school graduate or GED,No,Native Hawaiian or Other Pacific Islander,No
Plan A,No,Never,Yes,Sometimes,3,9,Usually,No,3,Sometimes,Sometimes,Never,Sometimes,8,No,1 specialist,0,No,Never,Never,Yes,Usually,8,Excellent,Fair,No,No,No,No,65 to 74,Female,Some high school,No,Black or African American,Yes
Plan C,Yes,Usually,No,Sometimes,2,7,Always,No,1 time,Always,Always,Sometimes,Sometimes,5,Yes,4,8,Yes,Usually,Always,Yes,Always,10,Fair,Good,Yes,No,Yes,No,65 to 74,Female,More than 4-year college degree,No,White,No
Plan D,Yes,Never,Yes,Usually,2,3,Sometimes,Yes,1 time,Sometimes,Never,Sometimes,Sometimes,2,Yes,2,5,No,Sometimes,Sometimes,Yes,Sometimes,3,Excellent,Poor,Yes,Yes,Yes,Yes,18 to 24,Male,More than 4-year college degree,Yes,Asian,Yes
Plan B,No,Always,Yes,Usually,10 or more times,9,Never,Yes,1 time,Sometimes,Usually,Sometimes,Sometimes,3,No,5 or more specialists,9,No,Always,Sometimes,Yes,Usually,1,Excellent,Fair,Yes,No,No,Yes,75 or older,Male,8th grade or less,Yes,Black or African American,No
Plan D,No,Sometimes,No,Never,1 time,9,Usually,Yes,3,Always,Always,Sometimes,Sometimes,0,No,2,9,No,Never,Always,Yes,Never,0,Good,Fair,Yes,No,No,Yes,35 to 44,Female,More than 4-year college degree,No,Native Hawaiian or Other Pacific Islander,Yes
Plan D,No,Always,Yes,Usually,None,2,Usually,No,2,Never,Always,Never,Never,5,No,1 specialist,8,Yes,Always,Never,Yes,Usually,6,Very good,Excellent,No,Yes,No,No,45 to 54,Female,4-year college graduate,No,Other,No
Plan D,Yes,Usually,Yes,Sometimes,None,8,Always,Yes,5 to 9,Sometimes,Never,Usually,Usually,4,Yes,None,0,Yes,Usually,Usually,No,Never,2,Good,Good,No,Yes,No,No,65 to 74,Male,High school graduate or GED,No,Asian,No
Plan C,Yes,Always,No,Never,5 to 9,6,Never,Yes,None,Always,Sometimes,Never,Never,4,Yes,2,6,No,Usually,Never,Yes,Never,4,Poor,Very good,No,No,No,No,75 or older,Female,4-year college graduate,No,Black or African American,Yes
Plan B,Yes,Never,No,Never,4,5,Usually,No,5 to 9,Never,Sometimes,Never,Never,3,Yes,3,10,No,Sometimes,Usually,No,Usually,0,Very good,Good,Yes,Yes,Yes,No,45 to 54,Male,More than 4-year college degree,Yes,Other,No
Plan E,No,Never,No,Sometimes,1 time,7,Usually,No,3,Always,Sometimes,Never,Never,6,No,2,3,Yes,Sometimes,Never,No,Sometimes,9,Poor,Good,Yes,No,No,No,18 to 24,Female,Some college or 2-year degree,No,Black or African American,No
Plan B,No,Usually,No,Sometimes,None,3,Always,No,4,Usually,Never,Never,Sometimes,10,Yes,1 specialist,3,No,Always,Never,Yes,Never,5,Fair,Good,No,Yes,No,No,35 to 44,Female,4-year college graduate,Yes,Asian,Yes
Plan E,No,Usually,Yes,Never,1 time,7,Sometimes,Yes,5 to 9,Usually,Sometimes,Usually,Sometimes,1,No,3,2,No,Sometimes,Never,No,Usually,2,Poor,Fair,Yes,Yes,Yes,Yes,45 to 54,Female,High school graduate or GED,Yes,Black or African American,Yes
Plan D,No,Never,Yes,Always,None,0,Usually,No,10 or more times,Always,Always,Sometimes,Always,9,Yes,None,3,No,Sometimes,Usually,No,Never,8,Very good,Fair,No,Yes,No,Yes,65 to 74,Female,Some high school,No,Black or African American,Yes
Plan E,No,Always,Yes,Usually,1 time,9,Always,No,None,Never,Always,Sometimes,Usually,9,Yes,1 specialist,10,Yes,Usually,Sometimes,Yes,Never,1,Good,Very good,Yes,Yes,Yes,No,65 to 74,Male,Some high school,Yes,Black or African American,Yes
Plan A,No,Always,No,Sometimes,4,1,Never,Yes,10 or more times,Sometimes,Sometimes,Never,Sometimes,0,Yes,3,0,Yes,Usually,Always,Yes,Never,7,Excellent,Good,No,No,No,Yes,55 to 64,Male,4-year college graduate,Yes,White,No
Plan B,Yes,Usually,No,Always,None,7,Usually,No,None,Usually,Usually,Sometimes,Always,9,No,4,9,No,Usually,Always,No,Never,9,Good,Good,No,No,No,No,18 to 24,Male,Some high school,Yes,White,Yes
Plan E,No,Sometimes,Yes,Always,3,10,Sometimes,No,4,Sometimes,Usually,Usually,Never,2,No,1 specialist,10,No,Sometimes,Never,No,Always,4,Excellent,Fair,No,No,No,No,55 to 64,Female,Some high school,Yes,Asian,Yes
Plan D,Yes,Sometimes,Yes,Always,1 time,5,Sometimes,Yes,None,Usually,Usually,Sometimes,Sometimes,6,No,None,5,No,Usually,Never,Yes,Never,2,Excellent,Poor,No,Yes,No,Yes,25 to 34,Female,8th grade or less,No,White,Yes
Plan A,No,Never,Yes,Sometimes,1 time,8,Always,No,5 to 9,Usually,Sometimes,Sometimes,Usually,8,No,4,3,No,Usually,Usually,No,Sometimes,6,Excellent,Fair,Yes,No,No,No,35 to 44,Male,4-year college graduate,Yes,Native Hawaiian or Other Pacific Islander,No
Plan E,No,Never,No,Usually,5 to 9,4,Never,No,4,Always,Usually,Usually,Never,6,No,4,6,Yes,Never,Never,Yes,Always,8,Fair,Fair,Yes,No,No,Yes,18 to 24,Female,Some college or 2-year degree,No,Black or African American,No
Plan B,No,Never,No,Usually,5 to 9,6,Always,Yes,5 to 9,Usually,Never,Never,Never,0,Yes,None,0,No,Always,Always,No,Always,7,Fair,Poor,No,Yes,No,Yes,18 to 24,Female,Some college or 2-year degree,Yes,American Indian or Alaska Native,Yes
Plan D,No,Sometimes,No,Usually,5 to 9,0,Sometimes,Yes,5 to 9,Always,Never,Always,Sometimes,5,No,3,1,Yes,Sometimes,Usually,Yes,Always,7,Excellent,Excellent,No,Yes,Yes,No,25 to 34,Male,High school graduate or GED,Yes,Other,Yes
Plan C,Yes,Never,Yes,Always,3,6,Never,Yes,10 or more times,Never,Never,Usually,Never,10,Yes,1 specialist,0,No,Always,Sometimes,Yes,Usually,6,Good,Very good,No,No,No,Yes,45 to 54,Female,Some high school,No,Native Hawaiian or Other Pacific Islander,No
Plan A,No,Sometimes,No,Sometimes,1 time,5,Sometimes,Yes,4,Always,Never,Sometimes,Usually,7,Yes,None,0,No,Usually,Usually,Yes,Always,6,Poor,Fair,No,Yes,No,Yes,55 to 64,Male,More than 4-year college degree,Yes,Black or African American,No
Plan B,Yes,Usually,No,Never,None,7,Never,No,3,Never,Sometimes,Sometimes,Sometimes,1,No,5 or more specialists,9,No,Sometimes,Always,No,Usually,6,Good,Poor,No,Yes,No,Yes,35 to 44,Male,8th grade or less,Yes,Black or African American,No
Plan D,No,Sometimes,No,Always,3,8,Always,Yes,5 to 9,Never,Never,Sometimes,Always,2,Yes,1 specialist,10,Yes,Sometimes,Always,Yes,Usually,3,Excellent,Poor,Yes,Yes,Yes,Yes,18 to 24,Female,4-year college graduate,No,American Indian or Alaska Native,No
Plan E,No,Never,No,Sometimes,1 time,7,Usually,Yes,5 to 9,Always,Sometimes,Always,Never,6,No,3,1,Yes,Always,Sometimes,No,Always,10,Excellent,Very good,No,No,Yes,No,55 to 64,Female,8th grade or less,No,White,Yes
Plan C,No,Usually,Yes,Always,1 time,6,Usually,No,5 to 9,Usually,Usually,Usually,Usually,7,No,4,4,Yes,Usually,Sometimes,Yes,Never,2,Poor,Poor,No,Yes,No,No,55 to 64,Female,Some college or 2-year degree,No,White,No
Plan C,Yes,Sometimes,Yes,Never,None,9,Sometimes,No,10 or more times,Sometimes,Usually,Sometimes,Always,1,Yes,None,1,No,Always,Usually,Yes,Usually,6,Very good,Fair,Yes,No,No,Yes,45 to 54,Male,More than 4-year college degree,Yes,Black or African American,Yes
Plan B,Yes,Sometimes,Yes,Always,None,9,Sometimes,Yes,None,Sometimes,Sometimes,Sometimes,Usually,4,Yes,None,8,No,Never,Usually,No,Usually,10,Good,Fair,Yes,Yes,No,Yes,18 to 24,Female,Some high school,Yes,Black or African American,No
Plan A,Yes,Sometimes,Yes,Usually,3,4,Always,Yes,5 to 9,Never,Always,Always,Never,6,Yes,2,2,No,Usually,Never,Yes,Never,5,Fair,Very good,Yes,No,Yes,Yes,75 or older,Male,More than 4-year college degree,No,Native Hawaiian or Other Pacific Islander,Yes
Plan E,No,Usually,No,Sometimes,4,8,Sometimes,Yes,2,Always,Never,Sometimes,Always,1,Yes,4,10,Yes,Sometimes,Always,No,Sometimes,10,Excellent,Excellent,Yes,No,No,Yes,35 to 44,Female,4-year college graduate,Yes,Black or African American,Yes
Plan D,Yes,Never,Yes,Never,3,2,Sometimes,Yes,1 time,Always,Never,Usually,Never,9,Yes,1 specialist,4,No,Sometimes,Always,No,Always,7,Very good,Very good,Yes,Yes,Yes,No,75 or older,Male,4-year college graduate,No,White,Yes
Plan E,Yes,Always,Yes,Always,2,5,Never,No,2,Never,Usually,Never,Always,3,Yes,1 specialist,8,No,Sometimes,Sometimes,Yes,Never,6,Excellent,Fair,No,Yes,No,No,75 or older,Male,8th grade or less,No,Asian,Yes
Plan C,Yes,Never,No,Always,10 or more times,10,Usually,No,10 or more times,Never,Never,Always,Sometimes,10,Yes,None,8,Yes,Never,Never,No,Sometimes,2,Very good,Very good,No,Yes,Yes,No,75 or older,Female,8th grade or less,Yes,White,Yes
Plan A,No,Sometimes,Yes,Never,1 time,8,Sometimes,Yes,None,Sometimes,Always,Never,Sometimes,3,No,3,1,Yes,Usually,Always,Yes,Always,7,Very good,Poor,No,Yes,No,Yes,25 to 34,Female,High school graduate or GED,Yes,White,No
Plan B,No,Usually,Yes,Never,5 to 9,7,Sometimes,No,10 or more times,Never,Always,Always,Usually,7,Yes,5 or more specialists,3,No,Usually,Usually,No,Usually,5,Poor,Very good,Yes,No,Yes,No,65 to 74,Male,4-year college graduate,No,Asian,Yes
Plan D,Yes,Usually,No,Never,5 to 9,8,Always,No,5 to 9,Usually,Usually,Never,Never,5,No,1 specialist,7,Yes,Never,Always,No,Usually,5,Good,Excellent,No,Yes,Yes,No,45 to 54,Male,4-year college graduate,No,Asian,Yes
Plan C,No,Usually,Yes,Always,5 to 9,4,Usually,Yes,3,Usually,Never,Never,Usually,4,Yes,None,8,Yes,Sometimes,Always,Yes,Never,5,Good,Good,Yes,No,No,No,75 or older,Female,High school graduate or GED,No,Other,No
Plan C,No,Sometimes,Yes,Never,2,2,Sometimes,No,5 to 9,Always,Always,Usually,Usually,5,No,1 specialist,3,Yes,Sometimes,Sometimes,No,Always,8,Very good,Excellent,No,Yes,Yes,No,75 or older,Female,Some college or 2-year degree,Yes,Native Hawaiian or Other Pacific Islander,Yes
Plan D,No,Usually,Yes,Never,None,7,Never,Yes,5 to 9,Usually,Never,Usually,Sometimes,8,No,5 or more specialists,9,No,Always,Sometimes,No,Never,0,Fair,Good,No,Yes,Yes,Yes,45 to 54,Male,Some college or 2-year degree,No,Asian,Yes
Plan A,Yes,Sometimes,No,Always,10 or more times,0,Always,No,3,Usually,Sometimes,Never,Always,1,No,5 or more specialists,7,Yes,Usually,Always,Yes,Always,4,Poor,Good,Yes,No,No,Yes,45 to 54,Male,More than 4-year college degree,Yes,Other,No
Plan E,Yes,Never,No,Always,3,10,Usually,Yes,1 time,Sometimes,Usually,Sometimes,Sometimes,6,No,5 or more specialists,8,No,Always,Always,No,Sometimes,1,Very good,Very good,Yes,Yes,Yes,Yes,45 to 54,Female,8th grade or less,Yes,Native Hawaiian or Other Pacific Islander,Yes
Plan A,Yes,Sometimes,Yes,Sometimes,1 time,3,Usually,Yes,2,Usually,Sometimes,Never,Usually,0,No,5 or more specialists,1,No,Sometimes,Never,No,Never,10,Excellent,Very good,Yes,Yes,No,Yes,18 to 24,Male,8th grade or less,No,American Indian or Alaska Native,No
Plan A,No,Never,Yes,Never,4,8,Sometimes,No,None,Always,Sometimes,Sometimes,Sometimes,8,Yes,2,7,Yes,Usually,Always,No,Sometimes,9,Fair,Excellent,No,No,Yes,No,35 to 44,Male,4-year college graduate,Yes,White,Yes
Plan E,No,Usually,No,Always,2,9,Never,No,None,Sometimes,Always,Always,Usually,0,Yes,2,1,Yes,Sometimes,Always,Yes,Sometimes,3,Good,Good,No,No,Yes,Yes,75 or older,Male,More than 4-year college degree,Yes,Other,Yes
Plan E,Yes,Never,No,Always,1 time,2,Always,No,1 time,Always,Sometimes,Sometimes,Usually,9,No,2,2,No,Sometimes,Sometimes,No,Usually,4,Fair,Excellent,No,No,Yes,Yes,45 to 54,Male,8th grade or less,Yes,White,No
Plan E,Yes,Always,Yes,Sometimes,2,2,Sometimes,Yes,4,Always,Usually,Sometimes,Never,3,No,2,3,No,Usually,Always,No,Sometimes,2,Poor,Very good,No,Yes,No,No,55 to 64,Female,Some high school,No,Other,No
Plan E,No,Always,No,Sometimes,3,7,Always,No,10 or more times,Always,Never,Sometimes,Never,6,No,5 or more specialists,4,No,Never,Sometimes,No,Sometimes,4,Excellent,Very good,No,No,Yes,No,35 to 44,Female,8th grade or less,No,Asian,Yes
Plan E,Yes,Usually,Yes,Sometimes,None,7,Sometimes,Yes,10 or more times,Never,Sometimes,Always,Sometimes,0,No,3,3,Yes,Usually,Usually,No,Never,1,Poor,Poor,Yes,No,Yes,No,35 to 44,Male,More than 4-year college degree,No,Native Hawaiian or Other Pacific Islander,No
Plan E,No,Sometimes,Yes,Usually,1 time,0,Always,Yes,None,Usually,Never,Always,Always,7,Yes,3,6,Yes,Always,Never,Yes,Never,4,Excellent,Fair,No,Yes,No,No,55 to 64,Female,Some college or 2-year degree,Yes,Native Hawaiian or Other Pacific Islander,Yes
Plan C,Yes,Usually,Yes,Sometimes,4,2,Never,No,5 to 9,Sometimes,Usually,Sometimes,Usually,7,Yes,1 specialist,5,No,Always,Always,No,Usually,7,Very good,Fair,Yes,No,No,Yes,25 to 34,Male,More than 4-year college degree,Yes,Black or African American,No
Plan D,Yes,Never,No,Never,10 or more times,5,Always,Yes,10 or more times,Sometimes,Sometimes,Always,Sometimes,5,Yes,None,5,No,Usually,Sometimes,No,Always,3,Good,Fair,Yes,No,No,No,45 to 54,Male,Some college or 2-year degree,Yes,Native Hawaiian or Other Pacific Islander,Yes
Plan D,Yes,Never,No,Never,None,3,Usually,Yes,4,Always,Usually,Sometimes,Always,5,No,4,8,Yes,Sometimes,Never,No,Never,10,Good,Fair,No,Yes,No,No,35 to 44,Male,8th grade or less,Yes,Asian,No
Plan E,No,Usually,No,Sometimes,4,10,Sometimes,Yes,1 time,Never,Sometimes,Sometimes,Never,3,No,3,10,Yes,Never,Usually,Yes,Always,0,Good,Good,No,No,No,Yes,75 or older,Female,Some college or 2-year degree,No,Other,No
Plan D,No,Never,No,Usually,4,8,Usually,No,1 time,Never,Sometimes,Sometimes,Sometimes,2,Yes,1 specialist,2,Yes,Always,Never,Yes,Usually,7,Fair,Excellent,No,No,Yes,No,35 to 44,Male,4-year college graduate,Yes,White,No
Plan C,No,Usually,Yes,Never,4,1,Usually,No,None,Sometimes,Never,Usually,Sometimes,9,Yes,2,6,No,Never,Never,No,Sometimes,5,Fair,Good,No,No,Yes,No,18 to 24,Male,More than 4-year college degree,No,Black or African American,No
Plan C,No,Never,No,Never,3,2,Usually,Yes,3,Usually,Always,Never,Never,3,No,1 specialist,4,No,Sometimes,Usually,Yes,Never,2,Very good,Fair,Yes,No,No,No,18 to 24,Female,High school graduate or GED,No,White,No
Plan A,No,Always,No,Never,None,3,Never,No,3,Always,Never,Always,Usually,2,Yes,3,10,No,Never,Sometimes,No,Usually,6,Excellent,Fair,No,No,Yes,Yes,25 to 34,Female,4-year college graduate,Yes,White,Yes
Plan B,Yes,Never,Yes,Never,None,1,Sometimes,No,5 to 9,Sometimes,Always,Sometimes,Usually,7,No,4,5,No,Usually,Always,Yes,Never,9,Good,Good,Yes,Yes,No,Yes,75 or older,Female,High school graduate or GED,No,Native Hawaiian or Other Pacific Islander,No
Plan A,No,Usually,Yes,Usually,10 or more times,9,Usually,Yes,2,Sometimes,Always,Usually,Always,5,Yes,2,0,Yes,Always,Always,No,Always,6,Good,Excellent,No,Yes,No,Yes,35 to 44,Female,High school graduate or GED,Yes,Native Hawaiian or Other Pacific Islander,Yes
Plan E,No,Always,Yes,Usually,2,1,Never,No,None,Never,Usually,Sometimes,Sometimes,4,Yes,3,10,No,Sometimes,Never,No,Never,0,Poor,Excellent,No,Yes,No,Yes,25 to 34,Male,4-year college graduate,No,Other,No
Plan C,No,Sometimes,No,Usually,5 to 9,8,Always,Yes,3,Never,Never,Sometimes,Sometimes,2,No,None,10,No,Never,Sometimes,No,Always,7,Good,Fair,No,Yes,No,Yes,18 to 24,Male,Some high school,No,White,No
Plan A,No,Sometimes,Yes,Always,1 time,7,Sometimes,Yes,10 or more times,Never,Always,Usually,Always,8,No,3,8,No,Usually,Usually,No,Never,6,Very good,Good,No,Yes,No,Yes,65 to 74,Male,Some high school,No,Native Hawaiian or Other Pacific Islander,Yes
Plan D,No,Sometimes,No,Always,1 time,8,Usually,Yes,5 to 9,Sometimes,Usually,Usually,Always,0,No,3,7,Yes,Never,Sometimes,No,Never,4,Good,Poor,Yes,Yes,Yes,No,75 or older,Male,8th grade or less,No,Other,No
Plan E,Yes,Always,Yes,Always,5 to 9,6,Always,Yes,None,Sometimes,Sometimes,Always,Never,5,Yes,None,1,No,Sometimes,Sometimes,Yes,Never,4,Good,Poor,No,No,No,No,65 to 74,Male,Some college or 2-year degree,No,Other,Yes
Plan C,No,Sometimes,Yes,Always,1 time,8,Usually,No,None,Usually,Usually,Always,Always,6,No,2,0,No,Sometimes,Sometimes,Yes,Sometimes,7,Fair,Excellent,No,No,No,No,35 to 44,Female,Some high school,Yes,Asian,No
Plan A,No,Always,Yes,Always,5 to 9,0,Always,No,None,Sometimes,Always,Always,Usually,2,No,4,10,No,Usually,Never,No,Usually,0,Good,Excellent,Yes,Yes,Yes,Yes,25 to 34,Male,High school graduate or GED,No,Other,No
Plan C,No,Always,No,Never,None,8,Never,Yes,3,Sometimes,Sometimes,Usually,Usually,1,No,4,2,Yes,Usually,Sometimes,No,Always,4,Very good,Excellent,No,Yes,No,No,18 to 24,Male,More than 4-year college degree,Yes,White,Yes
Plan A,Yes,Always,Yes,Never,4,10,Never,No,1 time,Sometimes,Usually,Never,Never,1,Yes,3,0,No,Always,Never,No,Never,5,Good,Poor,No,Yes,Yes,No,35 to 44,Male,Some college or 2-year degree,No,Native Hawaiian or Other Pacific Islander,No
Plan B,No,Sometimes,No,Always,1 time,3,Never,Yes,10 or more times,Sometimes,Always,Usually,Never,0,Yes,None,1,No,Always,Always,Yes,Sometimes,8,Fair,Very good,No,No,No,Yes,35 to 44,Male,High school graduate or GED,No,White,No
Plan E,No,Always,Yes,Never,4,3,Sometimes,No,5 to 9,Sometimes,Usually,Never,Sometimes,0,Yes,5 or more specialists,3,Yes,Never,Never,No,Sometimes,2,Excellent,Good,Yes,No,Yes,Yes,18 to 24,Female,8th grade or less,No,Native Hawaiian or Other Pacific Islander,Yes
Plan C,No,Always,Yes,Sometimes,5 to 9,5,Always,Yes,3,Always,Sometimes,Sometimes,Always,5,No,4,0,No,Always,Sometimes,No,Sometimes,8,Good,Very good,No,No,Yes,No,35 to 44,Female,4-year college graduate,Yes,American Indian or Alaska Native,No
Plan D,Yes,Never,Yes,Usually,2,4,Sometimes,No,10 or more times,Sometimes,Sometimes,Always,Sometimes,1,Yes,5 or more specialists,9,Yes,Always,Usually,Yes,Always,5,Excellent,Excellent,Yes,Yes,Yes,No,75 or older,Female,4-year college graduate,Yes,Other,Yes
Plan A,Yes,Usually,No,Never,5 to 9,5,Sometimes,Yes,None,Always,Sometimes,Always,Always,1,Yes,3,4,No,Never,Always,Yes,Always,6,Fair,Poor,No,Yes,No,No,55 to 64,Female,Some college or 2-year degree,No,White,No
Plan E,No,Sometimes,No,Never,4,8,Never,Yes,None,Usually,Never,Never,Usually,5,Yes,1 specialist,2,Yes,Sometimes,Sometimes,Yes,Usually,5,Fair,Very good,Yes,Yes,Yes,Yes,45 to 54,Female,High school graduate or GED,Yes,Asian,No
Plan A,No,Sometimes,No,Never,2,6,Never,Yes,5 to 9,Always,Never,Usually,Sometimes,9,No,None,8,Yes,Never,Sometimes,No,Never,10,Poor,Very good,No,No,Yes,No,25 to 34,Male,Some college or 2-year degree,No,Native Hawaiian or Other Pacific Islander,Yes
Plan E,Yes,Always,No,Always,1 time,2,Always,No,1 time,Always,Usually,Never,Always,8,No,4,5,Yes,Sometimes,Never,Yes,Usually,5,Good,Good,Yes,No,No,Yes,45 to 54,Male,8th grade or less,No,Other,No
Plan D,Yes,Never,No,Always,4,9,Always,No,4,Always,Sometimes,Sometimes,Usually,9,Yes,5 or more specialists,7,Yes,Never,Always,Yes,Usually,6,Poor,Poor,No,Yes,No,No,65 to 74,Male,High school graduate or GED,No,American Indian or Alaska Native,No
Plan E,Yes,Never,Yes,Never,1 time,10,Usually,No,2,Usually,Never,Usually,Sometimes,0,No,None,10,Yes,Always,Usually,No,Always,5,Fair,Very good,Yes,Yes,Yes,No,18 to 24,Male,4-year college graduate,No,Other,No
Plan E,No,Usually,Yes,Never,2,0,Always,Yes,5 to 9,Sometimes,Usually,Usually,Always,7,No,3,1,Yes,Usually,Usually,Yes,Sometimes,9,Poor,Fair,No,No,No,No,55 to 64,Female,High school graduate or GED,No,Black or African American,Yes
Plan A,Yes,Always,No,Never,5 to 9,0,Sometimes,No,5 to 9,Always,Sometimes,Always,Always,8,Yes,3,7,No,Sometimes,Sometimes,Yes,Always,9,Poor,Poor,No,Yes,Yes,No,55 to 64,Female,High school graduate or GED,No,Native Hawaiian or Other Pacific Islander,No
Plan D,No,Never,No,Sometimes,5 to 9,9,Usually,No,5 to 9,Always,Always,Usually,Never,7,No,5 or more specialists,6,Yes,Never,Never,No,Always,1,Fair,Poor,No,No,Yes,Yes,65 to 74,Male,Some high school,Yes,American Indian or Alaska Native,Yes
Plan C,Yes,Sometimes,Yes,Always,10 or more times,5,Usually,Yes,5 to 9,Usually,Usually,Usually,Usually,7,No,3,2,No,Never,Sometimes,No,Sometimes,5,Excellent,Fair,Yes,No,No,No,55 to 64,Female,Some high school,Yes,White,No
Plan D,Yes,Sometimes,Yes,Usually,1 time,7,Usually,No,10 or more times,Never,Sometimes,Always,Always,5,No,1 specialist,5,Yes,Never,Always,No,Usually,4,Good,Very good,Yes,Yes,No,No,35 to 44,Female,8th grade or less,No,Black or African American,Yes
Plan A,Yes,Never,No,Sometimes,3,4,Usually,No,1 time,Sometimes,Sometimes,Usually,Usually,8,No,None,6,No,Never,Sometimes,No,Usually,7,Very good,Good,No,Yes,No,No,65 to 74,Male,Some college or 2-year degree,Yes,Asian,Yes
Plan A,No,Sometimes,Yes,Never,None,0,Always,No,10 or more times,Always,Usually,Always,Never,5,Yes,2,0,Yes,Never,Never,No,Always,1,Poor,Excellent,Yes,Yes,Yes,Yes,55 to 64,Female,Some high school,Yes,Black or African American,No
Plan B,No,Usually,No,Sometimes,3,5,Sometimes,Yes,None,Never,Always,Usually,Usually,6,Yes,None,7,Yes,Usually,Always,No,Sometimes,5,Poor,Fair,Yes,Yes,Yes,Yes,65 to 74,Male,High school graduate or GED,Yes,Black or African American,Yes
Plan B,Yes,Usually,No,Never,10 or more times,9,Sometimes,Yes,10 or more times,Always,Usually,Always,Sometimes,10,Yes,1 specialist,10,No,Always,Never,Yes,Always,5,Excellent,Very good,No,No,Yes,No,65 to 74,Male,8th grade or less,No,Other,No
Plan D,No,Usually,Yes,Sometimes,2,9,Usually,No,10 or more times,Never,Sometimes,Usually,Sometimes,7,No,5 or more specialists,3,No,Usually,Usually,No,Never,7,Poor,Very good,No,No,No,No,65 to 74,Male,High school graduate or GED,No,Black or African American,Yes
Plan A,No,Usually,No,Usually,None,4,Never,No,None,Usually,Never,Never,Usually,9,Yes,5 or more specialists,10,Yes,Always,Usually,Yes,Always,9,Good,Fair,Yes,No,Yes,Yes,75 or older,Female,Some high school,No,Native Hawaiian or Other Pacific Islander,No
Plan A,No,Sometimes,No,Usually,2,3,Usually,Yes,3,Never,Always,Never,Always,0,Yes,None,6,No,Always,Sometimes,No,Usually,10,Poor,Poor,No,Yes,No,No,75 or older,Female,8th grade or less,Yes,White,Yes
Plan E,No,Sometimes,Yes,Always,3,8,Usually,Yes,4,Usually,Sometimes,Usually,Always,6,No,4,5,No,Never,Always,Yes,Never,1,Very good,Very good,No,Yes,Yes,Yes,25 to 34,Female,More than 4-year college degree,No,American Indian or Alaska Native,No
Plan E,No,Sometimes,Yes,Never,None,1,Usually,No,3,Never,Usually,Usually,Always,9,No,3,0,No,Always,Usually,Yes,Sometimes,0,Very good,Very good,Yes,Yes,Yes,No,75 or older,Male,4-year college graduate,Yes,Native Hawaiian or Other Pacific Islander,No
Plan C,No,Always,No,Never,4,10,Usually,Yes,10 or more times,Sometimes,Sometimes,Always,Usually,2,Yes,1 specialist,2,No,Always,Sometimes,Yes,Sometimes,5,Very good,Excellent,Yes,Yes,No,No,45 to 54,Male,Some college or 2-year degree,No,Asian,Yes
Plan A,No,Always,Yes,Sometimes,3,4,Sometimes,No,10 or more times,Never,Sometimes,Usually,Sometimes,3,No,5 or more specialists,10,Yes,Always,Never,Yes,Usually,9,Very good,Fair,No,Yes,Yes,Yes,25 to 34,Male,Some high school,No,White,Yes
Plan A,Yes,Always,No,Usually,2,7,Usually,Yes,4,Sometimes,Usually,Sometimes,Usually,7,No,4,5,Yes,Never,Always,No,Usually,5,Good,Good,Yes,Yes,No,Yes,35 to 44,Male,High school graduate or GED,No,White,Yes
Plan E,No,Usually,No,Never,None,4,Sometimes,No,10 or more times,Sometimes,Never,Sometimes,Always,7,Yes,2,7,No,Always,Always,No,Always,0,Excellent,Poor,No,Yes,No,Yes,25 to 34,Female,More than 4-year college degree,Yes,White,Yes
Plan E,No,Sometimes,Yes,Never,3,10,Sometimes,No,None,Sometimes,Always,Sometimes,Never,3,No,3,6,No,Usually,Sometimes,Yes,Never,2,Very good,Poor,Yes,No,No,No,35 to 44,Female,Some high school,No,White,No
Plan C,No,Never,Yes,Sometimes,None,4,Never,Yes,1 time,Usually,Never,Sometimes,Never,8,No,2,3,No,Always,Usually,Yes,Never,8,Fair,Excellent,No,No,No,No,55 to 64,Female,Some high school,Yes,White,Yes
Plan D,Yes,Never,No,Usually,None,6,Usually,Yes,5 to 9,Sometimes,Never,Always,Always,7,Yes,1 specialist,5,Yes,Usually,Never,Yes,Always,1,Good,Good,No,Yes,No,No,45 to 54,Female,Some high school,Yes,Black or African American,No
Plan E,Yes,Never,Yes,Sometimes,10 or more times,0,Always,No,None,Always,Usually,Usually,Always,2,Yes,3,10,No,Always,Always,No,Usually,8,Good,Poor,No,No,Yes,No,35 to 44,Male,Some high school,Yes,American Indian or Alaska Native,Yes
Plan C,Yes,Always,Yes,Never,4,6,Sometimes,Yes,5 to 9,Never,Always,Usually,Always,6,No,2,9,No,Sometimes,Usually,Yes,Always,1,Excellent,Poor,Yes,Yes,No,No,18 to 24,Male,4-year college graduate,Yes,Black or African American,No
Plan D,No,Usually,No,Never,2,9,Never,Yes,None,Never,Sometimes,Always,Never,6,Yes,3,9,No,Always,Always,No,Usually,2,Good,Very good,No,Yes,Yes,Yes,25 to 34,Male,8th grade or less,No,White,No
Plan E,Yes,Usually,No,Never,1 time,1,Usually,Yes,2,Usually,Usually,Always,Usually,6,Yes,4,10,Yes,Always,Sometimes,No,Sometimes,8,Fair,Poor,No,Yes,Yes,No,65 to 74,Male,8th grade or less,No,American Indian or Alaska Native,Yes
Plan D,Yes,Usually,No,Sometimes,None,3,Never,Yes,3,Sometimes,Never,Always,Always,2,No,3,8,Yes,Always,Always,No,Never,5,Excellent,Excellent,Yes,No,No,No,75 or older,Male,4-year college graduate,Yes,American Indian or Alaska Native,No
Plan A,Yes,Sometimes,No,Always,2,10,Never,Yes,3,Sometimes,Never,Usually,Sometimes,1,No,5 or more specialists,9,Yes,Always,Sometimes,No,Sometimes,4,Poor,Good,Yes,No,No,Yes,35 to 44,Female,Some high school,No,Native Hawaiian or Other Pacific Islander,Yes
Plan A,No,Always,No,Always,4,10,Sometimes,No,3,Sometimes,Usually,Usually,Always,6,Yes,4,1,Yes,Always,Sometimes,Yes,Always,7,Very good,Poor,No,No,No,No,25 to 34,Female,More than 4-year college degree,Yes,Black or African American,Yes
Plan A,Yes,Sometimes,Yes,Always,4,5,Usually,Yes,2,Sometimes,Usually,Sometimes,Sometimes,9,Yes,4,3,Yes,Never,Usually,No,Usually,8,Poor,Good,No,No,No,No,25 to 34,Female,4-year college graduate,Yes,American Indian or Alaska Native,Yes
Plan D,No,Never,Yes,Usually,10 or more times,10,Never,Yes,3,Usually,Sometimes,Sometimes,Never,1,Yes,1 specialist,2,No,Sometimes,Never,No,Always,0,Good,Good,Yes,No,Yes,No,45 to 54,Male,8th grade or less,No,American Indian or Alaska Native,No
Plan D,Yes,Sometimes,No,Never,4,6,Usually,No,3,Sometimes,Usually,Usually,Always,4,No,None,8,Yes,Sometimes,Never,Yes,Never,1,Poor,Very good,No,No,No,No,35 to 44,Female,8th grade or less,Yes,White,Yes
Plan B,Yes,Always,No,Usually,4,6,Always,No,None,Sometimes,Never,Always,Always,7,No,5 or more specialists,0,Yes,Always,Usually,Yes,Always,2,Very good,Poor,No,Yes,No,Yes,75 or older,Male,4-year college graduate,Yes,Asian,No
Plan B,No,Always,Yes,Never,4,1,Sometimes,Yes,4,Usually,Usually,Usually,Never,10,No,1 specialist,9,No,Usually,Usually,No,Always,4,Very good,Fair,No,No,No,No,65 to 74,Male,High school graduate or GED,Yes,Black or African American,No
Plan E,No,Sometimes,Yes,Usually,4,2,Sometimes,No,5 to 9,Never,Never,Usually,Never,9,Yes,None,6,Yes,Never,Sometimes,Yes,Sometimes,1,Fair,Excellent,Yes,No,Yes,No,25 to 34,Male,High school graduate or GED,No,Black or African American,No
Plan E,No,Usually,No,Sometimes,3,4,Always,Yes,10 or more times,Never,Sometimes,Usually,Always,6,Yes,5 or more specialists,5,No,Always,Always,No,Always,1,Excellent,Excellent,Yes,Yes,No,Yes,35 to 44,Female,More than 4-year college degree,Yes,Other,Yes
Plan A,Yes,Sometimes,Yes,Always,None,6,Always,Yes,4,Sometimes,Sometimes,Usually,Usually,3,Yes,4,3,No,Never,Usually,Yes,Always,2,Excellent,Good,No,No,No,No,25 to 34,Female,More than 4-year college degree,No,Asian,No
Plan A,No,Always,No,Sometimes,None,7,Never,Yes,4,Usually,Never,Sometimes,Usually,8,Yes,4,0,No,Sometimes,Never,No,Sometimes,5,Excellent,Good,Yes,Yes,Yes,Yes,35 to 44,Male,High school graduate or GED,No,Black or African American,Yes
Plan B,No,Never,Yes,Never,2,0,Usually,No,2,Usually,Never,Always,Usually,3,Yes,2,7,Yes,Usually,Sometimes,Yes,Usually,2,Poor,Fair,Yes,Yes,Yes,No,75 or older,Female,4-year college graduate,Yes,Black or African American,Yes
Plan C,No,Usually,No,Sometimes,10 or more times,5,Usually,No,2,Sometimes,Always,Always,Sometimes,1,No,None,5,No,Always,Always,Yes,Sometimes,3,Poor,Fair,No,Yes,Yes,Yes,45 to 54,Male,More than 4-year college degree,Yes,Other,No
Plan A,No,Always,No,Sometimes,3,7,Always,No,10 or more times,Always,Never,Usually,Always,5,Yes,1 specialist,10,Yes,Never,Usually,No,Always,0,Poor,Fair,Yes,Yes,Yes,Yes,25 to 34,Male,8th grade or less,Yes,American Indian or Alaska Native,No
Plan C,Yes,Always,Yes,Usually,3,3,Never,Yes,1 time,Sometimes,Usually,Never,Sometimes,5,No,4,10,No,Never,Always,No,Never,10,Good,Excellent,No,Yes,Yes,Yes,65 to 74,Female,8th grade or less,No,American Indian or Alaska Native,No
Plan B,No,Usually,Yes,Usually,10 or more times,4,Always,No,2,Never,Usually,Never,Usually,8,Yes,2,3,Yes,Sometimes,Sometimes,No,Always,10,Excellent,Fair,Yes,No,No,No,45 to 54,Male,High school graduate or GED,Yes,Other,Yes
Plan A,Yes,Sometimes,Yes,Never,10 or more times,3,Sometimes,Yes,4,Usually,Always,Usually,Usually,4,No,2,6,Yes,Usually,Always,Yes,Never,7,Excellent,Good,Yes,No,No,Yes,18 to 24,Female,Some high school,Yes,Other,No
Plan A,Yes,Never,Yes,Sometimes,3,6,Sometimes,No,3,Usually,Never,Usually,Sometimes,3,No,3,10,No,Sometimes,Usually,Yes,Never,3,Fair,Good,No,No,No,Yes,35 to 44,Male,High school graduate or GED,No,Native Hawaiian or Other Pacific Islander,No
Plan A,No,Usually,Yes,Never,4,8,Never,Yes,None,Never,Sometimes,Sometimes,Usually,5,No,2,8,No,Always,Sometimes,No,Never,4,Good,Good,No,No,Yes,Yes,35 to 44,Male,8th grade or less,No,Native Hawaiian or Other Pacific Islander,No
Plan E,Yes,Always,Yes,Usually,3,1,Never,Yes,5 to 9,Always,Sometimes,Sometimes,Never,10,Yes,None,9,No,Sometimes,Usually,No,Sometimes,0,Poor,Poor,No,No,No,Yes,18 to 24,Female,8th grade or less,No,Native Hawaiian or Other Pacific Islander,Yes
Plan E,No,Always,No,Sometimes,1 time,9,Usually,Yes,3,Always,Always,Usually,Usually,3,No,2,2,Yes,Sometimes,Usually,Yes,Sometimes,1,Good,Very good,Yes,No,No,No,18 to 24,Female,4-year college graduate,No,White,Yes
Plan B,No,Never,Yes,Usually,None,0,Usually,Yes,2,Never,Sometimes,Never,Always,4,No,5 or more specialists,6,Yes,Never,Usually,Yes,Sometimes,5,Poor,Fair,No,No,Yes,Yes,18 to 24,Male,High school graduate or GED,Yes,American Indian or Alaska Native,Yes
Plan E,No,Always,No,Sometimes,4,5,Usually,No,3,Sometimes,Usually,Usually,Usually,3,No,3,9,No,Usually,Always,Yes,Sometimes,0,Good,Very good,Yes,No,Yes,No,65 to 74,Female,Some high school,Yes,White,Yes
Plan D,Yes,Usually,Yes,Sometimes,3,5,Always,Yes,2,Sometimes,Always,Never,Sometimes,9,Yes,3,2,Yes,Usually,Always,No,Sometimes,6,Excellent,Fair,Yes,No,No,No,35 to 44,Male,Some high school,Yes,Black or African American,Yes
Plan A,No,Sometimes,Yes,Sometimes,3,8,Sometimes,No,5 to 9,Never,Usually,Always,Usually,1,No,3,2,No,Sometimes,Sometimes,Yes,Always,2,Excellent,Very good,Yes,No,No,No,18 to 24,Male,4-year college graduate,Yes,Black or African American,No
Plan D,No,Sometimes,No,Usually,None,7,Never,No,10 or more times,Never,Never,Never,Never,8,Yes,1 specialist,2,No,Usually,Sometimes,No,Never,1,Fair,Fair,No,No,Yes,Yes,25 to 34,Female,4-year college graduate,Yes,Black or African American,Yes
Plan E,Yes,Sometimes,Yes,Never,10 or more times,7,Never,No,1 time,Sometimes,Sometimes,Usually,Usually,1,No,None,6,No,Never,Sometimes,Yes,Never,8,Poor,Excellent,Yes,No,Yes,Yes,55 to 64,Male,More than 4-year college degree,No,White,Yes
Plan E,Yes,Sometimes,Yes,Usually,10 or more times,0,Usually,No,4,Never,Usually,Never,Always,1,Yes,5 or more specialists,9,Yes,Always,Usually,Yes,Sometimes,4,Very good,Good,Yes,No,No,Yes,45 to 54,Female,Some college or 2-year degree,No,American Indian or Alaska Native,No
Plan A,No,Sometimes,No,Usually,10 or more times,3,Sometimes,No,4,Never,Sometimes,Never,Usually,0,Yes,5 or more specialists,1,Yes,Sometimes,Sometimes,Yes,Never,8,Poor,Excellent,No,No,No,Yes,18 to 24,Female,8th grade or less,Yes,Native Hawaiian or Other Pacific Islander,No
Plan E,Yes,Usually,Yes,Usually,5 to 9,4,Never,Yes,3,Usually,Usually,Sometimes,Sometimes,8,Yes,2,8,Yes,Usually,Usually,No,Sometimes,3,Good,Very good,No,No,No,Yes,55 to 64,Male,Some college or 2-year degree,No,Black or African American,Yes
Plan C,No,Never,Yes,Always,2,4,Always,Yes,None,Sometimes,Never,Usually,Never,1,Yes,2,8,Yes,Never,Usually,No,Usually,0,Fair,Very good,Yes,Yes,Yes,No,35 to 44,Male,High school graduate or GED,No,Native Hawaiian or Other Pacific Islander,Yes
Plan A,No,Always,Yes,Never,3,10,Always,Yes,1 time,Sometimes,Sometimes,Sometimes,Never,5,Yes,None,9,No,Usually,Never,Yes,Sometimes,7,Fair,Excellent,Yes,No,Yes,No,35 to 44,Female,8th grade or less,No,Black or African American,No
Plan C,No,Never,No,Always,3,0,Sometimes,Yes,10 or more times,Never,Usually,Never,Sometimes,8,Yes,4,3,No,Sometimes,Never,Yes,Usually,0,Excellent,Good,Yes,No,Yes,Yes,18 to 24,Female,4-year college graduate,No,White,No
Plan C,Yes,Never,No,Sometimes,1 time,8,Always,Yes,3,Usually,Sometimes,Sometimes,Never,7,Yes,5 or more specialists,9,No,Sometimes,Always,No,Always,7,Fair,Good,Yes,No,No,Yes,25 to 34,Female,Some college or 2-year degree,No,Black or African American,No
Plan A,No,Sometimes,No,Sometimes,2,1,Always,No,None,Never,Never,Usually,Always,10,Yes,5 or more specialists,8,No,Usually,Always,No,Always,8,Very good,Excellent,Yes,No,Yes,No,18 to 24,Male,4-year college graduate,Yes,Native Hawaiian or Other Pacific Islander,Yes
Plan D,No,Sometimes,No,Sometimes,3,9,Usually,Yes,3,Sometimes,Usually,Sometimes,Usually,3,No,3,6,Yes,Never,Never,No,Never,3,Excellent,Poor,Yes,Yes,Yes,Yes,65 to 74,Female,High school graduate or GED,Yes,White,No
Plan D,Yes,Always,No,Sometimes,2,0,Usually,Yes,5 to 9,Usually,Never,Always,Never,8,No,2,9,No,Usually,Never,Yes,Never,0,Good,Excellent,Yes,Yes,Yes,Yes,55 to 64,Female,4-year college graduate,No,Native Hawaiian or Other Pacific Islander,Yes
Plan E,No,Usually,Yes,Never,4,9,Usually,Yes,5 to 9,Usually,Usually,Always,Always,10,Yes,3,8,No,Sometimes,Sometimes,Yes,Always,1,Good,Excellent,Yes,No,Yes,No,65 to 74,Female,Some high school,Yes,Other,Yes
Plan B,No,Usually,No,Never,5 to 9,9,Always,No,10 or more times,Always,Sometimes,Never,Never,3,Yes,1 specialist,8,Yes,Never,Usually,No,Always,3,Good,Fair,Yes,No,Yes,No,45 to 54,Male,Some college or 2-year degree,No,Asian,Yes
Plan A,No,Usually,Yes,Never,None,0,Never,Yes,4,Sometimes,Never,Never,Usually,10,No,None,0,No,Always,Never,Yes,Sometimes,4,Poor,Good,No,Yes,Yes,No,35 to 44,Male,More than 4-year college degree,No,Other,Yes
Plan D,No,Usually,No,Never,1 time,5,Never,No,2,Never,Always,Sometimes,Always,5,Yes,3,9,No,Usually,Usually,No,Always,5,Fair,Excellent,Yes,Yes,No,No,45 to 54,Female,4-year college graduate,No,Native Hawaiian or Other Pacific Islander,Yes
Plan E,No,Never,Yes,Always,None,1,Usually,No,3,Never,Always,Always,Always,9,Yes,1 specialist,4,Yes,Sometimes,Sometimes,No,Sometimes,5,Very good,Good,No,No,Yes,No,65 to 74,Male,8th grade or less,Yes,Asian,No
Plan C,No,Usually,No,Never,5 to 9,3,Always,Yes,1 time,Always,Sometimes,Usually,Always,6,Yes,5 or more specialists,6,Yes,Always,Sometimes,No,Never,3,Good,Excellent,No,Yes,No,Yes,75 or older,Male,Some college or 2-year degree,No,Other,No
Plan E,No,Never,Yes,Never,10 or more times,0,Usually,No,None,Never,Sometimes,Sometimes,Usually,2,No,2,0,Yes,Sometimes,Always,No,Sometimes,9,Excellent,Very good,No,Yes,Yes,No,18 to 24,Male,4-year college graduate,Yes,Native Hawaiian or Other Pacific Islander,Yes
Plan E,No,Sometimes,Yes,Sometimes,3,10,Always,Yes,None,Sometimes,Usually,Sometimes,Never,0,No,1 specialist,2,No,Sometimes,Never,No,Sometimes,5,Very good,Good,No,No,Yes,No,25 to 34,Male,4-year college graduate,No,Other,Yes
Plan B,No,Usually,Yes,Sometimes,5 to 9,1,Always,Yes,10 or more times,Never,Usually,Sometimes,Never,0,Yes,None,1,Yes,Usually,Always,No,Never,7,Fair,Fair,Yes,Yes,No,No,35 to 44,Female,Some college or 2-year degree,No,White,Yes
Plan E,Yes,Never,No,Usually,5 to 9,2,Sometimes,Yes,10 or more times,Sometimes,Sometimes,Never,Never,0,No,None,0,No,Sometimes,Never,Yes,Always,9,Excellent,Poor,Yes,Yes,Yes,Yes,65 to 74,Male,8th grade or less,No,Native Hawaiian or Other Pacific Islander,No
Plan A,Yes,Never,No,Always,2,7,Always,Yes,2,Sometimes,Sometimes,Usually,Always,3,No,3,2,Yes,Never,Always,No,Sometimes,5,Very good,Good,No,No,Yes,No,25 to 34,Male,4-year college graduate,No,Native Hawaiian or Other Pacific Islander,Yes
Plan D,Yes,Usually,Yes,Sometimes,5 to 9,8,Never,Yes,1 time,Never,Never,Always,Always,10,No,2,7,No,Usually,Never,Yes,Always,5,Excellent,Good,Yes,Yes,Yes,Yes,35 to 44,Male,Some college or 2-year degree,No,Black or African American,Yes
Plan E,Yes,Always,No,Usually,None,1,Always,No,5 to 9,Always,Usually,Never,Always,8,No,3,1,Yes,Always,Sometimes,Yes,Sometimes,9,Excellent,Good,Yes,No,Yes,Yes,35 to 44,Male,Some college or 2-year degree,No,Other,No
Plan C,No,Sometimes,No,Always,4,10,Always,No,4,Sometimes,Sometimes,Never,Never,7,No,None,1,Yes,Never,Sometimes,No,Always,1,Poor,Good,No,No,No,No,55 to 64,Female,8th grade or less,No,Black or African American,Yes
Plan A,No,Always,Yes,Usually,2,4,Never,Yes,5 to 9,Always,Sometimes,Always,Usually,2,No,None,4,No,Usually,Sometimes,Yes,Usually,0,Poor,Poor,No,No,No,No,18 to 24,Male,High school graduate or GED,Yes,White,Yes
Plan E,Yes,Usually,Yes,Sometimes,1 time,2,Never,No,3,Always,Usually,Never,Never,2,Yes,5 or more specialists,9,Yes,Never,Always,No,Usually,5,Fair,Poor,Yes,Yes,Yes,No,18 to 24,Male,More than 4-year college degree,Yes,American Indian or Alaska Native,Yes
Plan E,No,Sometimes,No,Usually,1 time,10,Sometimes,No,5 to 9,Sometimes,Sometimes,Always,Usually,2,Yes,3,10,No,Always,Always,No,Never,1,Good,Poor,No,Yes,Yes,Yes,18 to 24,Female,4-year college graduate,Yes,Asian,Yes
Plan D,Yes,Usually,No,Sometimes,3,8,Usually,No,1 time,Never,Usually,Never,Always,4,No,1 specialist,9,Yes,Never,Always,Yes,Usually,7,Poor,Very good,Yes,Yes,No,No,35 to 44,Female,4-year college graduate,Yes,Native Hawaiian or Other Pacific Islander,Yes
Plan A,No,Always,No,Sometimes,5 to 9,10,Always,No,4,Always,Sometimes,Always,Never,3,No,4,8,Yes,Usually,Always,No,Sometimes,5,Good,Very good,Yes,Yes,Yes,No,25 to 34,Female,Some college or 2-year degree,No,Other,Yes
Plan E,No,Never,No,Never,2,1,Never,Yes,3,Never,Usually,Usually,Usually,0,Yes,2,7,No,Usually,Sometimes,Yes,Sometimes,10,Poor,Excellent,Yes,No,Yes,Yes,65 to 74,Female,Some high school,No,Asian,No
Plan A,Yes,Never,Yes,Usually,2,10,Sometimes,Yes,None,Never,Never,Never,Never,5,Yes,3,4,Yes,Sometimes,Never,No,Usually,8,Good,Excellent,Yes,Yes,Yes,Yes,55 to 64,Male,8th grade or less,Yes,White,Yes
Plan E,Yes,Always,Yes,Sometimes,3,7,Always,Yes,2,Usually,Sometimes,Always,Usually,4,No,1 specialist,0,No,Always,Always,No,Always,10,Excellent,Excellent,No,Yes,No,No,65 to 74,Female,8th grade or less,Yes,Native Hawaiian or Other Pacific Islander,Yes
Plan E,No,Usually,No,Never,5 to 9,2,Always,Yes,5 to 9,Usually,Always,Always,Usually,9,Yes,4,7,No,Never,Always,Yes,Usually,7,Fair,Good,Yes,No,Yes,Yes,45 to 54,Female,More than 4-year college degree,No,Other,Yes
Plan A,No,Usually,Yes,Always,5 to 9,9,Always,Yes,2,Sometimes,Always,Always,Never,6,Yes,4,7,No,Sometimes,Never,Yes,Usually,2,Very good,Fair,Yes,No,No,No,75 or older,Male,More than 4-year college degree,No,Asian,Yes
Plan D,Yes,Usually,No,Never,5 to 9,4,Always,Yes,1 time,Never,Always,Sometimes,Never,9,No,1 specialist,3,No,Always,Never,No,Usually,2,Good,Poor,No,Yes,No,Yes,65 to 74,Male,4-year college graduate,Yes,Black or African American,No
Plan A,Yes,Usually,No,Never,4,3,Never,Yes,4,Never,Sometimes,Always,Always,8,No,5 or more specialists,9,No,Usually,Never,No,Always,3,Good,Good,Yes,No,No,Yes,65 to 74,Male,Some high school,Yes,Asian,No
Plan A,Yes,Usually,Yes,Never,4,5,Never,No,3,Always,Sometimes,Always,Always,10,Yes,4,7,No,Sometimes,Never,No,Usually,1,Excellent,Good,Yes,No,No,Yes,55 to 64,Female,4-year college graduate,No,White,Yes
Plan D,Yes,Never,No,Never,10 or more times,2,Never,Yes,2,Usually,Always,Sometimes,Usually,3,No,2,8,No,Usually,Usually,Yes,Usually,8,Excellent,Poor,No,Yes,No,Yes,65 to 74,Female,8th grade or less,Yes,Other,Yes
Plan B,Yes,Always,Yes,Sometimes,5 to 9,6,Always,Yes,4,Sometimes,Never,Always,Usually,1,Yes,None,3,Yes,Never,Usually,Yes,Usually,4,Very good,Poor,Yes,No,Yes,Yes,55 to 64,Female,8th grade or less,No,Native Hawaiian or Other Pacific Islander,No
Plan E,No,Never,Yes,Usually,10 or more times,2,Never,Yes,5 to 9,Always,Sometimes,Never,Never,5,No,1 specialist,4,No,Sometimes,Usually,No,Never,8,Very good,Very good,Yes,No,Yes,No,25 to 34,Female,4-year college graduate,No,Black or African American,Yes
Plan C,Yes,Always,No,Usually,2,4,Usually,Yes,None,Usually,Usually,Usually,Never,8,Yes,1 specialist,10,Yes,Always,Always,Yes,Sometimes,6,Very good,Excellent,Yes,No,Yes,Yes,65 to 74,Female,Some college or 2-year degree,No,American Indian or Alaska Native,Yes
Plan B,No,Always,No,Never,4,5,Always,No,4,Sometimes,Always,Sometimes,Usually,8,Yes,2,3,No,Sometimes,Always,No,Never,10,Poor,Poor,Yes,Yes,No,No,75 or older,Male,Some college or 2-year degree,No,White,No
Plan C,No,Sometimes,Yes,Always,3,8,Sometimes,Yes,10 or more times,Always,Always,Sometimes,Usually,5,Yes,3,10,Yes,Always,Usually,Yes,Sometimes,3,Poor,Excellent,Yes,No,Yes,No,65 to 74,Male,High school graduate or GED,No,American Indian or Alaska Native,No
Plan E,No,Sometimes,No,Usually,4,5,Sometimes,No,4,Usually,Always,Sometimes,Usually,10,Yes,3,1,Yes,Sometimes,Never,Yes,Usually,5,Poor,Good,Yes,No,Yes,No,18 to 24,Female,4-year college graduate,No,American Indian or Alaska Native,No
Plan D,Yes,Usually,No,Never,5 to 9,2,Never,No,None,Usually,Never,Never,Always,1,Yes,3,2,No,Never,Sometimes,Yes,Always,2,Poor,Very good,No,No,No,Yes,35 to 44,Male,4-year college graduate,Yes,White,Yes
Plan B,Yes,Sometimes,No,Always,4,7,Never,Yes,5 to 9,Always,Usually,Usually,Usually,7,Yes,1 specialist,6,Yes,Never,Usually,No,Always,2,Very good,Poor,No,Yes,No,Yes,35 to 44,Male,Some high school,No,White,Yes
Plan A,Yes,Usually,Yes,Sometimes,None,6,Usually,Yes,2,Sometimes,Always,Sometimes,Never,7,Yes,5 or more specialists,5,No,Sometimes,Never,Yes,Always,7,Excellent,Poor,No,Yes,No,No,65 to 74,Female,High school graduate or GED,No,Other,No
Plan A,No,Always,Yes,Usually,1 time,7,Always,No,3,Always,Never,Always,Usually,1,No,None,7,Yes,Sometimes,Usually,No,Usually,8,Fair,Excellent,Yes,No,Yes,Yes,75 or older,Female,High school graduate or GED,Yes,American Indian or Alaska Native,No
Plan C,No,Usually,Yes,Usually,10 or more times,8,Never,No,1 time,Always,Usually,Always,Never,8,Yes,None,10,Yes,Always,Usually,Yes,Never,10,Fair,Very good,No,Yes,Yes,Yes,25 to 34,Female,4-year college graduate,No,Black or African American,No
Plan D,Yes,Always,No,Always,4,7,Sometimes,Yes,2,Never,Never,Sometimes,Never,8,No,3,7,No,Sometimes,Never,No,Always,4,Excellent,Very good,No,Yes,Yes,No,65 to 74,Female,High school graduate or GED,No,American Indian or Alaska Native,Yes
Plan A,No,Usually,No,Never,5 to 9,10,Always,No,5 to 9,Never,Never,Usually,Usually,5,Yes,3,7,Yes,Never,Always,No,Always,9,Fair,Very good,No,Yes,Yes,No,18 to 24,Female,Some college or 2-year degree,No,White,No
Plan B,Yes,Always,Yes,Never,None,0,Always,Yes,4,Sometimes,Always,Usually,Always,0,No,3,5,Yes,Never,Always,No,Never,9,Very good,Fair,No,No,Yes,Yes,45 to 54,Male,8th grade or less,No,Asian,Yes
Plan B,No,Sometimes,No,Usually,1 time,3,Never,Yes,10 or more times,Always,Usually,Sometimes,Usually,2,No,1 specialist,10,Yes,Sometimes,Usually,Yes,Sometimes,5,Very good,Excellent,Yes,Yes,No,Yes,18 to 24,Female,More than 4-year college degree,Yes,Native Hawaiian or Other Pacific Islander,No
Plan B,Yes,Never,Yes,Never,2,0,Sometimes,No,2,Sometimes,Sometimes,Always,Always,8,No,2,8,Yes,Usually,Sometimes,Yes,Always,3,Good,Very good,No,No,No,No,35 to 44,Female,High school graduate or GED,Yes,Native Hawaiian or Other Pacific Islander,No
Plan B,Yes,Usually,Yes,Usually,10 or more times,0,Always,No,3,Always,Always,Usually,Never,7,No,2,1,No,Sometimes,Always,No,Never,0,Very good,Poor,No,Yes,No,No,45 to 54,Male,Some college or 2-year degree,No,American Indian or Alaska Native,No
Plan A,Yes,Sometimes,Yes,Sometimes,3,3,Sometimes,No,4,Sometimes,Usually,Sometimes,Usually,2,Yes,1 specialist,2,No,Never,Usually,Yes,Never,4,Very good,Good,Yes,No,No,No,35 to 44,Female,8th grade or less,Yes,Black or African American,Yes
Plan E,No,Usually,No,Usually,4,4,Never,Yes,10 or more times,Usually,Sometimes,Always,Always,6,No,None,3,No,Never,Usually,No,Always,9,Very good,Very good,Yes,Yes,Yes,Yes,25 to 34,Female,8th grade or less,Yes,Native Hawaiian or Other Pacific Islander,No
Plan E,Yes,Usually,No,Sometimes,5 to 9,4,Never,No,10 or more times,Never,Always,Sometimes,Sometimes,3,Yes,2,4,Yes,Sometimes,Always,No,Usually,10,Poor,Fair,No,Yes,No,No,45 to 54,Male,Some college or 2-year degree,No,White,No
Plan E,Yes,Always,Yes,Never,10 or more times,6,Always,No,3,Sometimes,Sometimes,Always,Never,0,No,None,10,No,Usually,Always,No,Usually,8,Good,Poor,No,No,No,No,65 to 74,Female,High school graduate or GED,Yes,Other,Yes
Plan C,Yes,Usually,Yes,Never,4,0,Always,No,1 time,Sometimes,Usually,Always,Sometimes,1,Yes,1 specialist,6,Yes,Never,Usually,No,Usually,10,Very good,Good,No,No,No,Yes,35 to 44,Male,Some college or 2-year degree,Yes,American Indian or Alaska Native,Yes
Plan B,No,Sometimes,No,Always,1 time,9,Always,No,1 time,Sometimes,Never,Always,Sometimes,1,Yes,3,4,No,Sometimes,Never,No,Always,0,Good,Poor,Yes,Yes,Yes,Yes,25 to 34,Female,4-year college graduate,No,American Indian or Alaska Native,Yes
Plan D,Yes,Sometimes,Yes,Never,None,2,Sometimes,No,1 time,Always,Sometimes,Never,Usually,10,Yes,3,10,Yes,Never,Sometimes,No,Never,4,Good,Fair,No,Yes,Yes,No,25 to 34,Male,4-year college graduate,No,White,No
Plan E,No,Usually,No,Never,4,4,Always,No,4,Usually,Usually,Sometimes,Usually,8,Yes,4,7,No,Never,Sometimes,Yes,Usually,3,Excellent,Very good,Yes,No,No,Yes,75 or older,Male,High school graduate or GED,No,Native Hawaiian or Other Pacific Islander,No
Plan B,No,Never,No,Usually,5 to 9,1,Always,Yes,5 to 9,Never,Usually,Never,Always,0,No,3,4,Yes,Usually,Usually,No,Sometimes,9,Poor,Very good,No,Yes,Yes,Yes,75 or older,Female,4-year college graduate,Yes,Black or African American,No
Plan C,Yes,Sometimes,Yes,Sometimes,2,8,Sometimes,No,2,Always,Sometimes,Always,Sometimes,3,No,5 or more specialists,6,No,Sometimes,Usually,Yes,Usually,10,Good,Fair,No,Yes,No,Yes,25 to 34,Male,8th grade or less,No,Native Hawaiian or Other Pacific Islander,No
Plan A,No,Sometimes,No,Sometimes,1 time,3,Sometimes,No,3,Never,Never,Usually,Never,0,Yes,2,5,No,Usually,Never,No,Sometimes,5,Fair,Very good,No,No,No,No,25 to 34,Male,Some college or 2-year degree,Yes,Other,No
Plan D,No,Usually,Yes,Never,5 to 9,7,Sometimes,No,4,Sometimes,Usually,Sometimes,Usually,4,No,1 specialist,5,No,Sometimes,Always,Yes,Always,9,Fair,Very good,No,No,Yes,No,75 or older,Female,High school graduate or GED,Yes,Asian,No
Plan C,No,Sometimes,Yes,Never,4,1,Never,Yes,4,Never,Sometimes,Never,Never,10,Yes,5 or more specialists,1,Yes,Always,Never,No,Sometimes,3,Fair,Good,Yes,Yes,No,No,25 to 34,Male,More than 4-year college degree,No,Native Hawaiian or Other Pacific Islander,Yes
Plan B,Yes,Always,No,Always,1 time,2,Sometimes,No,1 time,Sometimes,Never,Never,Sometimes,9,No,3,2,No,Sometimes,Always,Yes,Sometimes,5,Good,Excellent,No,No,No,No,25 to 34,Female,High school graduate or GED,No,American Indian or Alaska Native,No
Plan E,No,Always,Yes,Usually,5 to 9,8,Usually,No,5 to 9,Never,Sometimes,Usually,Never,0,No,2,6,Yes,Never,Always,Yes,Sometimes,6,Very good,Excellent,No,No,Yes,Yes,65 to 74,Male,High school graduate or GED,Yes,Black or African American,No
Plan E,No,Usually,No,Sometimes,4,1,Sometimes,Yes,3,Always,Always,Usually,Never,2,Yes,1 specialist,1,Yes,Usually,Usually,Yes,Sometimes,3,Poor,Excellent,No,No,No,No,65 to 74,Female,Some college or 2-year degree,No,Asian,Yes
Plan B,Yes,Sometimes,Yes,Always,10 or more times,5,Always,No,None,Always,Never,Never,Never,8,Yes,2,2,No,Never,Never,Yes,Always,1,Good,Excellent,Yes,No,No,Yes,25 to 34,Female,High school graduate or GED,No,Black or African American,No
Plan E,No,Always,Yes,Usually,5 to 9,4,Sometimes,No,3,Never,Always,Usually,Never,3,No,None,10,No,Never,Usually,No,Usually,4,Very good,Excellent,No,No,No,No,75 or older,Male,8th grade or less,Yes,Other,Yes
Plan D,No,Never,No,Always,2,0,Sometimes,Yes,3,Usually,Usually,Always,Usually,9,Yes,2,0,No,Never,Usually,No,Sometimes,9,Good,Good,Yes,Yes,No,Yes,45 to 54,Male,Some high school,Yes,Native Hawaiian or Other Pacific Islander,Yes
Plan E,Yes,Never,No,Never,3,1,Sometimes,Yes,3,Always,Sometimes,Never,Sometimes,9,Yes,5 or more specialists,2,No,Sometimes,Never,Yes,Sometimes,1,Excellent,Poor,No,No,No,Yes,25 to 34,Male,8th grade or less,Yes,American Indian or Alaska Native,No
Plan C,No,Sometimes,No,Usually,5 to 9,2,Never,No,10 or more times,Always,Never,Always,Always,7,Yes,5 or more specialists,3,No,Always,Usually,No,Never,5,Good,Fair,No,Yes,Yes,Yes,25 to 34,Female,4-year college graduate,Yes,Native Hawaiian or Other Pacific Islander,Yes
Plan E,Yes,Sometimes,No,Sometimes,5 to 9,0,Always,Yes,4,Always,Usually,Always,Sometimes,0,Yes,2,8,Yes,Never,Never,Yes,Usually,5,Excellent,Excellent,Yes,No,Yes,Yes,55 to 64,Male,Some high school,No,Asian,No
Plan A,Yes,Usually,No,Sometimes,5 to 9,8,Usually,Yes,2,Never,Never,Usually,Always,3,Yes,4,3,Yes,Usually,Sometimes,No,Usually,1,Good,Fair,No,No,Yes,Yes,25 to 34,Female,More than 4-year college degree,Yes,Other,Yes
Plan B,Yes,Always,Yes,Usually,10 or more times,10,Never,No,1 time,Always,Usually,Always,Always,6,No,None,9,No,Never,Sometimes,Yes,Sometimes,0,Excellent,Excellent,Yes,No,Yes,Yes,65 to 74,Male,4-year college graduate,No,American Indian or Alaska Native,Yes
Plan C,Yes,Never,Yes,Usually,2,0,Sometimes,No,3,Never,Sometimes,Never,Never,3,Yes,3,1,Yes,Never,Usually,Yes,Always,8,Fair,Excellent,Yes,Yes,No,No,25 to 34,Male,Some college or 2-year degree,Yes,Native Hawaiian or Other Pacific Islander,Yes
Plan D,Yes,Always,Yes,Always,5 to 9,9,Sometimes,Yes,10 or more times,Sometimes,Always,Never,Never,4,No,None,4,Yes,Sometimes,Usually,Yes,Never,6,Fair,Good,No,Yes,Yes,Yes,75 or older,Female,4-year college graduate,No,American Indian or Alaska Native,No
Plan B,No,Usually,Yes,Sometimes,1 time,0,Sometimes,No,2,Sometimes,Always,Sometimes,Never,9,Yes,None,5,No,Usually,Usually,No,Never,5,Fair,Excellent,No,Yes,No,No,65 to 74,Female,More than 4-year college degree,Yes,Black or African American,No
Plan D,No,Sometimes,No,Sometimes,5 to 9,2,Usually,No,5 to 9,Never,Sometimes,Usually,Usually,7,Yes,1 specialist,5,No,Never,Always,Yes,Usually,10,Good,Very good,No,No,Yes,Yes,25 to 34,Male,High school graduate or GED,Yes,American Indian or Alaska Native,Yes
Plan E,Yes,Usually,Yes,Never,3,1,Sometimes,No,None,Never,Always,Never,Usually,1,No,4,7,No,Always,Always,No,Always,5,Good,Fair,No,Yes,No,No,18 to 24,Male,8th grade or less,Yes,American Indian or Alaska Native,No
Plan B,Yes,Usually,Yes,Always,1 time,2,Always,No,None,Never,Always,Always,Usually,0,Yes,2,8,No,Sometimes,Usually,Yes,Always,4,Very good,Good,No,Yes,No,No,45 to 54,Female,More than 4-year college degree,Yes,American Indian or Alaska Native,No
Plan D,No,Sometimes,Yes,Sometimes,1 time,5,Usually,Yes,None,Never,Never,Never,Sometimes,6,Yes,None,8,Yes,Never,Usually,Yes,Always,6,Good,Very good,Yes,Yes,Yes,Yes,75 or older,Female,More than 4-year college degree,Yes,American Indian or Alaska Native,No
Plan A,No,Usually,No,Sometimes,4,1,Sometimes,No,2,Never,Usually,Always,Never,10,No,5 or more specialists,10,No,Always,Sometimes,Yes,Never,9,Very good,Good,No,No,Yes,Yes,65 to 74,Female,High school graduate or GED,Yes,American Indian or Alaska Native,Yes
Plan A,Yes,Always,No,Never,4,7,Never,No,5 to 9,Never,Sometimes,Always,Always,3,Yes,1 specialist,1,No,Usually,Sometimes,No,Sometimes,3,Very good,Fair,No,Yes,No,Yes,18 to 24,Male,8th grade or less,No,Other,No
Plan B,No,Always,No,Always,5 to 9,7,Sometimes,No,2,Always,Never,Sometimes,Never,6,Yes,4,1,Yes,Sometimes,Never,Yes,Never,1,Fair,Excellent,No,No,Yes,No,45 to 54,Female,Some high school,Yes,Asian,No
Plan A,No,Always,No,Usually,2,8,Always,No,1 time,Usually,Always,Sometimes,Always,5,Yes,3,8,No,Sometimes,Never,No,Usually,8,Good,Excellent,No,No,No,No,45 to 54,Male,8th grade or less,No,Other,Yes
Plan B,No,Never,No,Usually,10 or more times,3,Never,Yes,4,Always,Never,Always,Never,6,Yes,1 specialist,10,Yes,Always,Always,Yes,Always,6,Excellent,Excellent,No,Yes,No,No,55 to 64,Female,4-year college graduate,No,Asian,No
Plan C,No,Never,Yes,Sometimes,4,0,Never,Yes,None,Usually,Always,Usually,Never,9,Yes,4,1,No,Sometimes,Sometimes,Yes,Sometimes,2,Good,Poor,Yes,No,Yes,Yes,75 or older,Female,More than 4-year college degree,No,American Indian or Alaska Native,Yes
Plan B,Yes,Never,No,Never,3,8,Sometimes,Yes,None,Usually,Sometimes,Never,Sometimes,1,No,3,2,Yes,Sometimes,Usually,Yes,Always,2,Good,Good,No,No,Yes,No,35 to 44,Male,4-year college graduate,No,Black or African American,No
Plan B,No,Never,Yes,Never,5 to 9,8,Sometimes,Yes,5 to 9,Sometimes,Never,Sometimes,Usually,9,Yes,5 or more specialists,4,No,Sometimes,Sometimes,No,Always,5,Excellent,Fair,Yes,Yes,No,Yes,55 to 64,Male,4-year college graduate,No,Native Hawaiian or Other Pacific Islander,No
Plan A,Yes,Never,Yes,Usually,5 to 9,1,Usually,Yes,3,Always,Always,Never,Sometimes,10,Yes,5 or more specialists,7,No,Sometimes,Usually,No,Always,7,Very good,Fair,No,Yes,Yes,Yes,65 to 74,Female,Some college or 2-year degree,Yes,Native Hawaiian or Other Pacific Islander,No
Plan C,Yes,Sometimes,No,Always,5 to 9,3,Never,No,10 or more times,Always,Usually,Usually,Sometimes,9,No,None,2,No,Sometimes,Usually,No,Usually,8,Good,Excellent,No,No,No,Yes,25 to 34,Female,8th grade or less,No,Asian,Yes
Plan E,Yes,Usually,Yes,Always,2,0,Sometimes,No,10 or more times,Never,Sometimes,Never,Sometimes,3,No,5 or more specialists,10,Yes,Always,Usually,Yes,Always,8,Fair,Fair,No,Yes,Yes,No,25 to 34,Male,Some high school,Yes,Black or African American,Yes
Plan C,No,Usually,No,Never,10 or more times,7,Usually,Yes,4,Never,Usually,Usually,Usually,8,No,2,2,Yes,Never,Always,Yes,Never,6,Poor,Very good,No,Yes,No,No,25 to 34,Female,More than 4-year college degree,Yes,Native Hawaiian or Other Pacific Islander,Yes
Plan E,Yes,Always,No,Usually,5 to 9,0,Always,Yes,3,Sometimes,Sometimes,Never,Usually,8,No,5 or more specialists,1,Yes,Never,Always,No,Usually,10,Poor,Good,No,No,No,No,35 to 44,Female,More than 4-year college degree,No,Asian,Yes
Plan E,No,Usually,Yes,Always,4,9,Never,Yes,10 or more times,Usually,Sometimes,Never,Sometimes,0,Yes,5 or more specialists,1,Yes,Sometimes,Usually,Yes,Never,10,Good,Poor,Yes,No,Yes,No,25 to 34,Female,Some college or 2-year degree,No,Black or African American,No
Plan B,No,Sometimes,No,Sometimes,4,4,Usually,No,3,Usually,Usually,Never,Never,4,No,5 or more specialists,6,Yes,Sometimes,Never,Yes,Usually,3,Fair,Poor,No,No,No,Yes,55 to 64,Male,Some high school,No,Native Hawaiian or Other Pacific Islander,Yes
Plan B,Yes,Never,Yes,Usually,1 time,2,Usually,No,3,Usually,Always,Never,Never,4,Yes,3,3,No,Never,Always,Yes,Usually,1,Fair,Poor,No,Yes,Yes,Yes,55 to 64,Male,More than 4-year college degree,Yes,American Indian or Alaska Native,Yes
Plan C,Yes,Always,No,Usually,10 or more times,6,Always,Yes,3,Usually,Always,Sometimes,Sometimes,4,No,5 or more specialists,0,Yes,Sometimes,Always,No,Never,6,Very good,Fair,Yes,Yes,No,Yes,18 to 24,Male,8th grade or less,Yes,Black or African American,Yes
Plan B,No,Sometimes,Yes,Usually,3,7,Usually,No,None,Sometimes,Sometimes,Sometimes,Usually,5,No,2,3,Yes,Usually,Sometimes,Yes,Usually,1,Excellent,Poor,No,No,Yes,No,75 or older,Male,High school graduate or GED,No,Other,Yes
Plan D,Yes,Always,No,Always,10 or more times,7,Always,No,2,Always,Sometimes,Never,Never,2,Yes,5 or more specialists,2,No,Sometimes,Always,Yes,Sometimes,10,Poor,Good,No,No,No,No,65 to 74,Female,Some high school,Yes,Native Hawaiian or Other Pacific Islander,No
Plan C,Yes,Usually,Yes,Always,3,6,Always,Yes,10 or more times,Sometimes,Never,Sometimes,Usually,2,Yes,4,1,Yes,Sometimes,Sometimes,Yes,Usually,5,Excellent,Excellent,Yes,No,Yes,No,75 or older,Male,Some high school,No,Other,Yes
Plan A,Yes,Never,No,Always,1 time,8,Never,No,5 to 9,Always,Never,Usually,Usually,1,No,3,1,No,Never,Sometimes,No,Sometimes,2,Fair,Good,No,Yes,Yes,No,25 to 34,Male,High school graduate or GED,Yes,American Indian or Alaska Native,No
Plan A,No,Always,Yes,Sometimes,3,7,Sometimes,Yes,None,Never,Usually,Sometimes,Sometimes,4,No,1 specialist,9,Yes,Sometimes,Usually,No,Never,7,Excellent,Poor,No,No,No,Yes,45 to 54,Male,4-year college graduate,Yes,Asian,No
Plan E,Yes,Always,Yes,Never,None,8,Sometimes,No,1 time,Never,Sometimes,Sometimes,Usually,6,No,2,5,Yes,Never,Never,Yes,Never,7,Fair,Good,No,Yes,No,Yes,45 to 54,Male,High school graduate or GED,Yes,Asian,Yes
Plan D,No,Usually,Yes,Always,2,6,Never,No,10 or more times,Sometimes,Sometimes,Always,Sometimes,10,Yes,5 or more specialists,8,Yes,Always,Sometimes,Yes,Always,9,Poor,Fair,Yes,No,No,Yes,55 to 64,Male,8th grade or less,No,Black or African American,Yes
Plan D,Yes,Never,No,Always,5 to 9,6,Sometimes,No,4,Sometimes,Never,Always,Always,4,No,1 specialist,7,Yes,Usually,Always,Yes,Always,3,Very good,Very good,Yes,Yes,Yes,No,18 to 24,Male,More than 4-year college degree,Yes,Other,Yes
Plan C,Yes,Sometimes,Yes,Always,4,3,Usually,Yes,4,Usually,Sometimes,Usually,Sometimes,5,No,1 specialist,4,No,Never,Always,Yes,Sometimes,5,Excellent,Poor,Yes,Yes,No,Yes,75 or older,Male,4-year college graduate,No,White,No
Plan C,Yes,Always,No,Usually,1 time,9,Sometimes,Yes,5 to 9,Sometimes,Never,Sometimes,Always,10,Yes,3,4,No,Always,Never,No,Usually,1,Fair,Good,No,No,No,No,55 to 64,Male,More than 4-year college degree,Yes,American Indian or Alaska Native,No
Plan E,No,Sometimes,Yes,Never,10 or more times,7,Usually,No,None,Never,Usually,Always,Always,0,Yes,None,9,No,Usually,Usually,Yes,Usually,5,Excellent,Excellent,No,No,Yes,Yes,75 or older,Male,High school graduate or GED,No,Asian,Yes
Plan E,No,Always,Yes,Sometimes,2,9,Never,No,1 time,Never,Usually,Sometimes,Never,2,Yes,3,1,No,Never,Always,No,Never,6,Good,Very good,No,No,Yes,No,75 or older,Female,High school graduate or GED,Yes,Black or African American,Yes
Plan D,No,Usually,No,Always,5 to 9,3,Sometimes,No,2,Sometimes,Always,Always,Sometimes,9,No,1 specialist,5,Yes,Usually,Usually,No,Never,10,Very good,Good,Yes,Yes,No,No,35 to 44,Female,Some college or 2-year degree,No,American Indian or Alaska Native,No
Plan D,No,Usually,Yes,Never,1 time,3,Usually,No,1 time,Sometimes,Never,Usually,Usually,10,No,2,4,No,Usually,Never,No,Always,5,Very good,Poor,Yes,Yes,Yes,No,65 to 74,Male,8th grade or less,Yes,Black or African American,Yes
Plan A,No,Always,No,Never,3,2,Sometimes,No,5 to 9,Never,Usually,Always,Always,3,Yes,4,1,No,Always,Usually,Yes,Sometimes,4,Good,Fair,No,Yes,No,No,25 to 34,Female,8th grade or less,Yes,American Indian or Alaska Native,No
Plan A,Yes,Sometimes,Yes,Sometimes,2,10,Usually,Yes,5 to 9,Always,Always,Never,Usually,2,No,4,7,No,Never,Never,No,Usually,3,Excellent,Excellent,Yes,Yes,No,Yes,35 to 44,Female,Some high school,Yes,White,Yes
Plan E,No,Never,Yes,Always,10 or more times,7,Never,Yes,10 or more times,Never,Sometimes,Sometimes,Never,1,No,3,7,No,Never,Sometimes,Yes,Always,1,Good,Fair,No,No,No,Yes,35 to 44,Male,Some high school,No,American Indian or Alaska Native,Yes
Plan D,Yes,Usually,No,Sometimes,2,7,Sometimes,Yes,3,Usually,Always,Never,Never,1,Yes,None,1,Yes,Never,Sometimes,Yes,Sometimes,0,Poor,Poor,Yes,No,No,Yes,55 to 64,Male,Some college or 2-year degree,Yes,Native Hawaiian or Other Pacific Islander,Yes
Plan D,Yes,Sometimes,No,Never,10 or more times,2,Sometimes,Yes,5 to 9,Always,Always,Sometimes,Never,0,Yes,3,7,Yes,Usually,Always,Yes,Usually,3,Very good,Excellent,No,No,Yes,Yes,45 to 54,Male,4-year college graduate,No,Black or African American,No
Plan C,No,Usually,No,Usually,4,8,Usually,No,5 to 9,Sometimes,Sometimes,Usually,Never,7,No,5 or more specialists,10,Yes,Sometimes,Never,Yes,Usually,5,Good,Poor,No,Yes,No,No,25 to 34,Male,More than 4-year college degree,Yes,Asian,No
Plan B,No,Sometimes,No,Usually,None,8,Always,No,2,Usually,Usually,Never,Never,5,Yes,4,1,Yes,Never,Always,Yes,Never,2,Fair,Fair,No,Yes,Yes,Yes,45 to 54,Male,8th grade or less,Yes,Native Hawaiian or Other Pacific Islander,No
Plan A,No,Always,Yes,Sometimes,10 or more times,0,Never,Yes,5 to 9,Never,Never,Always,Always,6,Yes,5 or more specialists,1,Yes,Never,Never,Yes,Never,3,Fair,Fair,No,No,No,Yes,65 to 74,Male,Some high school,Yes,Asian,Yes
Plan C,Yes,Never,Yes,Usually,4,9,Sometimes,No,1 time,Sometimes,Sometimes,Usually,Usually,0,Yes,3,10,No,Always,Always,Yes,Usually,0,Fair,Poor,No,No,No,Yes,75 or older,Male,Some high school,Yes,White,No
Plan E,Yes,Always,No,Always,5 to 9,10,Always,Yes,5 to 9,Usually,Sometimes,Always,Always,0,No,3,6,Yes,Usually,Never,Yes,Sometimes,8,Excellent,Good,Yes,No,No,No,25 to 34,Female,Some high school,Yes,Other,No
Plan D,No,Never,No,Always,1 time,8,Always,No,None,Sometimes,Always,Usually,Always,5,Yes,3,4,No,Sometimes,Sometimes,Yes,Sometimes,10,Poor,Excellent,Yes,Yes,Yes,Yes,65 to 74,Male,High school graduate or GED,Yes,Other,No
Plan C,No,Always,No,Sometimes,1 time,6,Never,No,10 or more times,Always,Never,Usually,Usually,7,Yes,2,8,Yes,Always,Never,Yes,Always,3,Poor,Excellent,Yes,No,No,Yes,75 or older,Female,4-year college graduate,No,Native Hawaiian or Other Pacific Islander,Yes
Plan D,No,Usually,No,Usually,2,3,Never,Yes,4,Always,Usually,Sometimes,Always,4,Yes,None,7,Yes,Usually,Always,No,Usually,8,Fair,Good,No,No,Yes,No,65 to 74,Male,Some high school,Yes,Black or African American,No
Plan B,No,Usually,No,Always,10 or more times,1,Never,Yes,2,Sometimes,Never,Usually,Never,6,No,None,4,No,Always,Usually,Yes,Never,8,Excellent,Poor,No,Yes,Yes,No,18 to 24,Male,High school graduate or GED,No,American Indian or Alaska Native,Yes
Plan E,No,Usually,Yes,Never,None,10,Always,Yes,10 or more times,Usually,Sometimes,Always,Never,10,Yes,4,6,No,Always,Never,No,Never,9,Poor,Poor,No,Yes,No,No,25 to 34,Female,4-year college graduate,No,Other,No
Plan D,Yes,Never,No,Sometimes,10 or more times,1,Never,No,5 to 9,Never,Never,Usually,Sometimes,3,No,3,9,Yes,Never,Never,Yes,Always,4,Fair,Very good,Yes,No,No,No,45 to 54,Female,More than 4-year college degree,Yes,Asian,Yes
Plan A,Yes,Always,Yes,Never,2,0,Always,No,1 time,Usually,Always,Never,Usually,3,No,4,4,Yes,Usually,Always,No,Always,8,Poor,Fair,No,No,No,No,18 to 24,Male,Some college or 2-year degree,No,American Indian or Alaska Native,No
Plan A,Yes,Never,Yes,Usually,3,3,Never,Yes,10 or more times,Usually,Never,Always,Sometimes,6,No,5 or more specialists,9,No,Sometimes,Always,No,Usually,1,Good,Good,No,Yes,No,Yes,55 to 64,Male,Some high school,No,American Indian or Alaska Native,Yes
Plan D,No,Usually,No,Always,5 to 9,4,Usually,No,3,Usually,Usually,Never,Sometimes,6,No,1 specialist,2,No,Never,Sometimes,Yes,Never,1,Fair,Good,No,No,No,No,45 to 54,Male,8th grade or less,Yes,American Indian or Alaska Native,No
Plan C,No,Never,Yes,Never,3,3,Usually,Yes,3,Always,Never,Never,Never,1,No,2,9,Yes,Usually,Always,Yes,Always,4,Very good,Very good,No,Yes,Yes,No,65 to 74,Male,Some high school,Yes,Asian,Yes
Plan B,Yes,Sometimes,No,Usually,1 time,3,Usually,Yes,10 or more times,Usually,Always,Sometimes,Usually,10,No,2,2,Yes,Always,Always,Yes,Usually,3,Good,Poor,Yes,Yes,Yes,Yes,65 to 74,Male,High school graduate or GED,No,White,Yes
Plan A,Yes,Never,Yes,Always,4,10,Always,Yes,4,Usually,Never,Sometimes,Usually,5,No,4,6,Yes,Sometimes,Never,No,Always,4,Fair,Excellent,Yes,No,Yes,No,45 to 54,Male,Some high school,No,Native Hawaiian or Other Pacific Islander,Yes
Plan E,No,Sometimes,No,Sometimes,None,7,Always,Yes,5 to 9,Never,Sometimes,Always,Never,9,Yes,5 or more specialists,6,No,Sometimes,Usually,No,Always,6,Poor,Good,No,No,No,Yes,65 to 74,Male,Some high school,Yes,Other,No
Plan A,Yes,Sometimes,Yes,Usually,4,8,Never,Yes,10 or more times,Never,Never,Sometimes,Never,3,No,1 specialist,9,No,Sometimes,Sometimes,Yes,Always,9,Good,Good,Yes,Yes,Yes,Yes,25 to 34,Female,More than 4-year college degree,No,Native Hawaiian or Other Pacific Islander,Yes
Plan B,No,Sometimes,Yes,Sometimes,None,5,Always,No,10 or more times,Never,Never,Usually,Never,8,Yes,None,6,No,Never,Always,Yes,Never,5,Very good,Poor,No,Yes,No,Yes,75 or older,Male,Some high school,Yes,White,No
Plan B,No,Sometimes,Yes,Usually,10 or more times,5,Sometimes,Yes,2,Usually,Never,Always,Sometimes,7,Yes,1 specialist,9,No,Always,Always,No,Always,4,Fair,Poor,Yes,No,No,No,55 to 64,Female,More than 4-year college degree,Yes,Native Hawaiian or Other Pacific Islander,No
Plan C,Yes,Sometimes,No,Never,None,6,Never,Yes,3,Sometimes,Always,Usually,Usually,8,No,4,0,No,Usually,Sometimes,No,Always,3,Excellent,Excellent,No,No,No,No,55 to 64,Male,More than 4-year college degree,Yes,American Indian or Alaska Native,Yes
Plan B,Yes,Usually,Yes,Usually,None,10,Sometimes,No,2,Usually,Never,Never,Usually,9,No,1 specialist,9,Yes,Always,Always,No,Always,7,Excellent,Fair,Yes,No,No,Yes,45 to 54,Male,More than 4-year college degree,Yes,Asian,Yes
Plan D,Yes,Sometimes,No,Never,4,0,Never,Yes,1 time,Always,Sometimes,Sometimes,Always,10,No,4,3,No,Always,Sometimes,No,Sometimes,0,Very good,Fair,Yes,No,No,No,35 to 44,Male,More than 4-year college degree,No,Other,Yes
Plan B,Yes,Always,No,Never,5 to 9,2,Usually,No,5 to 9,Sometimes,Never,Never,Sometimes,3,No,None,2,Yes,Always,Never,Yes,Never,3,Poor,Poor,No,Yes,No,No,65 to 74,Male,More than 4-year college degree,Yes,American Indian or Alaska Native,No
Plan B,Yes,Always,No,Always,5 to 9,9,Sometimes,Yes,4,Never,Sometimes,Usually,Never,3,No,5 or more specialists,1,No,Never,Never,Yes,Sometimes,1,Good,Fair,Yes,Yes,No,Yes,35 to 44,Male,8th grade or less,No,Black or African American,Yes
Plan C,No,Always,No,Always,3,6,Never,Yes,1 time,Always,Never,Always,Sometimes,1,No,5 or more specialists,10,No,Usually,Sometimes,Yes,Usually,2,Very good,Good,Yes,Yes,No,No,35 to 44,Female,4-year college graduate,Yes,Other,No
Plan E,Yes,Sometimes,Yes,Usually,2,3,Sometimes,Yes,10 or more times,Always,Usually,Usually,Never,1,Yes,None,0,No,Sometimes,Never,No,Never,10,Very good,Very good,No,Yes,No,No,25 to 34,Male,Some college or 2-year degree,No,White,No
Plan C,No,Usually,Yes,Never,1 time,3,Sometimes,Yes,5 to 9,Always,Never,Always,Sometimes,6,Yes,3,8,No,Never,Sometimes,Yes,Usually,8,Fair,Fair,No,No,Yes,Yes,45 to 54,Male,4-year college graduate,Yes,Other,Yes
Plan E,No,Never,Yes,Usually,4,10,Usually,Yes,4,Never,Always,Never,Always,3,No,None,10,No,Never,Always,No,Always,5,Fair,Poor,No,Yes,No,No,18 to 24,Male,Some high school,No,White,No
Plan A,Yes,Never,No,Always,5 to 9,9,Sometimes,No,5 to 9,Sometimes,Always,Always,Always,6,No,2,5,No,Always,Always,Yes,Always,3,Very good,Very good,Yes,Yes,No,Yes,55 to 64,Male,4-year college graduate,Yes,Other,No
Plan D,Yes,Never,Yes,Usually,10 or more times,9,Sometimes,Yes,None,Sometimes,Never,Sometimes,Never,6,Yes,5 or more specialists,1,No,Usually,Never,Yes,Always,10,Good,Poor,Yes,Yes,Yes,Yes,45 to 54,Female,High school graduate or GED,No,White,No
Plan A,Yes,Sometimes,Yes,Usually,3,1,Always,Yes,None,Always,Always,Never,Always,10,No,3,6,Yes,Usually,Never,No,Sometimes,6,Very good,Excellent,Yes,Yes,Yes,Yes,45 to 54,Female,Some high school,Yes,Black or African American,No
Plan A,Yes,Sometimes,No,Sometimes,10 or more times,2,Usually,No,5 to 9,Sometimes,Usually,Usually,Sometimes,10,Yes,None,5,No,Always,Sometimes,No,Sometimes,9,Poor,Poor,No,Yes,No,No,75 or older,Male,High school graduate or GED,Yes,Asian,Yes
Plan A,Yes,Usually,Yes,Never,5 to 9,2,Sometimes,Yes,2,Sometimes,Usually,Never,Usually,2,Yes,3,7,No,Sometimes,Usually,No,Usually,6,Very good,Very good,Yes,No,Yes,Yes,25 to 34,Male,More than 4-year college degree,Yes,White,Yes
Plan D,No,Sometimes,Yes,Sometimes,10 or more times,5,Usually,Yes,3,Always,Sometimes,Sometimes,Never,2,No,4,0,Yes,Usually,Usually,No,Usually,2,Very good,Very good,No,No,Yes,No,25 to 34,Female,4-year college graduate,Yes,Native Hawaiian or Other Pacific Islander,Yes
Plan C,Yes,Usually,Yes,Always,4,7,Sometimes,No,1 time,Usually,Never,Always,Sometimes,5,Yes,4,10,No,Usually,Sometimes,No,Always,3,Fair,Very good,Yes,Yes,Yes,Yes,75 or older,Male,4-year college graduate,Yes,American Indian or Alaska Native,No
Plan A,Yes,Always,Yes,Sometimes,2,10,Never,Yes,None,Always,Never,Usually,Never,7,No,1 specialist,3,No,Sometimes,Always,Yes,Always,1,Fair,Good,Yes,Yes,Yes,Yes,55 to 64,Female,Some college or 2-year degree,Yes,White,No
Plan D,Yes,Never,Yes,Never,4,10,Always,No,1 time,Usually,Sometimes,Sometimes,Usually,10,Yes,None,5,Yes,Sometimes,Sometimes,No,Usually,7,Fair,Very good,No,No,No,Yes,65 to 74,Male,4-year college graduate,Yes,White,Yes
Plan A,No,Always,Yes,Usually,1 time,1,Sometimes,No,2,Usually,Usually,Usually,Sometimes,3,No,None,1,No,Sometimes,Usually,No,Always,0,Fair,Excellent,Yes,No,No,Yes,55 to 64,Male,Some high school,No,Asian,No
Plan C,No,Sometimes,No,Sometimes,1 time,7,Never,Yes,5 to 9,Always,Never,Sometimes,Sometimes,1,Yes,3,3,Yes,Never,Always,Yes,Always,9,Excellent,Very good,Yes,No,No,No,75 or older,Male,Some college or 2-year degree,Yes,Other,Yes
Plan E,No,Sometimes,No,Always,1 time,4,Usually,Yes,1 time,Usually,Usually,Always,Sometimes,3,Yes,3,0,Yes,Never,Sometimes,Yes,Sometimes,5,Fair,Excellent,No,Yes,No,Yes,75 or older,Female,Some high school,Yes,Native Hawaiian or Other Pacific Islander,No
Plan D,Yes,Never,No,Sometimes,2,0,Sometimes,No,2,Always,Usually,Always,Sometimes,8,No,1 specialist,3,No,Sometimes,Never,Yes,Usually,2,Excellent,Poor,Yes,Yes,Yes,Yes,55 to 64,Female,4-year college graduate,No,Black or African American,Yes
Plan B,Yes,Never,No,Usually,None,4,Usually,No,5 to 9,Always,Always,Always,Usually,5,No,2,9,Yes,Sometimes,Always,Yes,Sometimes,6,Good,Excellent,Yes,Yes,No,Yes,18 to 24,Male,8th grade or less,No,Native Hawaiian or Other Pacific Islander,No
Plan D,Yes,Usually,Yes,Usually,2,3,Usually,Yes,1 time,Sometimes,Always,Sometimes,Usually,9,Yes,2,8,Yes,Always,Usually,No,Sometimes,4,Very good,Good,No,Yes,No,Yes,75 or older,Male,More than 4-year college degree,No,Asian,Yes
Plan E,No,Always,Yes,Always,2,6,Never,No,2,Never,Sometimes,Always,Never,3,Yes,4,9,No,Always,Usually,No,Always,9,Fair,Very good,Yes,Yes,Yes,Yes,18 to 24,Female,More than 4-year college degree,Yes,Black or African American,No
Plan A,Yes,Never,No,Always,10 or more times,1,Usually,No,1 time,Always,Always,Sometimes,Usually,4,No,4,5,No,Never,Usually,No,Sometimes,1,Good,Poor,Yes,No,Yes,No,45 to 54,Male,Some college or 2-year degree,Yes,Other,No
Plan A,Yes,Always,Yes,Never,3,1,Sometimes,No,10 or more times,Never,Sometimes,Never,Never,8,No,2,1,No,Always,Always,No,Sometimes,6,Fair,Good,No,Yes,Yes,No,25 to 34,Male,Some high school,Yes,Native Hawaiian or Other Pacific Islander,Yes
Plan E,Yes,Sometimes,Yes,Sometimes,1 time,0,Always,No,5 to 9,Never,Usually,Never,Never,7,No,5 or more specialists,8,No,Usually,Always,No,Never,9,Fair,Fair,No,No,No,No,75 or older,Female,4-year college graduate,Yes,Native Hawaiian or Other Pacific Islander,No
Plan A,Yes,Always,Yes,Sometimes,5 to 9,2,Usually,No,10 or more times,Always,Never,Never,Never,0,Yes,3,6,Yes,Always,Never,Yes,Always,1,Fair,Good,Yes,No,No,No,18 to 24,Female,More than 4-year college degree,Yes,Black or African American,Yes
Plan E,No,Always,Yes,Never,1 time,4,Always,Yes,3,Never,Sometimes,Always,Never,6,No,1 specialist,1,No,Sometimes,Always,No,Always,8,Poor,Fair,Yes,No,No,Yes,25 to 34,Male,Some high school,No,White,Yes
Plan E,No,Never,Yes,Never,None,9,Never,No,1 time,Never,Never,Never,Usually,1,No,3,10,No,Never,Never,Yes,Never,6,Excellent,Fair,No,Yes,No,No,18 to 24,Male,Some high school,Yes,American Indian or Alaska Native,No
Plan D,No,Always,Yes,Always,2,0,Always,Yes,3,Usually,Usually,Always,Usually,8,No,3,1,Yes,Sometimes,Never,No,Usually,6,Good,Very good,Yes,No,Yes,Yes,55 to 64,Female,More than 4-year college degree,Yes,Asian,No
Plan B,No,Usually,Yes,Usually,5 to 9,0,Always,No,2,Never,Usually,Never,Always,9,No,2,3,No,Usually,Usually,No,Always,1,Poor,Very good,No,Yes,Yes,No,55 to 64,Female,8th grade or less,No,Native Hawaiian or Other Pacific Islander,Yes
Plan E,Yes,Always,No,Sometimes,3,8,Always,No,10 or more times,Sometimes,Always,Never,Always,6,Yes,2,4,Yes,Never,Sometimes,No,Usually,7,Excellent,Very good,No,No,Yes,Yes,55 to 64,Female,8th grade or less,No,Other,No
Plan B,No,Always,No,Always,1 time,4,Always,No,2,Usually,Usually,Never,Never,1,No,None,9,Yes,Usually,Usually,Yes,Usually,5,Excellent,Fair,No,Yes,No,Yes,25 to 34,Female,More than 4-year college degree,No,Native Hawaiian or Other Pacific Islander,No
Plan C,Yes,Never,No,Usually,10 or more times,4,Always,Yes,None,Always,Usually,Sometimes,Usually,4,No,2,4,Yes,Usually,Never,No,Always,9,Good,Poor,No,Yes,Yes,No,75 or older,Female,More than 4-year college degree,No,Asian,Yes
Plan D,No,Always,Yes,Always,10 or more times,3,Always,No,5 to 9,Sometimes,Never,Always,Always,6,No,None,5,Yes,Always,Always,No,Sometimes,6,Fair,Good,Yes,Yes,No,No,35 to 44,Male,High school graduate or GED,Yes,Asian,Yes
Plan E,No,Usually,No,Never,10 or more times,4,Sometimes,No,3,Sometimes,Sometimes,Usually,Always,1,Yes,1 specialist,0,Yes,Sometimes,Sometimes,Yes,Always,5,Fair,Good,Yes,Yes,No,Yes,35 to 44,Male,More than 4-year college degree,Yes,Black or African American,Yes
Plan C,No,Always,No,Always,2,3,Sometimes,No,2,Never,Sometimes,Never,Never,9,Yes,5 or more specialists,0,Yes,Never,Sometimes,No,Never,8,Very good,Fair,Yes,No,No,No,35 to 44,Female,Some high school,No,Black or African American,Yes
Plan C,No,Usually,Yes,Usually,None,1,Always,No,10 or more times,Sometimes,Sometimes,Usually,Usually,7,No,None,10,Yes,Sometimes,Usually,Yes,Always,1,Fair,Fair,Yes,No,Yes,Yes,45 to 54,Male,Some high school,Yes,Native Hawaiian or Other Pacific Islander,No
Plan C,No,Sometimes,Yes,Never,2,0,Never,No,1 time,Always,Usually,Never,Never,3,No,2,3,No,Sometimes,Always,No,Always,8,Very good,Very good,Yes,No,Yes,Yes,35 to 44,Female,8th grade or less,No,American Indian or Alaska Native,Yes
Plan D,Yes,Sometimes,Yes,Sometimes,2,3,Usually,No,None,Sometimes,Usually,Usually,Sometimes,1,Yes,5 or more specialists,4,No,Never,Always,Yes,Usually,10,Fair,Fair,No,Yes,No,No,25 to 34,Male,More than 4-year college degree,No,Other,Yes
Plan D,Yes,Sometimes,No,Sometimes,10 or more times,4,Never,Yes,1 time,Never,Never,Usually,Sometimes,9,No,1 specialist,10,No,Usually,Never,No,Usually,5,Fair,Poor,Yes,No,No,No,75 or older,Male,Some high school,No,White,Yes
Plan A,Yes,Always,No,Always,4,7,Sometimes,No,10 or more times,Always,Always,Usually,Always,2,No,5 or more specialists,0,Yes,Usually,Sometimes,No,Sometimes,4,Good,Good,Yes,Yes,Yes,Yes,75 or older,Male,4-year college graduate,Yes,Other,Yes
Plan E,No,Sometimes,No,Usually,10 or more times,4,Never,No,4,Usually,Usually,Always,Sometimes,7,Yes,3,6,Yes,Usually,Never,No,Never,5,Good,Good,No,No,Yes,Yes,18 to 24,Male,8th grade or less,Yes,Black or African American,Yes
Plan B,No,Usually,Yes,Never,2,9,Usually,No,1 time,Always,Usually,Always,Always,9,Yes,3,2,No,Always,Always,No,Sometimes,9,Good,Very good,No,Yes,No,Yes,75 or older,Female,Some high school,No,Black or African American,Yes
Plan A,Yes,Never,No,Always,4,6,Usually,Yes,5 to 9,Sometimes,Never,Always,Always,9,Yes,5 or more specialists,10,No,Never,Usually,Yes,Sometimes,1,Fair,Fair,Yes,Yes,No,No,35 to 44,Female,8th grade or less,Yes,American Indian or Alaska Native,Yes
Plan B,Yes,Sometimes,No,Sometimes,10 or more times,4,Never,No,2,Never,Always,Sometimes,Always,0,Yes,2,6,Yes,Sometimes,Never,No,Never,0,Very good,Poor,Yes,No,Yes,Yes,55 to 64,Male,8th grade or less,No,American Indian or Alaska Native,Yes
Plan B,Yes,Usually,Yes,Sometimes,3,10,Never,No,1 time,Never,Usually,Never,Never,8,Yes,1 specialist,6,Yes,Always,Never,No,Never,9,Poor,Poor,No,Yes,Yes,No,65 to 74,Female,Some college or 2-year degree,Yes,Asian,No
Plan C,No,Usually,No,Usually,None,3,Sometimes,Yes,4,Never,Usually,Usually,Never,10,No,2,5,Yes,Always,Sometimes,No,Never,4,Excellent,Good,No,Yes,Yes,No,25 to 34,Male,More than 4-year college degree,No,White,No
Plan B,No,Usually,Yes,Usually,4,8,Sometimes,No,10 or more times,Never,Usually,Usually,Usually,0,Yes,1 specialist,4,Yes,Always,Usually,Yes,Sometimes,10,Poor,Excellent,No,Yes,Yes,No,45 to 54,Female,8th grade or less,Yes,Black or African American,Yes
Plan A,Yes,Usually,Yes,Usually,10 or more times,9,Never,Yes,1 time,Sometimes,Always,Always,Always,5,Yes,None,10,No,Never,Usually,Yes,Sometimes,7,Good,Poor,No,Yes,No,No,55 to 64,Male,4-year college graduate,No,American Indian or Alaska Native,No
Plan B,Yes,Always,No,Usually,4,4,Sometimes,No,5 to 9,Usually,Sometimes,Sometimes,Never,6,No,2,3,Yes,Always,Usually,No,Sometimes,3,Good,Good,No,Yes,Yes,Yes,65 to 74,Female,High school graduate or GED,No,White,No
Plan E,No,Sometimes,No,Sometimes,4,0,Always,Yes,1 time,Always,Sometimes,Sometimes,Never,3,Yes,None,4,No,Always,Usually,Yes,Never,3,Good,Fair,Yes,No,Yes,Yes,35 to 44,Male,Some college or 2-year degree,No,Asian,No
Plan C,No,Usually,Yes,Always,None,4,Never,No,3,Usually,Usually,Sometimes,Never,7,Yes,2,2,No,Usually,Always,Yes,Usually,6,Very good,Poor,No,Yes,Yes,No,35 to 44,Female,More than 4-year college degree,Yes,Black or African American,No
Plan A,Yes,Always,No,Usually,3,1,Always,No,10 or more times,Never,Never,Always,Never,7,No,4,5,Yes,Always,Always,No,Always,5,Fair,Good,Yes,No,Yes,No,45 to 54,Female,Some college or 2-year degree,No,White,No
Plan B,Yes,Never,Yes,Always,None,10,Usually,No,10 or more times,Never,Usually,Usually,Never,0,Yes,2,9,Yes,Always,Always,Yes,Never,0,Good,Fair,No,Yes,Yes,No,55 to 64,Male,4-year college graduate,Yes,Black or African American,No
Plan E,Yes,Never,Yes,Never,4,10,Sometimes,Yes,3,Always,Never,Sometimes,Never,8,Yes,4,5,No,Always,Usually,No,Usually,2,Excellent,Excellent,No,Yes,No,Yes,25 to 34,Male,Some high school,Yes,Asian,No
Plan B,Yes,Sometimes,Yes,Usually,None,6,Sometimes,No,10 or more times,Always,Sometimes,Always,Sometimes,8,No,1 specialist,3,No,Usually,Always,No,Sometimes,4,Fair,Excellent,Yes,No,No,Yes,75 or older,Female,8th grade or less,No,Native Hawaiian or Other Pacific Islander,Yes
Plan D,Yes,Never,No,Always,3,6,Always,No,2,Usually,Never,Usually,Never,4,Yes,2,8,No,Sometimes,Never,Yes,Always,8,Poor,Very good,Yes,Yes,No,Yes,18 to 24,Female,4-year college graduate,Yes,Black or African American,No
Plan D,No,Sometimes,No,Usually,2,8,Never,No,3,Sometimes,Never,Sometimes,Always,2,No,None,2,Yes,Always,Always,No,Always,7,Very good,Good,Yes,No,Yes,Yes,25 to 34,Male,Some college or 2-year degree,Yes,American Indian or Alaska Native,Yes
Plan B,No,Sometimes,No,Sometimes,4,3,Never,No,4,Never,Never,Always,Usually,4,No,5 or more specialists,0,Yes,Always,Sometimes,No,Always,3,Excellent,Very good,No,No,Yes,Yes,65 to 74,Male,4-year college graduate,Yes,Other,Yes
Plan B,No,Usually,Yes,Always,10 or more times,7,Sometimes,No,3,Sometimes,Always,Usually,Never,6,No,5 or more specialists,1,Yes,Usually,Never,Yes,Never,3,Fair,Very good,No,No,No,Yes,75 or older,Female,Some college or 2-year degree,No,White,Yes
Plan D,Yes,Usually,No,Usually,3,6,Always,No,10 or more times,Sometimes,Never,Always,Always,1,Yes,1 specialist,4,No,Always,Never,Yes,Usually,3,Excellent,Fair,Yes,No,Yes,Yes,75 or older,Female,8th grade or less,Yes,Other,Yes
Plan A,Yes,Usually,Yes,Always,1 time,0,Never,No,None,Usually,Always,Never,Sometimes,10,Yes,3,5,Yes,Sometimes,Sometimes,No,Usually,8,Very good,Excellent,No,Yes,No,No,55 to 64,Male,Some high school,No,Asian,Yes
Plan E,No,Never,No,Usually,3,1,Always,No,None,Usually,Never,Always,Usually,2,No,1 specialist,6,No,Never,Never,Yes,Always,3,Very good,Poor,No,No,Yes,Yes,35 to 44,Female,High school graduate or GED,Yes,Other,No
Plan A,No,Never,Yes,Sometimes,10 or more times,10,Sometimes,No,10 or more times,Sometimes,Sometimes,Sometimes,Sometimes,1,No,3,2,Yes,Never,Usually,Yes,Always,3,Poor,Good,No,Yes,No,Yes,75 or older,Male,Some high school,No,White,Yes
Plan D,Yes,Never,No,Always,3,2,Never,Yes,5 to 9,Always,Sometimes,Never,Always,10,Yes,5 or more specialists,2,Yes,Usually,Never,Yes,Sometimes,6,Fair,Good,No,Yes,No,Yes,18 to 24,Male,8th grade or less,No,Native Hawaiian or Other Pacific Islander,No
Plan A,Yes,Usually,No,Never,10 or more times,6,Never,Yes,10 or more times,Always,Sometimes,Usually,Usually,1,No,1 specialist,0,Yes,Sometimes,Always,No,Usually,8,Fair,Poor,Yes,Yes,No,Yes,18 to 24,Female,Some college or 2-year degree,Yes,Other,No
Plan B,No,Sometimes,No,Sometimes,4,1,Usually,Yes,None,Usually,Usually,Usually,Never,3,No,None,3,No,Usually,Never,Yes,Usually,4,Poor,Very good,No,No,Yes,Yes,25 to 34,Female,Some college or 2-year degree,Yes,Asian,Yes
Plan E,No,Never,Yes,Usually,4,7,Sometimes,Yes,3,Sometimes,Usually,Never,Always,2,Yes,2,0,No,Always,Always,Yes,Never,7,Very good,Fair,No,Yes,No,Yes,65 to 74,Female,Some high school,No,Other,Yes
Plan A,No,Sometimes,No,Always,3,6,Usually,Yes,3,Sometimes,Usually,Always,Never,5,Yes,3,3,Yes,Sometimes,Never,Yes,Usually,1,Good,Excellent,No,No,No,Yes,65 to 74,Female,Some college or 2-year degree,No,Black or African American,Yes
Plan C,No,Sometimes,Yes,Always,5 to 9,3,Usually,Yes,3,Always,Usually,Sometimes,Never,0,Yes,1 specialist,0,Yes,Usually,Always,No,Sometimes,2,Good,Poor,Yes,No,No,No,55 to 64,Male,Some high school,No,White,No
Plan C,No,Never,No,Always,3,9,Sometimes,No,10 or more times,Usually,Always,Usually,Sometimes,3,Yes,3,3,Yes,Always,Never,Yes,Sometimes,0,Fair,Fair,No,Yes,Yes,Yes,55 to 64,Male,Some high school,Yes,Other,Yes
Plan D,Yes,Usually,No,Usually,4,5,Never,No,3,Never,Always,Never,Never,8,No,None,3,No,Never,Always,Yes,Always,4,Excellent,Poor,No,Yes,Yes,No,45 to 54,Female,More than 4-year college degree,Yes,Native Hawaiian or Other Pacific Islander,No
Plan A,Yes,Always,Yes,Always,5 to 9,0,Always,No,5 to 9,Always,Usually,Always,Always,2,No,4,9,No,Always,Never,Yes,Sometimes,9,Very good,Very good,Yes,Yes,No,Yes,55 to 64,Male,4-year college graduate,Yes,White,Yes
Plan D,No,Sometimes,No,Sometimes,5 to 9,8,Sometimes,No,None,Sometimes,Sometimes,Sometimes,Sometimes,1,No,1 specialist,0,Yes,Usually,Sometimes,No,Never,7,Good,Very good,No,No,No,No,75 or older,Female,High school graduate or GED,Yes,American Indian or Alaska Native,No
Plan C,No,Never,No,Never,1 time,1,Usually,Yes,5 to 9,Always,Never,Never,Usually,8,No,1 specialist,6,Yes,Usually,Sometimes,No,Never,2,Excellent,Excellent,No,Yes,No,No,35 to 44,Male,Some college or 2-year degree,No,Native Hawaiian or Other Pacific Islander,Yes
Plan D,No,Sometimes,No,Sometimes,None,5,Sometimes,Yes,10 or more times,Never,Sometimes,Never,Never,3,No,3,4,No,Always,Sometimes,Yes,Always,7,Fair,Good,No,Yes,No,No,55 to 64,Female,4-year college graduate,Yes,Black or African American,No
Plan B,No,Never,No,Always,5 to 9,3,Never,Yes,1 time,Usually,Sometimes,Usually,Sometimes,5,No,None,1,Yes,Usually,Always,Yes,Sometimes,0,Good,Very good,Yes,Yes,Yes,Yes,55 to 64,Male,8th grade or less,No,Native Hawaiian or Other Pacific Islander,No
Plan E,No,Usually,Yes,Always,4,10,Always,No,5 to 9,Always,Usually,Usually,Sometimes,10,Yes,4,10,No,Always,Sometimes,No,Usually,2,Very good,Excellent,No,Yes,No,Yes,55 to 64,Male,More than 4-year college degree,No,Other,No
Plan B,No,Always,No,Sometimes,4,5,Always,Yes,5 to 9,Always,Usually,Usually,Sometimes,6,No,2,5,No,Sometimes,Sometimes,No,Never,0,Fair,Very good,No,Yes,No,Yes,35 to 44,Male,High school graduate or GED,No,White,No
Plan C,Yes,Never,Yes,Never,None,9,Always,Yes,None,Usually,Never,Usually,Usually,4,No,None,3,No,Usually,Sometimes,No,Always,10,Good,Excellent,No,No,Yes,No,45 to 54,Male,More than 4-year college degree,No,Asian,No
Plan E,No,Usually,No,Usually,1 time,1,Sometimes,Yes,2,Sometimes,Usually,Sometimes,Always,6,Yes,1 specialist,6,Yes,Usually,Never,No,Usually,7,Excellent,Very good,No,Yes,Yes,Yes,65 to 74,Male,High school graduate or GED,No,White,Yes
Plan A,Yes,Sometimes,Yes,Never,4,8,Always,No,None,Sometimes,Never,Always,Never,0,No,1 specialist,2,No,Never,Always,Yes,Never,5,Fair,Poor,Yes,Yes,No,No,75 or older,Female,8th grade or less,Yes,Other,No
Plan B,Yes,Never,No,Sometimes,3,5,Usually,Yes,4,Usually,Always,Sometimes,Sometimes,9,No,None,9,No,Sometimes,Always,Yes,Never,3,Very good,Poor,Yes,Yes,No,No,65 to 74,Male,4-year college graduate,Yes,Black or African American,No
Plan A,Yes,Never,No,Never,2,1,Never,Yes,1 time,Never,Always,Never,Never,0,No,None,9,Yes,Sometimes,Usually,No,Usually,10,Excellent,Poor,Yes,No,No,Yes,18 to 24,Male,Some high school,No,White,No
Plan C,Yes,Never,No,Never,4,6,Sometimes,Yes,1 time,Never,Never,Usually,Never,9,No,3,8,Yes,Usually,Sometimes,No,Sometimes,3,Excellent,Very good,Yes,No,Yes,Yes,55 to 64,Female,Some college or 2-year degree,Yes,Asian,No
Plan E,No,Usually,Yes,Usually,10 or more times,5,Always,Yes,5 to 9,Always,Sometimes,Sometimes,Sometimes,1,Yes,4,8,No,Sometimes,Always,Yes,Sometimes,6,Good,Good,Yes,No,No,No,55 to 64,Male,High school graduate or GED,Yes,American Indian or Alaska Native,No
Plan A,Yes,Never,No,Sometimes,3,9,Always,No,10 or more times,Always,Never,Always,Usually,6,No,2,7,Yes,Always,Sometimes,No,Usually,6,Very good,Poor,Yes,Yes,Yes,Yes,25 to 34,Female,4-year college graduate,No,Other,No
Plan C,No,Always,No,Never,None,10,Always,No,5 to 9,Sometimes,Always,Usually,Sometimes,8,Yes,2,8,No,Sometimes,Never,No,Never,2,Fair,Excellent,No,Yes,No,No,25 to 34,Female,More than 4-year college degree,Yes,Asian,No
Plan B,Yes,Always,No,Sometimes,2,4,Sometimes,No,None,Sometimes,Always,Sometimes,Always,8,No,1 specialist,9,Yes,Always,Sometimes,Yes,Sometimes,10,Poor,Excellent,No,No,Yes,Yes,75 or older,Male,8th grade or less,No,Other,Yes
Plan D,Yes,Usually,No,Usually,3,0,Always,Yes,2,Sometimes,Always,Never,Sometimes,9,No,1 specialist,4,No,Sometimes,Sometimes,No,Always,10,Excellent,Excellent,No,No,No,No,55 to 64,Male,4-year college graduate,No,Other,Yes
Plan D,No,Always,No,Usually,1 time,3,Never,Yes,10 or more times,Always,Never,Sometimes,Usually,9,No,3,3,Yes,Never,Never,No,Sometimes,6,Fair,Excellent,No,No,No,Yes,65 to 74,Male,8th grade or less,Yes,Black or African American,Yes
Plan E,Yes,Usually,No,Sometimes,2,7,Never,Yes,1 time,Always,Always,Never,Usually,8,No,1 specialist,4,Yes,Always,Sometimes,Yes,Sometimes,3,Poor,Excellent,Yes,Yes,No,Yes,35 to 44,Male,8th grade or less,No,American Indian or Alaska Native,Yes
Plan D,No,Sometimes,Yes,Usually,None,8,Always,Yes,None,Never,Never,Usually,Always,3,Yes,3,5,Yes,Sometimes,Always,No,Never,1,Very good,Good,No,No,Yes,Yes,25 to 34,Female,8th grade or less,No,American Indian or Alaska Native,No
Plan D,No,Never,Yes,Never,10 or more times,8,Usually,Yes,4,Never,Usually,Never,Never,7,Yes,2,8,Yes,Never,Always,Yes,Sometimes,0,Good,Poor,Yes,No,No,Yes,25 to 34,Male,More than 4-year college degree,Yes,American Indian or Alaska Native,Yes
Plan C,No,Never,Yes,Sometimes,3,1,Usually,No,4,Always,Always,Usually,Sometimes,3,No,None,9,No,Always,Never,No,Usually,7,Very good,Excellent,Yes,Yes,No,No,25 to 34,Male,High school graduate or GED,Yes,American Indian or Alaska Native,Yes
Plan D,No,Always,Yes,Usually,None,3,Usually,No,2,Usually,Never,Always,Usually,5,Yes,4,10,Yes,Never,Never,Yes,Usually,1,Very good,Fair,No,No,Yes,No,35 to 44,Male,More than 4-year college degree,No,Native Hawaiian or Other Pacific Islander,Yes
Plan C,Yes,Sometimes,No,Never,3,3,Usually,No,3,Never,Sometimes,Sometimes,Never,3,Yes,2,7,No,Never,Sometimes,Yes,Sometimes,2,Good,Excellent,Yes,Yes,Yes,No,35 to 44,Male,High school graduate or GED,No,Black or African American,Yes
Plan B,Yes,Always,No,Usually,10 or more times,10,Usually,Yes,4,Usually,Sometimes,Never,Sometimes,9,No,1 specialist,7,Yes,Usually,Always,No,Usually,10,Excellent,Fair,No,No,Yes,No,25 to 34,Female,Some high school,No,White,No
Plan C,No,Never,Yes,Usually,2,4,Usually,No,None,Sometimes,Usually,Always,Never,4,No,2,6,Yes,Never,Sometimes,No,Sometimes,8,Poor,Excellent,No,Yes,No,No,55 to 64,Female,Some college or 2-year degree,No,White,No
Plan D,Yes,Always,No,Never,4,1,Sometimes,No,None,Never,Sometimes,Never,Always,6,No,4,2,No,Always,Usually,Yes,Sometimes,4,Poor,Fair,Yes,Yes,No,No,55 to 64,Male,Some high school,Yes,Black or African American,No
Plan D,No,Never,No,Always,2,9,Sometimes,No,4,Usually,Sometimes,Sometimes,Usually,2,Yes,5 or more specialists,10,No,Usually,Never,No,Always,5,Fair,Fair,No,Yes,Yes,Yes,55 to 64,Male,Some college or 2-year degree,Yes,Asian,No
Plan E,Yes,Sometimes,No,Sometimes,5 to 9,2,Sometimes,Yes,10 or more times,Always,Never,Never,Usually,10,No,3,8,No,Sometimes,Sometimes,No,Never,6,Excellent,Excellent,Yes,Yes,Yes,Yes,35 to 44,Female,4-year college graduate,No,American Indian or Alaska Native,Yes
Plan C,No,Never,No,Usually,4,7,Usually,Yes,5 to 9,Never,Sometimes,Usually,Always,3,Yes,4,9,No,Usually,Always,No,Sometimes,1,Excellent,Excellent,No,Yes,Yes,Yes,25 to 34,Male,Some high school,Yes,Other,Yes
Plan B,Yes,Usually,No,Always,1 time,10,Never,No,None,Usually,Sometimes,Always,Usually,9,No,2,2,No,Always,Never,No,Usually,1,Good,Fair,No,No,No,Yes,65 to 74,Female,More than 4-year college degree,Yes,Native Hawaiian or Other Pacific Islander,Yes
Plan E,No,Always,Yes,Never,3,3,Usually,No,1 time,Usually,Never,Usually,Usually,4,No,5 or more specialists,10,No,Never,Never,Yes,Never,7,Poor,Poor,No,Yes,No,Yes,65 to 74,Female,More than 4-year college degree,No,American Indian or Alaska Native,Yes
Plan B,No,Always,Yes,Usually,4,2,Never,No,2,Usually,Usually,Never,Sometimes,7,Yes,2,3,No,Never,Always,No,Usually,6,Very good,Poor,No,Yes,Yes,No,55 to 64,Male,More than 4-year college degree,Yes,Asian,No
Plan A,Yes,Usually,Yes,Usually,1 time,5,Always,No,None,Usually,Sometimes,Sometimes,Never,8,No,1 specialist,9,Yes,Always,Never,No,Always,1,Excellent,Poor,Yes,No,No,Yes,35 to 44,Female,8th grade or less,Yes,Native Hawaiian or Other Pacific Islander,Yes
Plan E,No,Always,No,Sometimes,4,2,Always,Yes,10 or more times,Usually,Never,Sometimes,Sometimes,1,Yes,1 specialist,9,No,Never,Never,Yes,Usually,1,Fair,Very good,Yes,Yes,No,No,18 to 24,Male,4-year college graduate,Yes,White,No
Plan E,Yes,Sometimes,Yes,Always,1 time,8,Never,No,4,Sometimes,Never,Usually,Never,3,Yes,5 or more specialists,9,Yes,Usually,Always,Yes,Always,0,Excellent,Poor,No,No,Yes,Yes,75 or older,Male,Some college or 2-year degree,No,Native Hawaiian or Other Pacific Islander,No
Plan E,Yes,Usually,Yes,Never,5 to 9,5,Sometimes,Yes,4,Sometimes,Never,Sometimes,Sometimes,8,No,3,4,Yes,Always,Never,Yes,Always,3,Very good,Excellent,Yes,Yes,Yes,No,55 to 64,Female,Some high school,No,White,No
Plan D,No,Usually,Yes,Sometimes,1 time,6,Never,No,4,Always,Never,Never,Sometimes,9,Yes,None,5,No,Sometimes,Sometimes,No,Sometimes,1,Fair,Fair,Yes,No,Yes,Yes,55 to 64,Female,More than 4-year college degree,Yes,American Indian or Alaska Native,No
Plan D,Yes,Never,Yes,Never,3,1,Usually,Yes,3,Always,Always,Usually,Never,0,No,5 or more specialists,9,No,Always,Sometimes,Yes,Usually,7,Fair,Excellent,No,No,No,No,25 to 34,Female,Some high school,No,Other,No
Plan D,No,Always,No,Usually,10 or more times,6,Always,No,3,Usually,Never,Never,Always,3,No,1 specialist,9,No,Sometimes,Always,No,Sometimes,2,Fair,Excellent,Yes,No,Yes,No,75 or older,Male,Some college or 2-year degree,No,American Indian or Alaska Native,Yes
Plan B,Yes,Never,Yes,Always,2,5,Never,Yes,4,Usually,Never,Sometimes,Never,2,Yes,5 or more specialists,0,Yes,Usually,Never,No,Usually,2,Very good,Good,Yes,No,No,No,55 to 64,Male,4-year college graduate,Yes,Asian,No
Plan B,Yes,Never,No,Never,5 to 9,1,Never,Yes,None,Always,Never,Usually,Always,9,No,2,9,No,Never,Sometimes,No,Usually,7,Good,Poor,No,Yes,Yes,No,18 to 24,Female,Some college or 2-year degree,No,Black or African American,Yes
Plan A,Yes,Sometimes,Yes,Always,1 time,6,Never,Yes,3,Never,Sometimes,Usually,Always,10,Yes,5 or more specialists,6,No,Usually,Always,No,Never,9,Good,Fair,Yes,No,Yes,No,75 or older,Female,High school graduate or GED,No,Other,Yes
Plan A,Yes,Always,No,Usually,None,0,Always,No,10 or more times,Usually,Usually,Sometimes,Never,3,No,2,10,Yes,Usually,Usually,Yes,Never,5,Good,Excellent,Yes,No,No,Yes,45 to 54,Female,More than 4-year college degree,Yes,Black or African American,No
Plan A,Yes,Usually,Yes,Never,2,8,Sometimes,No,3,Usually,Always,Never,Never,3,Yes,2,3,No,Sometimes,Sometimes,Yes,Never,7,Very good,Very good,No,Yes,No,No,55 to 64,Female,Some high school,No,Black or African American,Yes
Plan D,Yes,Always,Yes,Never,2,2,Usually,Yes,3,Always,Usually,Usually,Always,5,Yes,None,3,Yes,Sometimes,Always,Yes,Always,0,Good,Fair,Yes,No,Yes,Yes,75 or older,Male,High school graduate or GED,No,Native Hawaiian or Other Pacific Islander,Yes
Plan D,Yes,Never,No,Always,1 time,6,Sometimes,Yes,5 to 9,Never,Usually,Always,Sometimes,6,No,5 or more specialists,5,Yes,Always,Usually,Yes,Always,1,Fair,Good,No,Yes,Yes,Yes,75 or older,Male,High school graduate or GED,No,Asian,No
Plan B,No,Never,No,Never,4,3,Always,No,2,Usually,Always,Always,Always,8,Yes,5 or more specialists,10,No,Always,Never,No,Never,8,Very good,Very good,No,No,Yes,Yes,45 to 54,Male,High school graduate or GED,No,Native Hawaiian or Other Pacific Islander,No
Plan D,Yes,Sometimes,Yes,Never,5 to 9,0,Never,No,None,Always,Usually,Always,Sometimes,9,No,1 specialist,10,Yes,Usually,Usually,No,Always,3,Very good,Good,Yes,No,Yes,Yes,25 to 34,Male,Some high school,Yes,Native Hawaiian or Other Pacific Islander,Yes
Plan C,Yes,Never,Yes,Sometimes,10 or more times,6,Always,Yes,1 time,Usually,Never,Never,Always,9,Yes,1 specialist,4,No,Always,Sometimes,No,Usually,2,Fair,Good,No,No,No,Yes,45 to 54,Female,8th grade or less,Yes,Black or African American,No
Plan A,Yes,Sometimes,Yes,Usually,3,3,Usually,Yes,2,Usually,Always,Sometimes,Always,2,Yes,5 or more specialists,0,No,Always,Sometimes,No,Sometimes,1,Fair,Poor,Yes,No,No,Yes,55 to 64,Female,Some high school,No,Black or African American,No
Plan C,No,Usually,Yes,Sometimes,10 or more times,6,Sometimes,Yes,1 time,Always,Never,Always,Always,7,No,1 specialist,8,No,Never,Sometimes,No,Never,8,Fair,Poor,Yes,No,No,Yes,55 to 64,Female,8th grade or less,Yes,White,No
Plan D,Yes,Usually,No,Never,2,7,Always,No,10 or more times,Usually,Always,Always,Usually,0,No,4,1,No,Never,Usually,Yes,Sometimes,4,Poor,Excellent,No,Yes,No,No,18 to 24,Male,4-year college graduate,No,American Indian or Alaska Native,Yes
Plan A,Yes,Always,No,Always,1 time,5,Always,No,10 or more times,Never,Sometimes,Usually,Never,9,No,1 specialist,8,Yes,Never,Always,Yes,Never,5,Very good,Very good,Yes,No,No,No,45 to 54,Female,More than 4-year college degree,Yes,Other,Yes
Plan C,Yes,Always,Yes,Sometimes,4,10,Never,Yes,10 or more times,Sometimes,Usually,Never,Usually,4,No,2,2,Yes,Usually,Usually,No,Always,6,Very good,Fair,No,No,No,No,35 to 44,Female,High school graduate or GED,No,Asian,No
Plan C,No,Never,No,Sometimes,1 time,3,Never,Yes,2,Never,Always,Sometimes,Usually,5,Yes,None,9,No,Sometimes,Sometimes,Yes,Sometimes,10,Excellent,Fair,Yes,Yes,No,Yes,45 to 54,Female,High school graduate or GED,No,Other,No
Plan E,Yes,Always,Yes,Usually,4,2,Never,Yes,4,Sometimes,Always,Usually,Sometimes,0,No,2,6,Yes,Never,Sometimes,No,Sometimes,3,Fair,Poor,No,No,Yes,No,45 to 54,Female,4-year college graduate,No,Black or African American,Yes
Plan A,No,Always,No,Usually,1 time,8,Always,Yes,5 to 9,Usually,Always,Always,Always,7,No,3,8,No,Always,Usually,Yes,Never,10,Poor,Excellent,No,No,Yes,No,25 to 34,Male,High school graduate or GED,Yes,Asian,No
Plan C,No,Always,Yes,Always,3,0,Never,Yes,10 or more times,Usually,Never,Usually,Always,8,Yes,5 or more specialists,9,No,Always,Sometimes,No,Sometimes,6,Excellent,Poor,Yes,Yes,No,Yes,75 or older,Female,8th grade or less,Yes,Asian,Yes
Plan E,No,Never,Yes,Always,5 to 9,3,Usually,No,5 to 9,Never,Usually,Sometimes,Sometimes,9,No,None,2,No,Usually,Sometimes,No,Always,2,Very good,Good,Yes,No,Yes,Yes,55 to 64,Male,Some college or 2-year degree,Yes,Asian,Yes
Plan E,Yes,Usually,Yes,Always,10 or more times,9,Never,Yes,5 to 9,Never,Always,Never,Always,2,Yes,1 specialist,9,Yes,Never,Always,Yes,Sometimes,3,Good,Poor,No,Yes,No,No,18 to 24,Male,High school graduate or GED,No,White,No
Plan E,No,Sometimes,Yes,Never,2,8,Usually,No,3,Always,Sometimes,Always,Sometimes,0,No,4,7,Yes,Usually,Always,Yes,Sometimes,6,Good,Very good,No,No,No,Yes,35 to 44,Male,High school graduate or GED,No,Other,No
Plan A,Yes,Always,No,Sometimes,3,5,Always,No,4,Always,Sometimes,Usually,Usually,6,Yes,5 or more specialists,4,No,Usually,Sometimes,Yes,Never,5,Fair,Poor,No,No,No,No,55 to 64,Female,4-year college graduate,No,Native Hawaiian or Other Pacific Islander,Yes
Plan C,Yes,Never,No,Always,4,1,Usually,No,3,Always,Sometimes,Never,Always,5,Yes,None,3,No,Never,Always,No,Always,10,Very good,Very good,No,No,No,Yes,18 to 24,Male,High school graduate or GED,Yes,Black or African American,No
Plan B,No,Always,No,Always,1 time,3,Sometimes,No,None,Never,Sometimes,Sometimes,Always,2,No,3,10,No,Always,Always,No,Sometimes,9,Good,Fair,Yes,No,No,Yes,65 to 74,Male,8th grade or less,No,Native Hawaiian or Other Pacific Islander,No
Plan C,Yes,Never,No,Sometimes,1 time,1,Usually,No,None,Sometimes,Never,Sometimes,Usually,0,Yes,4,4,No,Usually,Always,Yes,Usually,5,Very good,Excellent,No,No,No,No,55 to 64,Male,Some high school,Yes,Other,Yes
Plan A,No,Never,Yes,Always,None,9,Sometimes,No,5 to 9,Always,Usually,Always,Always,4,No,4,7,Yes,Usually,Always,No,Never,9,Very good,Excellent,Yes,Yes,No,Yes,75 or older,Female,Some college or 2-year degree,Yes,Native Hawaiian or Other Pacific Islander,No
Plan E,No,Never,Yes,Always,1 time,1,Sometimes,Yes,2,Sometimes,Usually,Sometimes,Sometimes,8,Yes,3,5,Yes,Never,Usually,Yes,Always,7,Fair,Excellent,Yes,Yes,No,No,65 to 74,Female,Some high school,No,White,No
Plan D,No,Sometimes,No,Never,None,5,Usually,Yes,4,Always,Always,Usually,Always,9,No,1 specialist,6,No,Sometimes,Always,Yes,Never,4,Excellent,Very good,No,No,Yes,Yes,75 or older,Male,4-year college graduate,Yes,American Indian or Alaska Native,Yes
Plan D,Yes,Always,No,Always,None,1,Usually,Yes,3,Never,Sometimes,Usually,Always,8,Yes,None,4,No,Never,Never,Yes,Usually,5,Fair,Very good,Yes,Yes,No,No,35 to 44,Female,4-year college graduate,Yes,White,Yes
Plan D,Yes,Never,No,Usually,2,3,Never,Yes,5 to 9,Always,Sometimes,Never,Sometimes,9,No,1 specialist,6,Yes,Usually,Usually,Yes,Always,5,Fair,Fair,Yes,Yes,No,No,45 to 54,Male,Some high school,Yes,Black or African American,No
Plan A,Yes,Sometimes,No,Never,2,3,Always,No,3,Sometimes,Always,Always,Never,6,No,2,7,Yes,Never,Never,No,Never,6,Fair,Fair,Yes,Yes,No,No,25 to 34,Male,4-year college graduate,No,Asian,Yes
Plan C,No,Usually,No,Never,10 or more times,9,Never,Yes,2,Always,Usually,Sometimes,Usually,7,No,2,8,Yes,Always,Never,Yes,Always,9,Good,Poor,Yes,No,No,No,35 to 44,Female,High school graduate or GED,Yes,Other,No
Plan E,Yes,Usually,No,Never,None,9,Never,No,5 to 9,Sometimes,Sometimes,Usually,Usually,9,Yes,None,9,No,Never,Never,No,Never,3,Poor,Fair,No,No,No,No,55 to 64,Male,8th grade or less,Yes,White,No
Plan B,Yes,Always,No,Sometimes,1 time,4,Sometimes,Yes,3,Usually,Sometimes,Always,Sometimes,9,Yes,2,9,No,Usually,Always,No,Sometimes,9,Poor,Very good,Yes,No,No,Yes,75 or older,Male,More than 4-year college degree,No,Native Hawaiian or Other Pacific Islander,Yes
Plan A,Yes,Always,No,Sometimes,1 time,3,Never,Yes,4,Sometimes,Sometimes,Never,Never,7,No,1 specialist,3,No,Always,Sometimes,No,Always,5,Poor,Fair,Yes,Yes,Yes,No,18 to 24,Male,4-year college graduate,Yes,Black or African American,No
Plan A,Yes,Usually,Yes,Never,1 time,9,Sometimes,No,2,Usually,Sometimes,Always,Never,5,No,5 or more specialists,0,Yes,Usually,Sometimes,No,Always,5,Good,Fair,No,No,Yes,No,45 to 54,Male,Some high school,No,American Indian or Alaska Native,No
Plan E,Yes,Usually,No,Always,3,5,Sometimes,Yes,None,Sometimes,Always,Usually,Always,3,No,None,2,No,Sometimes,Usually,No,Always,4,Very good,Good,Yes,Yes,No,Yes,65 to 74,Male,4-year college graduate,No,Other,Yes
Plan D,Yes,Never,Yes,Never,1 time,5,Always,No,10 or more times,Usually,Never,Never,Always,3,Yes,None,10,Yes,Never,Usually,No,Usually,2,Very good,Fair,No,No,No,No,45 to 54,Male,High school graduate or GED,Yes,White,Yes
Plan C,No,Usually,No,Usually,2,5,Usually,No,3,Sometimes,Usually,Never,Never,5,No,2,3,Yes,Sometimes,Usually,Yes,Always,6,Fair,Fair,Yes,Yes,Yes,No,65 to 74,Female,More than 4-year college degree,No,White,No
Plan B,No,Never,No,Always,2,2,Sometimes,Yes,4,Never,Never,Sometimes,Never,5,Yes,4,8,No,Sometimes,Never,Yes,Usually,5,Fair,Very good,Yes,Yes,No,Yes,25 to 34,Female,4-year college graduate,No,Native Hawaiian or Other Pacific Islander,No
Plan D,No,Never,No,Always,3,10,Usually,Yes,2,Usually,Always,Always,Never,10,No,None,8,No,Always,Usually,Yes,Sometimes,8,Poor,Very good,No,Yes,No,Yes,65 to 74,Male,High school graduate or GED,No,Black or African American,No
Plan D,No,Sometimes,No,Never,10 or more times,3,Sometimes,Yes,4,Always,Always,Always,Never,10,Yes,4,9,No,Never,Usually,Yes,Never,10,Poor,Very good,No,Yes,Yes,No,55 to 64,Female,4-year college graduate,No,Other,Yes
Plan E,Yes,Sometimes,Yes,Always,4,3,Never,No,None,Usually,Sometimes,Sometimes,Never,3,No,5 or more specialists,0,Yes,Usually,Usually,No,Sometimes,1,Very good,Good,No,No,Yes,Yes,55 to 64,Male,8th grade or less,No,Asian,No
Plan C,Yes,Sometimes,Yes,Sometimes,2,2,Never,Yes,3,Sometimes,Never,Sometimes,Sometimes,3,Yes,5 or more specialists,7,No,Usually,Always,No,Sometimes,10,Fair,Good,No,No,Yes,No,18 to 24,Female,Some college or 2-year degree,No,Black or African American,No
Plan E,Yes,Always,No,Usually,5 to 9,6,Usually,Yes,5 to 9,Always,Sometimes,Sometimes,Usually,9,Yes,5 or more specialists,8,No,Usually,Never,Yes,Always,7,Poor,Fair,Yes,Yes,Yes,No,18 to 24,Female,4-year college graduate,Yes,Asian,No
Plan C,No,Always,No,Always,5 to 9,5,Usually,No,1 time,Usually,Usually,Sometimes,Always,5,No,None,3,No,Never,Always,Yes,Never,5,Excellent,Fair,Yes,Yes,Yes,Yes,35 to 44,Female,4-year college graduate,Yes,Native Hawaiian or Other Pacific Islander,Yes
Plan B,No,Usually,Yes,Usually,4,4,Never,Yes,10 or more times,Sometimes,Always,Usually,Usually,1,Yes,4,3,Yes,Sometimes,Usually,Yes,Never,1,Poor,Poor,Yes,Yes,Yes,Yes,65 to 74,Female,Some high school,Yes,Black or African American,Yes
Plan A,No,Sometimes,Yes,Always,10 or more times,2,Never,Yes,2,Usually,Always,Sometimes,Always,6,No,3,4,No,Usually,Never,Yes,Never,0,Excellent,Excellent,Yes,No,Yes,No,25 to 34,Female,8th grade or less,No,Other,Yes
Plan B,Yes,Always,Yes,Never,3,7,Always,No,10 or more times,Always,Always,Always,Always,0,No,2,7,No,Always,Usually,No,Sometimes,1,Fair,Excellent,No,No,Yes,Yes,25 to 34,Female,Some college or 2-year degree,Yes,Native Hawaiian or Other Pacific Islander,Yes
Plan A,Yes,Never,Yes,Sometimes,None,7,Always,Yes,4,Sometimes,Never,Sometimes,Never,0,No,2,10,Yes,Sometimes,Usually,No,Never,9,Very good,Poor,No,No,Yes,No,55 to 64,Female,High school graduate or GED,No,Black or African American,Yes
Plan B,Yes,Never,Yes,Usually,10 or more times,5,Usually,No,5 to 9,Always,Usually,Sometimes,Usually,6,No,1 specialist,0,No,Never,Sometimes,Yes,Always,6,Excellent,Good,No,Yes,No,No,35 to 44,Male,More than 4-year college degree,Yes,American Indian or Alaska Native,Yes
Plan E,No,Usually,No,Never,1 time,7,Always,No,4,Always,Never,Usually,Never,2,Yes,2,7,Yes,Sometimes,Always,Yes,Usually,6,Very good,Poor,No,No,Yes,No,35 to 44,Male,High school graduate or GED,Yes,Native Hawaiian or Other Pacific Islander,No
Plan A,Yes,Usually,No,Sometimes,None,5,Never,No,2,Sometimes,Usually,Never,Never,4,Yes,2,10,No,Always,Sometimes,Yes,Never,3,Very good,Very good,Yes,No,No,No,35 to 44,Female,Some high school,Yes,American Indian or Alaska Native,Yes
Plan B,No,Usually,No,Always,1 time,5,Usually,No,1 time,Sometimes,Usually,Sometimes,Sometimes,9,Yes,3,3,No,Sometimes,Always,No,Usually,9,Excellent,Very good,Yes,Yes,Yes,No,25 to 34,Male,8th grade or less,Yes,American Indian or Alaska Native,Yes
Plan C,No,Never,No,Usually,None,8,Sometimes,No,5 to 9,Sometimes,Usually,Never,Always,9,No,None,5,Yes,Always,Never,Yes,Usually,8,Very good,Poor,No,No,Yes,No,35 to 44,Male,More than 4-year college degree,Yes,Black or African American,No
Plan B,Yes,Sometimes,Yes,Always,2,3,Sometimes,Yes,10 or more times,Never,Never,Usually,Always,0,Yes,4,2,Yes,Always,Usually,Yes,Usually,8,Poor,Poor,Yes,Yes,Yes,No,75 or older,Male,More than 4-year college degree,No,White,No
Plan D,No,Never,Yes,Never,3,8,Sometimes,No,10 or more times,Usually,Never,Usually,Never,5,Yes,4,5,Yes,Sometimes,Sometimes,Yes,Usually,2,Good,Poor,No,No,Yes,Yes,75 or older,Male,Some college or 2-year degree,Yes,Other,No
Plan E,Yes,Usually,Yes,Always,None,6,Always,Yes,10 or more times,Usually,Sometimes,Sometimes,Usually,5,No,2,0,No,Usually,Always,No,Usually,0,Fair,Very good,No,Yes,No,No,25 to 34,Male,Some high school,No,Other,Yes
Plan D,No,Never,No,Never,1 time,5,Never,No,1 time,Usually,Always,Usually,Always,10,Yes,2,2,Yes,Never,Sometimes,No,Usually,10,Excellent,Very good,Yes,No,Yes,Yes,75 or older,Female,High school graduate or GED,Yes,Black or African American,Yes
Plan D,Yes,Sometimes,No,Never,4,4,Sometimes,No,None,Never,Always,Sometimes,Never,5,Yes,2,5,Yes,Always,Never,No,Never,8,Fair,Excellent,Yes,Yes,No,Yes,45 to 54,Female,More than 4-year college degree,Yes,Black or African American,No
Plan E,Yes,Never,No,Always,10 or more times,1,Always,Yes,4,Always,Usually,Always,Never,4,No,2,6,Yes,Usually,Usually,No,Always,6,Good,Very good,No,Yes,No,Yes,25 to 34,Female,Some college or 2-year degree,No,Black or African American,Yes
Plan B,Yes,Never,No,Usually,10 or more times,3,Sometimes,Yes,2,Usually,Sometimes,Sometimes,Sometimes,9,Yes,4,10,No,Sometimes,Always,Yes,Usually,0,Very good,Good,Yes,Yes,Yes,Yes,45 to 54,Male,8th grade or less,No,White,Yes
Plan E,Yes,Never,Yes,Always,10 or more times,4,Usually,No,2,Usually,Never,Never,Always,2,Yes,1 specialist,0,No,Always,Usually,No,Always,5,Poor,Excellent,No,Yes,No,No,75 or older,Female,8th grade or less,No,American Indian or Alaska Native,No
Plan A,No,Always,Yes,Always,None,8,Always,No,4,Always,Always,Always,Usually,0,No,2,0,Yes,Never,Sometimes,No,Sometimes,0,Good,Very good,Yes,No,No,No,25 to 34,Male,4-year college graduate,No,White,Yes
Plan A,No,Always,No,Never,2,6,Usually,No,1 time,Usually,Sometimes,Sometimes,Never,2,Yes,None,5,No,Never,Never,No,Usually,7,Poor,Good,Yes,No,No,No,55 to 64,Male,8th grade or less,No,American Indian or Alaska Native,Yes
Plan A,No,Never,No,Usually,None,6,Sometimes,Yes,4,Always,Never,Sometimes,Never,9,No,2,7,Yes,Usually,Sometimes,Yes,Usually,2,Excellent,Excellent,No,No,No,No,65 to 74,Male,Some high school,No,White,Yes
Plan A,Yes,Never,Yes,Usually,None,1,Always,No,5 to 9,Always,Usually,Usually,Usually,7,No,4,10,No,Always,Always,No,Never,6,Poor,Fair,Yes,No,No,No,25 to 34,Male,4-year college graduate,Yes,Native Hawaiian or Other Pacific Islander,No
Plan D,Yes,Always,Yes,Sometimes,2,3,Sometimes,Yes,4,Always,Usually,Sometimes,Always,4,Yes,None,10,Yes,Sometimes,Sometimes,No,Usually,7,Excellent,Poor,Yes,Yes,No,Yes,65 to 74,Female,4-year college graduate,No,American Indian or Alaska Native,Yes
Plan C,No,Never,Yes,Sometimes,1 time,9,Usually,No,4,Never,Always,Sometimes,Sometimes,0,Yes,2,9,No,Always,Never,No,Always,9,Very good,Poor,No,Yes,No,No,35 to 44,Male,4-year college graduate,Yes,Other,No
Plan A,No,Never,No,Never,3,0,Always,No,3,Never,Always,Sometimes,Usually,0,No,1 specialist,5,No,Sometimes,Always,Yes,Always,3,Poor,Excellent,Yes,No,Yes,Yes,35 to 44,Male,More than 4-year college degree,No,White,Yes
Plan D,Yes,Never,Yes,Never,None,8,Sometimes,Yes,2,Never,Usually,Always,Usually,3,No,None,1,No,Sometimes,Never,Yes,Sometimes,2,Good,Good,No,No,Yes,Yes,75 or older,Male,4-year college graduate,No,White,Yes
Plan A,Yes,Never,No,Sometimes,1 time,7,Always,No,10 or more times,Never,Usually,Never,Sometimes,9,No,3,6,Yes,Always,Usually,Yes,Always,3,Very good,Poor,Yes,Yes,Yes,No,65 to 74,Female,More than 4-year college degree,No,Asian,No
Plan C,Yes,Sometimes,Yes,Always,4,2,Never,Yes,2,Always,Always,Always,Never,6,No,2,3,Yes,Sometimes,Always,Yes,Never,6,Very good,Poor,No,No,No,No,65 to 74,Male,High school graduate or GED,No,Black or African American,Yes
Plan D,Yes,Sometimes,No,Usually,2,8,Sometimes,No,4,Usually,Usually,Sometimes,Always,0,Yes,3,0,No,Always,Sometimes,No,Sometimes,2,Excellent,Fair,No,Yes,No,Yes,45 to 54,Female,4-year college graduate,Yes,Native Hawaiian or Other Pacific Islander,Yes
Plan D,No,Usually,No,Always,10 or more times,9,Sometimes,No,2,Usually,Usually,Usually,Always,0,No,3,8,Yes,Never,Sometimes,Yes,Sometimes,3,Excellent,Good,No,Yes,No,Yes,18 to 24,Female,High school graduate or GED,Yes,Asian,Yes
Plan C,No,Usually,No,Always,3,3,Sometimes,No,5 to 9,Never,Always,Usually,Sometimes,4,No,5 or more specialists,8,No,Usually,Never,Yes,Usually,10,Excellent,Very good,No,Yes,Yes,No,25 to 34,Male,8th grade or less,No,Asian,No
Plan D,Yes,Usually,No,Usually,4,10,Sometimes,Yes,3,Never,Never,Sometimes,Always,0,Yes,None,8,Yes,Never,Always,Yes,Never,0,Fair,Good,Yes,No,No,Yes,75 or older,Male,More than 4-year college degree,Yes,American Indian or Alaska Native,Yes
Plan E,Yes,Sometimes,No,Sometimes,1 time,8,Usually,Yes,4,Always,Usually,Always,Never,10,Yes,None,1,Yes,Always,Sometimes,Yes,Never,8,Poor,Good,Yes,Yes,Yes,Yes,25 to 34,Male,4-year college graduate,No,Other,Yes
Plan B,No,Always,Yes,Usually,None,6,Usually,No,4,Always,Always,Always,Never,0,Yes,4,9,No,Usually,Always,No,Never,6,Excellent,Very good,No,No,No,No,65 to 74,Female,4-year college graduate,No,Black or African American,Yes
Plan E,Yes,Usually,No,Sometimes,5 to 9,6,Always,No,None,Always,Always,Always,Always,7,Yes,None,9,Yes,Never,Usually,No,Usually,9,Very good,Good,Yes,Yes,Yes,Yes,45 to 54,Female,Some high school,No,American Indian or Alaska Native,Yes
Plan A,Yes,Never,No,Always,4,7,Sometimes,No,2,Never,Usually,Never,Always,7,No,None,4,Yes,Always,Sometimes,Yes,Never,1,Fair,Poor,Yes,No,No,Yes,65 to 74,Male,Some college or 2-year degree,No,White,Yes
Plan C,Yes,Always,No,Usually,4,7,Usually,No,2,Usually,Usually,Never,Never,1,No,5 or more specialists,2,No,Usually,Sometimes,No,Sometimes,0,Very good,Poor,Yes,No,Yes,Yes,35 to 44,Female,Some college or 2-year degree,Yes,Black or African American,Yes
Plan C,No,Always,No,Never,5 to 9,6,Sometimes,Yes,10 or more times,Never,Never,Sometimes,Never,0,No,2,3,Yes,Never,Always,Yes,Usually,6,Good,Excellent,No,Yes,No,Yes,45 to 54,Male,More than 4-year college degree,No,Asian,Yes
Plan B,Yes,Always,Yes,Always,None,6,Never,Yes,3,Always,Always,Never,Always,2,No,5 or more specialists,5,Yes,Always,Always,Yes,Usually,5,Poor,Poor,Yes,Yes,No,Yes,35 to 44,Male,High school graduate or GED,No,Other,No
Plan B,No,Sometimes,Yes,Usually,3,5,Sometimes,No,2,Always,Never,Sometimes,Sometimes,2,Yes,5 or more specialists,6,Yes,Always,Always,Yes,Always,10,Good,Good,Yes,No,Yes,No,18 to 24,Male,8th grade or less,Yes,White,No
Plan C,No,Sometimes,Yes,Usually,10 or more times,8,Sometimes,No,3,Never,Usually,Sometimes,Usually,8,Yes,3,5,Yes,Never,Never,No,Usually,2,Fair,Excellent,Yes,No,Yes,No,55 to 64,Female,Some college or 2-year degree,No,Black or African American,No
Plan E,Yes,Sometimes,No,Sometimes,4,0,Sometimes,No,1 time,Always,Never,Sometimes,Always,1,Yes,2,5,No,Sometimes,Never,Yes,Never,3,Excellent,Very good,No,No,No,Yes,18 to 24,Male,High school graduate or GED,Yes,White,Yes
Plan A,Yes,Usually,No,Never,4,9,Always,No,4,Sometimes,Sometimes,Usually,Never,4,No,2,5,No,Always,Sometimes,Yes,Usually,9,Very good,Poor,Yes,No,No,No,25 to 34,Female,4-year college graduate,Yes,Native Hawaiian or Other Pacific Islander,No
Plan E,No,Sometimes,No,Always,2,1,Usually,No,1 time,Usually,Usually,Usually,Always,0,Yes,5 or more specialists,1,No,Always,Sometimes,No,Sometimes,7,Fair,Good,No,Yes,No,Yes,25 to 34,Male,4-year college graduate,No,Black or African American,No
Plan D,Yes,Usually,Yes,Usually,1 time,5,Always,No,None,Never,Always,Always,Usually,6,Yes,2,9,No,Never,Always,No,Usually,6,Fair,Excellent,No,No,Yes,No,75 or older,Female,Some college or 2-year degree,No,Native Hawaiian or Other Pacific Islander,No
Plan A,Yes,Never,Yes,Always,None,10,Never,No,5 to 9,Always,Usually,Never,Usually,0,Yes,4,6,Yes,Never,Never,Yes,Never,4,Fair,Excellent,No,No,Yes,Yes,18 to 24,Male,Some high school,No,Asian,Yes
Plan D,Yes,Sometimes,Yes,Sometimes,1 time,5,Usually,No,None,Never,Usually,Usually,Usually,8,No,5 or more specialists,10,Yes,Never,Sometimes,Yes,Sometimes,1,Fair,Good,Yes,Yes,Yes,No,25 to 34,Male,Some high school,No,Other,Yes
Plan B,Yes,Sometimes,Yes,Usually,None,5,Never,Yes,5 to 9,Always,Usually,Usually,Usually,2,No,4,4,Yes,Always,Always,No,Sometimes,9,Poor,Poor,No,Yes,Yes,No,18 to 24,Male,Some high school,No,American Indian or Alaska Native,Yes
Plan D,Yes,Never,Yes,Never,1 time,6,Always,Yes,2,Sometimes,Sometimes,Never,Usually,8,No,4,3,No,Never,Never,No,Sometimes,7,Very good,Excellent,Yes,No,Yes,No,35 to 44,Male,More than 4-year college degree,No,White,Yes
Plan B,No,Usually,No,Never,3,10,Sometimes,Yes,3,Always,Always,Always,Sometimes,5,No,1 specialist,1,No,Usually,Usually,Yes,Usually,5,Fair,Fair,No,No,No,No,18 to 24,Female,Some college or 2-year degree,Yes,Other,No
Plan A,No,Usually,No,Always,1 time,5,Usually,Yes,5 to 9,Sometimes,Never,Usually,Sometimes,9,No,None,7,No,Usually,Never,No,Never,7,Good,Fair,No,Yes,No,Yes,55 to 64,Male,More than 4-year college degree,Yes,White,No
Plan C,Yes,Usually,No,Never,None,3,Never,No,5 to 9,Never,Never,Always,Always,7,No,2,9,Yes,Never,Sometimes,No,Never,8,Fair,Good,Yes,No,Yes,Yes,75 or older,Female,More than 4-year college degree,No,Asian,Yes
Plan E,Yes,Sometimes,Yes,Usually,3,9,Never,No,4,Always,Sometimes,Usually,Sometimes,3,No,1 specialist,2,Yes,Never,Sometimes,Yes,Never,0,Excellent,Fair,No,No,Yes,Yes,75 or older,Male,Some college or 2-year degree,No,Asian,No
Plan E,Yes,Always,No,Sometimes,4,7,Never,No,4,Sometimes,Usually,Sometimes,Always,9,No,4,1,No,Always,Always,No,Never,10,Very good,Fair,Yes,Yes,No,Yes,35 to 44,Female,4-year college graduate,Yes,White,No
Plan C,Yes,Always,Yes,Usually,2,7,Never,No,5 to 9,Sometimes,Usually,Never,Always,0,No,4,8,Yes,Always,Usually,Yes,Usually,3,Poor,Poor,Yes,No,Yes,No,65 to 74,Male,More than 4-year college degree,Yes,White,Yes
Plan D,No,Never,Yes,Usually,3,4,Always,Yes,3,Never,Always,Never,Always,9,Yes,4,3,Yes,Usually,Sometimes,Yes,Usually,4,Poor,Very good,No,Yes,Yes,No,75 or older,Male,Some high school,No,Asian,No
Plan C,Yes,Usually,Yes,Always,None,10,Usually,No,2,Usually,Always,Usually,Always,8,No,3,9,Yes,Always,Never,No,Never,9,Poor,Good,Yes,No,Yes,Yes,45 to 54,Female,More than 4-year college degree,No,White,Yes
Plan C,No,Sometimes,No,Always,None,8,Always,Yes,5 to 9,Never,Always,Sometimes,Usually,3,No,4,4,Yes,Sometimes,Always,No,Sometimes,0,Fair,Very good,No,Yes,Yes,No,55 to 64,Female,4-year college graduate,Yes,Other,Yes
Plan D,Yes,Sometimes,No,Always,3,0,Sometimes,No,1 time,Always,Usually,Never,Never,1,No,2,4,Yes,Sometimes,Sometimes,Yes,Usually,3,Excellent,Excellent,Yes,No,Yes,No,55 to 64,Female,More than 4-year college degree,No,Native Hawaiian or Other Pacific Islander,Yes
Plan B,Yes,Sometimes,Yes,Sometimes,10 or more times,3,Usually,Yes,None,Always,Never,Usually,Always,10,No,4,1,No,Always,Always,Yes,Sometimes,2,Excellent,Poor,Yes,No,No,Yes,35 to 44,Female,4-year college graduate,No,White,Yes
Plan C,No,Never,No,Never,None,9,Always,No,1 time,Never,Usually,Usually,Never,10,Yes,5 or more specialists,8,No,Usually,Usually,Yes,Never,4,Fair,Excellent,Yes,No,Yes,No,45 to 54,Female,Some college or 2-year degree,No,Asian,No
Plan D,Yes,Usually,No,Never,2,9,Sometimes,Yes,5 to 9,Never,Sometimes,Always,Usually,0,No,4,3,Yes,Never,Always,No,Usually,4,Very good,Good,No,Yes,Yes,Yes,45 to 54,Male,4-year college graduate,Yes,Other,No
Plan A,Yes,Usually,No,Usually,4,3,Never,Yes,3,Always,Always,Always,Always,4,Yes,5 or more specialists,9,Yes,Never,Always,Yes,Sometimes,2,Good,Poor,No,No,No,Yes,18 to 24,Female,4-year college graduate,Yes,American Indian or Alaska Native,Yes
Plan C,Yes,Never,No,Never,3,0,Never,No,1 time,Usually,Sometimes,Sometimes,Always,4,No,4,2,No,Sometimes,Usually,Yes,Sometimes,4,Fair,Poor,No,Yes,No,Yes,65 to 74,Female,4-year college graduate,Yes,Native Hawaiian or Other Pacific Islander,Yes
Plan B,Yes,Sometimes,Yes,Usually,None,0,Always,No,2,Never,Always,Always,Never,4,No,2,1,Yes,Always,Usually,No,Sometimes,3,Very good,Poor,Yes,No,No,No,35 to 44,Male,Some high school,Yes,Black or African American,Yes
Plan B,Yes,Usually,No,Sometimes,1 time,8,Sometimes,No,10 or more times,Always,Always,Usually,Usually,6,Yes,3,1,No,Usually,Never,No,Always,6,Very good,Poor,Yes,No,Yes,Yes,25 to 34,Male,Some college or 2-year degree,Yes,American Indian or Alaska Native,Yes
Plan E,No,Sometimes,No,Sometimes,4,6,Sometimes,No,4,Sometimes,Sometimes,Usually,Always,10,No,1 specialist,10,No,Usually,Always,Yes,Always,9,Poor,Excellent,Yes,Yes,No,No,25 to 34,Male,More than 4-year college degree,Yes,White,Yes
Plan C,No,Always,Yes,Sometimes,3,9,Always,No,1 time,Sometimes,Sometimes,Usually,Sometimes,3,No,5 or more specialists,2,No,Never,Always,No,Usually,0,Excellent,Good,No,Yes,No,Yes,55 to 64,Male,4-year college graduate,No,Other,No
Plan A,Yes,Sometimes,No,Usually,3,3,Always,No,10 or more times,Never,Never,Sometimes,Always,8,Yes,None,2,No,Always,Usually,No,Sometimes,5,Poor,Fair,No,Yes,Yes,Yes,65 to 74,Female,Some college or 2-year degree,Yes,Other,Yes
Plan D,Yes,Sometimes,No,Never,1 time,0,Never,No,None,Usually,Always,Sometimes,Never,0,No,2,1,No,Never,Sometimes,Yes,Usually,10,Very good,Very good,Yes,No,No,Yes,25 to 34,Female,4-year college graduate,Yes,American Indian or Alaska Native,No
Plan D,Yes,Always,No,Usually,10 or more times,4,Always,Yes,2,Always,Never,Never,Never,5,Yes,3,7,No,Never,Always,No,Never,7,Excellent,Fair,Yes,No,No,No,75 or older,Female,8th grade or less,No,Asian,Yes
Plan C,No,Usually,No,Sometimes,4,8,Usually,Yes,None,Always,Usually,Always,Never,8,No,1 specialist,1,No,Sometimes,Usually,No,Never,6,Fair,Very good,No,No,Yes,Yes,65 to 74,Male,8th grade or less,No,White,Yes
Plan A,No,Usually,No,Always,5 to 9,2,Always,Yes,None,Never,Always,Never,Never,5,No,1 specialist,7,No,Always,Sometimes,No,Usually,3,Fair,Excellent,No,No,No,No,55 to 64,Male,High school graduate or GED,Yes,Asian,Yes
Plan E,Yes,Usually,No,Never,None,8,Always,No,None,Usually,Sometimes,Usually,Always,9,Yes,5 or more specialists,9,Yes,Never,Always,No,Usually,0,Very good,Excellent,Yes,Yes,Yes,No,55 to 64,Male,4-year college graduate,Yes,Black or African American,No
Plan C,No,Never,Yes,Always,5 to 9,10,Always,No,None,Always,Always,Sometimes,Sometimes,0,Yes,3,0,No,Usually,Sometimes,Yes,Never,0,Fair,Excellent,Yes,No,Yes,No,75 or older,Male,Some high school,No,Black or African American,Yes
Plan B,Yes,Usually,Yes,Sometimes,5 to 9,6,Always,Yes,3,Always,Never,Never,Always,2,Yes,2,4,No,Sometimes,Never,No,Always,6,Excellent,Excellent,Yes,No,Yes,Yes,65 to 74,Male,Some high school,Yes,Black or African American,Yes
Plan E,No,Never,No,Sometimes,10 or more times,1,Sometimes,Yes,4,Sometimes,Always,Usually,Sometimes,8,No,5 or more specialists,7,Yes,Never,Sometimes,No,Sometimes,2,Excellent,Fair,Yes,Yes,Yes,No,18 to 24,Male,8th grade or less,No,Asian,Yes
Plan D,Yes,Always,No,Always,10 or more times,0,Sometimes,Yes,2,Never,Never,Usually,Always,6,No,1 specialist,6,No,Sometimes,Usually,Yes,Never,3,Fair,Excellent,Yes,No,No,No,18 to 24,Male,Some high school,Yes,Native Hawaiian or Other Pacific Islander,No
Plan C,Yes,Usually,No,Sometimes,4,10,Usually,Yes,None,Always,Usually,Usually,Sometimes,1,No,None,3,Yes,Never,Never,No,Sometimes,4,Good,Excellent,No,Yes,No,No,25 to 34,Female,4-year college graduate,No,Other,Yes
Plan C,Yes,Never,No,Sometimes,4,0,Sometimes,No,3,Always,Always,Usually,Never,10,No,3,10,No,Sometimes,Never,No,Never,5,Good,Good,No,No,No,Yes,45 to 54,Male,High school graduate or GED,No,American Indian or Alaska Native,Yes
Plan D,No,Always,No,Always,10 or more times,10,Usually,No,None,Sometimes,Never,Always,Usually,5,No,None,3,No,Usually,Usually,No,Usually,4,Poor,Fair,No,No,Yes,No,45 to 54,Male,High school graduate or GED,No,Black or African American,Yes
Plan D,Yes,Never,No,Usually,4,1,Always,Yes,None,Never,Usually,Sometimes,Never,9,No,1 specialist,10,Yes,Sometimes,Always,Yes,Always,4,Poor,Poor,Yes,No,No,Yes,45 to 54,Male,High school graduate or GED,No,White,Yes
Plan C,No,Usually,Yes,Never,3,10,Never,Yes,5 to 9,Always,Sometimes,Sometimes,Usually,2,Yes,1 specialist,4,No,Never,Never,No,Always,3,Fair,Good,No,No,Yes,No,35 to 44,Female,4-year college graduate,Yes,White,No
Plan D,Yes,Never,Yes,Always,10 or more times,9,Always,Yes,1 time,Usually,Never,Always,Always,4,Yes,4,0,No,Always,Usually,Yes,Usually,9,Good,Good,Yes,Yes,No,No,18 to 24,Male,More than 4-year college degree,Yes,Native Hawaiian or Other Pacific Islander,Yes
Plan E,No,Sometimes,Yes,Always,4,9,Never,No,2,Usually,Sometimes,Sometimes,Sometimes,4,No,None,7,Yes,Usually,Sometimes,No,Usually,0,Good,Fair,No,Yes,No,No,35 to 44,Male,8th grade or less,No,Other,No
Plan A,Yes,Never,Yes,Always,3,5,Usually,No,2,Never,Usually,Never,Usually,0,Yes,None,9,Yes,Usually,Never,No,Never,2,Very good,Good,Yes,Yes,Yes,Yes,35 to 44,Male,Some high school,Yes,Black or African American,Yes
Plan D,No,Never,No,Usually,1 time,6,Never,Yes,2,Usually,Always,Never,Sometimes,9,Yes,3,7,Yes,Always,Usually,No,Usually,3,Poor,Very good,No,No,No,No,35 to 44,Male,Some college or 2-year degree,Yes,Other,Yes
Plan A,No,Usually,No,Always,5 to 9,1,Usually,No,4,Never,Always,Usually,Usually,7,No,4,10,No,Always,Usually,No,Sometimes,6,Poor,Good,No,No,Yes,Yes,75 or older,Male,High school graduate or GED,No,Black or African American,Yes
Plan C,Yes,Always,Yes,Always,5 to 9,8,Usually,Yes,3,Never,Never,Usually,Sometimes,1,No,5 or more specialists,3,No,Never,Sometimes,No,Never,1,Excellent,Poor,Yes,No,Yes,No,55 to 64,Female,Some high school,Yes,Asian,Yes
Plan E,No,Usually,Yes,Usually,None,8,Usually,No,3,Never,Sometimes,Sometimes,Always,8,Yes,3,10,Yes,Always,Sometimes,Yes,Usually,5,Very good,Good,No,Yes,Yes,No,55 to 64,Male,High school graduate or GED,Yes,Asian,Yes
Plan D,Yes,Usually,No,Usually,4,3,Always,Yes,1 time,Never,Always,Always,Usually,7,Yes,3,10,Yes,Usually,Always,Yes,Never,8,Very good,Fair,Yes,Yes,No,No,25 to 34,Male,More than 4-year college degree,Yes,Native Hawaiian or Other Pacific Islander,Yes
Plan D,Yes,Usually,No,Sometimes,3,10,Always,Yes,2,Never,Sometimes,Usually,Always,9,No,None,6,No,Always,Never,No,Always,5,Very good,Very good,No,Yes,Yes,Yes,65 to 74,Male,High school graduate or GED,Yes,Asian,No
Plan C,Yes,Always,No,Never,1 time,5,Usually,Yes,1 time,Usually,Never,Never,Sometimes,8,No,3,10,Yes,Never,Never,No,Always,8,Excellent,Good,No,No,Yes,Yes,65 to 74,Male,8th grade or less,No,Native Hawaiian or Other Pacific Islander,Yes
Plan C,No,Always,No,Never,3,7,Sometimes,Yes,1 time,Never,Usually,Sometimes,Always,9,Yes,3,4,Yes,Always,Sometimes,Yes,Always,8,Excellent,Very good,No,Yes,No,Yes,45 to 54,Female,More than 4-year college degree,No,Black or African American,No
Plan B,No,Sometimes,Yes,Never,10 or more times,6,Usually,No,5 to 9,Always,Usually,Never,Usually,9,No,2,1,No,Usually,Always,Yes,Sometimes,2,Poor,Excellent,No,No,No,Yes,18 to 24,Female,Some high school,Yes,Black or African American,No
Plan A,Yes,Usually,Yes,Sometimes,3,3,Usually,Yes,10 or more times,Never,Always,Sometimes,Always,4,No,None,0,Yes,Always,Never,No,Never,0,Fair,Good,No,Yes,Yes,Yes,75 or older,Male,Some college or 2-year degree,No,Other,No
Plan A,No,Always,No,Usually,5 to 9,1,Sometimes,Yes,None,Never,Usually,Always,Never,5,Yes,4,4,No,Usually,Sometimes,No,Always,8,Poor,Poor,No,No,Yes,Yes,65 to 74,Male,4-year college graduate,No,Other,No
Plan B,No,Never,Yes,Usually,3,5,Sometimes,Yes,1 time,Sometimes,Sometimes,Never,Never,1,Yes,5 or more specialists,5,Yes,Usually,Never,Yes,Sometimes,1,Good,Good,Yes,Yes,No,No,75 or older,Female,More than 4-year college degree,No,Asian,No
Plan C,No,Always,No,Sometimes,4,8,Never,No,2,Sometimes,Always,Sometimes,Usually,10,Yes,5 or more specialists,3,No,Sometimes,Sometimes,No,Usually,8,Very good,Fair,No,No,No,Yes,25 to 34,Female,More than 4-year college degree,Yes,Other,No
Plan B,Yes,Sometimes,No,Always,3,5,Usually,Yes,3,Never,Usually,Sometimes,Always,8,Yes,1 specialist,2,Yes,Always,Usually,Yes,Sometimes,2,Good,Excellent,Yes,Yes,No,No,45 to 54,Male,4-year college graduate,Yes,Asian,Yes
Plan E,No,Always,Yes,Usually,5 to 9,1,Sometimes,Yes,4,Sometimes,Usually,Sometimes,Always,8,Yes,4,7,Yes,Always,Usually,No,Always,5,Poor,Very good,No,No,No,No,18 to 24,Female,Some high school,No,Native Hawaiian or Other Pacific Islander,No
Plan D,Yes,Never,No,Usually,5 to 9,5,Never,No,1 time,Always,Never,Usually,Never,2,Yes,1 specialist,1,Yes,Sometimes,Never,No,Always,5,Good,Good,Yes,No,Yes,Yes,35 to 44,Male,High school graduate or GED,Yes,Asian,Yes
Plan B,No,Always,Yes,Always,5 to 9,0,Usually,No,2,Usually,Usually,Usually,Always,8,Yes,1 specialist,5,No,Sometimes,Never,No,Never,7,Poor,Good,No,Yes,No,Yes,25 to 34,Female,4-year college graduate,No,Other,Yes
Plan C,Yes,Sometimes,Yes,Usually,10 or more times,0,Always,Yes,4,Never,Always,Sometimes,Usually,8,Yes,4,10,Yes,Usually,Usually,Yes,Sometimes,4,Fair,Excellent,Yes,Yes,Yes,No,18 to 24,Male,High school graduate or GED,No,Black or African American,No
Plan E,Yes,Never,No,Always,10 or more times,4,Usually,No,3,Never,Usually,Sometimes,Sometimes,5,No,None,0,No,Never,Usually,Yes,Never,9,Poor,Excellent,No,No,No,Yes,75 or older,Female,8th grade or less,Yes,Black or African American,Yes
Plan A,No,Usually,No,Sometimes,None,4,Always,No,3,Usually,Sometimes,Never,Sometimes,2,No,2,2,No,Sometimes,Usually,No,Sometimes,9,Fair,Fair,Yes,Yes,No,Yes,55 to 64,Male,8th grade or less,No,Other,No
Plan B,No,Always,Yes,Sometimes,2,6,Usually,No,10 or more times,Always,Sometimes,Always,Sometimes,2,Yes,1 specialist,0,No,Always,Never,Yes,Always,7,Poor,Good,No,Yes,No,No,18 to 24,Female,4-year college graduate,No,Native Hawaiian or Other Pacific Islander,Yes
Plan E,Yes,Never,Yes,Sometimes,5 to 9,10,Never,No,1 time,Usually,Sometimes,Sometimes,Sometimes,6,Yes,None,8,No,Sometimes,Sometimes,No,Sometimes,5,Poor,Excellent,No,Yes,No,No,35 to 44,Male,Some college or 2-year degree,Yes,Native Hawaiian or Other Pacific Islander,No
Plan A,Yes,Always,Yes,Always,4,1,Sometimes,Yes,10 or more times,Usually,Never,Always,Usually,4,No,1 specialist,5,No,Always,Usually,No,Sometimes,9,Poor,Excellent,No,No,No,Yes,55 to 64,Male,More than 4-year college degree,Yes,Black or African American,Yes
Plan E,Yes,Always,Yes,Always,10 or more times,7,Usually,No,10 or more times,Never,Usually,Usually,Usually,3,Yes,2,6,No,Usually,Usually,No,Usually,6,Very good,Excellent,No,No,No,Yes,35 to 44,Female,More than 4-year college degree,No,Native Hawaiian or Other Pacific Islander,No
Plan C,Yes,Usually,No,Usually,3,8,Usually,Yes,2,Never,Never,Never,Usually,10,Yes,2,6,Yes,Usually,Never,No,Usually,0,Very good,Excellent,No,Yes,No,No,55 to 64,Male,Some high school,Yes,Asian,Yes
Plan A,Yes,Sometimes,Yes,Usually,2,5,Never,Yes,2,Usually,Sometimes,Usually,Usually,10,Yes,4,5,Yes,Always,Always,Yes,Never,0,Very good,Fair,Yes,No,Yes,No,65 to 74,Male,More than 4-year college degree,Yes,White,Yes
Plan B,Yes,Always,No,Never,2,3,Always,Yes,3,Sometimes,Sometimes,Never,Always,1,No,4,10,Yes,Sometimes,Always,Yes,Never,8,Good,Poor,No,Yes,Yes,Yes,18 to 24,Female,8th grade or less,No,Native Hawaiian or Other Pacific Islander,No
Plan A,Yes,Never,No,Never,None,0,Usually,No,None,Sometimes,Sometimes,Never,Sometimes,9,Yes,1 specialist,4,Yes,Always,Sometimes,Yes,Never,8,Very good,Poor,Yes,No,No,Yes,75 or older,Male,Some high school,No,Other,Yes
Plan B,No,Always,Yes,Usually,10 or more times,1,Always,Yes,2,Always,Usually,Sometimes,Sometimes,8,Yes,3,8,No,Sometimes,Sometimes,Yes,Usually,9,Fair,Good,Yes,No,No,Yes,25 to 34,Female,More than 4-year college degree,Yes,Native Hawaiian or Other Pacific Islander,Yes
Plan B,Yes,Sometimes,Yes,Sometimes,None,7,Usually,Yes,1 time,Usually,Usually,Never,Sometimes,1,No,5 or more specialists,3,No,Sometimes,Never,Yes,Never,9,Fair,Excellent,Yes,No,No,Yes,18 to 24,Female,Some high school,No,White,Yes
Plan C,No,Always,No,Always,1 time,9,Always,Yes,4,Usually,Usually,Sometimes,Always,2,No,4,3,No,Never,Usually,No,Usually,7,Excellent,Fair,No,No,No,No,25 to 34,Male,More than 4-year college degree,No,American Indian or Alaska Native,No
Plan A,Yes,Always,No,Always,1 time,1,Usually,Yes,None,Never,Always,Sometimes,Never,2,No,None,3,No,Sometimes,Usually,No,Always,7,Good,Very good,Yes,No,Yes,No,65 to 74,Female,4-year college graduate,Yes,Asian,Yes
Plan E,Yes,Usually,No,Sometimes,1 time,10,Always,Yes,4,Never,Sometimes,Always,Never,9,No,2,9,Yes,Never,Sometimes,Yes,Sometimes,6,Good,Excellent,Yes,No,Yes,No,75 or older,Male,More than 4-year college degree,Yes,Asian,Yes
Plan B,Yes,Sometimes,No,Usually,2,3,Sometimes,No,2,Never,Never,Sometimes,Sometimes,2,Yes,4,7,Yes,Never,Always,Yes,Always,3,Good,Poor,Yes,No,No,No,65 to 74,Female,High school graduate or GED,Yes,American Indian or Alaska Native,Yes
Plan D,No,Usually,No,Always,3,8,Sometimes,No,3,Never,Sometimes,Never,Sometimes,0,Yes,1 specialist,7,Yes,Usually,Usually,No,Usually,5,Poor,Fair,Yes,Yes,Yes,No,45 to 54,Female,4-year college graduate,No,American Indian or Alaska Native,Yes
Plan E,No,Usually,Yes,Always,1 time,1,Sometimes,No,10 or more times,Never,Usually,Never,Always,4,No,1 specialist,8,No,Never,Never,Yes,Always,1,Very good,Poor,Yes,No,Yes,No,35 to 44,Female,High school graduate or GED,No,Black or African American,Yes
Plan E,No,Always,No,Always,None,4,Never,No,2,Always,Usually,Always,Always,8,Yes,3,1,No,Usually,Usually,Yes,Always,8,Very good,Very good,No,No,No,Yes,35 to 44,Female,8th grade or less,No,Black or African American,Yes
Plan E,Yes,Sometimes,No,Always,4,0,Sometimes,Yes,4,Always,Never,Always,Never,9,No,1 specialist,0,No,Never,Never,Yes,Never,0,Poor,Poor,No,Yes,No,Yes,18 to 24,Male,Some high school,No,Asian,No
Plan A,No,Sometimes,Yes,Never,None,1,Never,No,3,Usually,Always,Usually,Never,6,No,None,10,No,Always,Sometimes,Yes,Usually,6,Excellent,Excellent,No,Yes,Yes,Yes,35 to 44,Male,More than 4-year college degree,No,Native Hawaiian or Other Pacific Islander,No
Plan A,No,Always,No,Sometimes,2,8,Usually,No,1 time,Usually,Sometimes,Sometimes,Always,10,No,5 or more specialists,10,Yes,Sometimes,Usually,No,Always,3,Very good,Good,No,Yes,Yes,No,18 to 24,Female,Some high school,No,White,No
Plan E,Yes,Never,No,Never,1 time,9,Never,Yes,5 to 9,Sometimes,Never,Sometimes,Sometimes,4,No,5 or more specialists,1,Yes,Never,Sometimes,Yes,Always,7,Poor,Poor,No,Yes,Yes,No,65 to 74,Male,High school graduate or GED,No,Other,No
Plan B,Yes,Sometimes,Yes,Never,None,10,Sometimes,No,2,Usually,Sometimes,Always,Never,10,Yes,5 or more specialists,0,No,Always,Sometimes,No,Never,0,Very good,Poor,No,No,No,Yes,75 or older,Male,Some high school,Yes,Black or African American,Yes
Plan B,Yes,Usually,Yes,Sometimes,None,7,Never,Yes,None,Usually,Never,Always,Never,8,No,3,3,No,Always,Usually,Yes,Usually,7,Good,Fair,No,No,No,No,45 to 54,Female,4-year college graduate,No,Native Hawaiian or Other Pacific Islander,No
Plan E,No,Always,Yes,Sometimes,1 time,0,Always,No,2,Sometimes,Always,Usually,Usually,8,Yes,2,1,Yes,Never,Usually,No,Always,1,Excellent,Poor,No,No,No,Yes,35 to 44,Female,More than 4-year college degree,No,American Indian or Alaska Native,Yes
Plan A,Yes,Sometimes,No,Sometimes,10 or more times,3,Always,Yes,1 time,Always,Sometimes,Usually,Always,8,Yes,1 specialist,10,Yes,Sometimes,Always,Yes,Usually,7,Excellent,Fair,Yes,Yes,No,No,65 to 74,Female,High school graduate or GED,Yes,White,Yes
Plan D,Yes,Always,No,Sometimes,3,3,Never,Yes,2,Never,Sometimes,Sometimes,Never,4,Yes,None,4,No,Sometimes,Always,Yes,Usually,9,Excellent,Good,Yes,No,No,Yes,65 to 74,Male,More than 4-year college degree,No,American Indian or Alaska Native,No
Plan E,No,Always,Yes,Usually,5 to 9,5,Always,No,3,Never,Sometimes,Usually,Usually,10,No,2,6,No,Always,Sometimes,No,Always,7,Fair,Poor,Yes,Yes,No,Yes,25 to 34,Female,High school graduate or GED,No,Asian,Yes
Plan A,Yes,Usually,Yes,Always,5 to 9,3,Never,No,2,Usually,Always,Usually,Never,2,No,4,2,No,Usually,Always,Yes,Always,3,Very good,Poor,No,No,No,Yes,25 to 34,Male,8th grade or less,No,Black or African American,No
Plan C,Yes,Never,Yes,Never,None,9,Sometimes,No,None,Sometimes,Never,Sometimes,Always,5,Yes,4,4,Yes,Usually,Sometimes,Yes,Never,5,Excellent,Very good,No,No,No,No,55 to 64,Male,More than 4-year college degree,Yes,American Indian or Alaska Native,Yes
Plan D,Yes,Sometimes,No,Never,10 or more times,1,Always,No,4,Never,Always,Always,Never,2,Yes,None,10,Yes,Usually,Always,Yes,Never,7,Fair,Good,No,No,No,Yes,65 to 74,Male,More than 4-year college degree,Yes,American Indian or Alaska Native,Yes
Plan B,No,Sometimes,No,Usually,3,4,Never,Yes,None,Never,Sometimes,Usually,Usually,9,Yes,1 specialist,2,Yes,Usually,Always,No,Always,3,Poor,Excellent,No,Yes,Yes,Yes,35 to 44,Male,More than 4-year college degree,Yes,White,No
Plan C,No,Sometimes,Yes,Sometimes,2,3,Sometimes,Yes,1 time,Sometimes,Sometimes,Usually,Always,3,No,2,7,Yes,Usually,Sometimes,No,Sometimes,0,Excellent,Poor,No,Yes,Yes,No,25 to 34,Female,Some college or 2-year degree,No,White,Yes
Plan E,Yes,Sometimes,No,Always,10 or more times,1,Never,Yes,1 time,Never,Never,Always,Never,7,No,1 specialist,0,No,Sometimes,Sometimes,Yes,Always,7,Good,Very good,Yes,No,Yes,No,25 to 34,Female,High school graduate or GED,No,Native Hawaiian or Other Pacific Islander,No
Plan E,No,Sometimes,No,Sometimes,10 or more times,1,Usually,Yes,1 time,Never,Usually,Sometimes,Always,7,Yes,None,9,Yes,Never,Never,No,Usually,9,Fair,Very good,Yes,Yes,Yes,Yes,65 to 74,Female,High school graduate or GED,No,Other,No
Plan E,Yes,Usually,Yes,Sometimes,3,1,Always,Yes,4,Usually,Never,Always,Sometimes,0,No,None,0,No,Sometimes,Sometimes,No,Never,6,Good,Fair,Yes,No,No,Yes,65 to 74,Female,Some high school,No,Black or African American,Yes
Plan C,No,Always,No,Never,None,10,Never,Yes,3,Sometimes,Always,Always,Always,0,Yes,5 or more specialists,10,Yes,Always,Never,No,Sometimes,5,Fair,Poor,Yes,Yes,Yes,Yes,75 or older,Male,Some high school,Yes,Asian,Yes
Plan E,No,Usually,Yes,Sometimes,4,2,Never,Yes,2,Usually,Always,Always,Always,0,Yes,5 or more specialists,8,Yes,Never,Never,Yes,Usually,1,Very good,Excellent,No,No,No,Yes,35 to 44,Male,8th grade or less,No,White,No
Plan C,Yes,Sometimes,Yes,Never,None,7,Usually,No,1 time,Usually,Sometimes,Usually,Usually,4,Yes,3,5,Yes,Never,Usually,Yes,Always,0,Fair,Fair,Yes,No,No,Yes,65 to 74,Male,4-year college graduate,No,American Indian or Alaska Native,No
Plan D,No,Sometimes,Yes,Never,10 or more times,4,Sometimes,Yes,3,Sometimes,Never,Usually,Always,10,Yes,3,9,No,Sometimes,Sometimes,No,Sometimes,8,Good,Very good,Yes,No,No,No,75 or older,Female,Some college or 2-year degree,No,Black or African American,No
Plan B,Yes,Always,Yes,Never,2,4,Always,Yes,None,Sometimes,Always,Never,Never,8,No,None,9,Yes,Never,Always,Yes,Usually,2,Fair,Fair,Yes,No,Yes,No,55 to 64,Male,Some college or 2-year degree,Yes,Other,Yes
Plan D,No,Usually,No,Always,2,6,Always,Yes,1 time,Never,Sometimes,Always,Never,10,Yes,None,7,No,Never,Never,No,Usually,3,Good,Excellent,Yes,Yes,No,No,45 to 54,Male,High school graduate or GED,Yes,Other,No
Plan C,Yes,Usually,Yes,Always,10 or more times,10,Usually,Yes,None,Sometimes,Always,Sometimes,Always,3,No,3,8,No,Never,Always,No,Sometimes,9,Poor,Good,Yes,Yes,No,Yes,45 to 54,Female,Some college or 2-year degree,No,Other,Yes
Plan E,Yes,Never,Yes,Never,1 time,6,Never,No,5 to 9,Always,Usually,Usually,Usually,3,No,4,9,No,Never,Sometimes,No,Never,4,Poor,Good,No,No,No,Yes,18 to 24,Female,Some high school,Yes,Asian,No
Plan A,Yes,Sometimes,Yes,Never,3,4,Never,No,10 or more times,Sometimes,Always,Sometimes,Sometimes,1,No,5 or more specialists,8,No,Never,Sometimes,Yes,Usually,8,Excellent,Poor,No,No,No,Yes,45 to 54,Female,8th grade or less,Yes,American Indian or Alaska Native,No
Plan B,Yes,Always,Yes,Never,5 to 9,1,Usually,No,4,Sometimes,Always,Always,Never,10,No,1 specialist,0,Yes,Never,Never,Yes,Always,3,Fair,Very good,No,Yes,Yes,No,18 to 24,Female,8th grade or less,Yes,Other,Yes
Plan B,Yes,Usually,Yes,Sometimes,3,3,Never,No,2,Always,Usually,Sometimes,Never,3,No,4,6,No,Never,Usually,No,Usually,10,Very good,Excellent,Yes,No,No,Yes,18 to 24,Female,More than 4-year college degree,No,Other,Yes
Plan C,Yes,Sometimes,No,Usually,None,5,Never,No,5 to 9,Sometimes,Always,Sometimes,Usually,1,No,1 specialist,3,No,Usually,Never,Yes,Always,0,Poor,Very good,Yes,Yes,Yes,Yes,65 to 74,Female,8th grade or less,No,Black or African American,No
Plan D,Yes,Usually,No,Sometimes,5 to 9,3,Usually,No,3,Usually,Always,Usually,Never,2,No,None,9,Yes,Never,Usually,Yes,Sometimes,6,Fair,Very good,No,Yes,Yes,No,25 to 34,Male,Some college or 2-year degree,Yes,Other,Yes
Plan C,No,Never,Yes,Never,3,9,Never,Yes,3,Usually,Usually,Never,Sometimes,0,Yes,1 specialist,1,Yes,Always,Never,No,Never,4,Fair,Excellent,Yes,No,No,Yes,75 or older,Female,Some college or 2-year degree,Yes,Native Hawaiian or Other Pacific Islander,Yes
Plan B,No,Always,Yes,Sometimes,1 time,1,Always,Yes,4,Always,Never,Never,Always,9,No,None,3,No,Never,Sometimes,Yes,Usually,9,Fair,Excellent,Yes,Yes,Yes,No,65 to 74,Male,High school graduate or GED,No,Asian,No
Plan B,Yes,Never,No,Usually,3,5,Sometimes,No,10 or more times,Sometimes,Usually,Always,Usually,10,Yes,5 or more specialists,6,Yes,Sometimes,Always,No,Usually,8,Excellent,Excellent,Yes,Yes,No,No,35 to 44,Female,High school graduate or GED,Yes,White,No
Plan A,Yes,Always,Yes,Usually,4,7,Usually,Yes,1 time,Usually,Always,Never,Usually,0,Yes,4,2,Yes,Sometimes,Sometimes,No,Always,6,Very good,Fair,No,Yes,Yes,Yes,45 to 54,Male,8th grade or less,Yes,White,Yes
Plan A,No,Usually,No,Sometimes,5 to 9,0,Always,No,1 time,Never,Sometimes,Always,Always,7,Yes,4,7,No,Always,Never,Yes,Always,4,Excellent,Fair,No,No,No,No,18 to 24,Female,More than 4-year college degree,No,White,No
Plan E,Yes,Usually,Yes,Never,None,1,Sometimes,Yes,4,Always,Always,Always,Never,7,No,4,10,Yes,Never,Always,No,Usually,1,Excellent,Good,No,No,No,No,55 to 64,Female,Some college or 2-year degree,Yes,Other,No
Plan E,Yes,Always,No,Never,5 to 9,9,Always,No,1 time,Always,Usually,Sometimes,Usually,10,Yes,3,7,Yes,Always,Always,No,Always,0,Poor,Fair,Yes,Yes,No,Yes,65 to 74,Female,Some high school,No,Black or African American,No
Plan D,Yes,Never,No,Usually,5 to 9,7,Sometimes,No,1 time,Usually,Never,Always,Never,2,No,1 specialist,2,No,Sometimes,Never,No,Always,1,Fair,Very good,Yes,No,No,Yes,65 to 74,Female,Some college or 2-year degree,No,Black or African American,Yes
Plan B,No,Usually,Yes,Always,4,4,Always,No,10 or more times,Usually,Usually,Never,Sometimes,7,No,None,9,Yes,Sometimes,Never,No,Never,10,Poor,Good,No,No,No,No,18 to 24,Female,More than 4-year college degree,Yes,Other,Yes
Plan D,No,Never,No,Usually,2,7,Never,No,1 time,Sometimes,Usually,Never,Always,8,No,3,7,Yes,Sometimes,Never,Yes,Always,2,Good,Good,Yes,No,Yes,No,35 to 44,Male,High school graduate or GED,Yes,Native Hawaiian or Other Pacific Islander,Yes
Plan A,No,Sometimes,Yes,Never,None,10,Sometimes,No,2,Never,Always,Sometimes,Sometimes,2,Yes,3,1,Yes,Always,Never,Yes,Never,0,Excellent,Good,No,No,Yes,No,65 to 74,Female,4-year college graduate,Yes,American Indian or Alaska Native,Yes
Plan A,No,Sometimes,No,Sometimes,None,2,Sometimes,No,4,Never,Sometimes,Always,Usually,4,Yes,4,1,Yes,Sometimes,Usually,Yes,Usually,9,Fair,Poor,Yes,No,Yes,Yes,55 to 64,Female,8th grade or less,No,American Indian or Alaska Native,Yes
Plan C,Yes,Usually,No,Never,2,6,Usually,Yes,4,Never,Usually,Always,Usually,3,Yes,None,3,No,Usually,Sometimes,Yes,Usually,8,Good,Fair,No,Yes,Yes,No,18 to 24,Female,More than 4-year college degree,No,Native Hawaiian or Other Pacific Islander,No
Plan C,No,Always,No,Never,2,7,Never,No,2,Sometimes,Always,Always,Never,4,No,4,0,Yes,Never,Never,Yes,Sometimes,5,Excellent,Fair,Yes,Yes,Yes,No,18 to 24,Male,4-year college graduate,Yes,Native Hawaiian or Other Pacific Islander,Yes
Plan C,No,Sometimes,No,Sometimes,None,9,Usually,No,None,Always,Usually,Sometimes,Usually,10,Yes,5 or more specialists,1,Yes,Sometimes,Never,No,Never,8,Fair,Very good,No,Yes,Yes,Yes,65 to 74,Female,4-year college graduate,Yes,Native Hawaiian or Other Pacific Islander,Yes
Plan D,No,Sometimes,Yes,Always,2,0,Usually,No,5 to 9,Sometimes,Never,Sometimes,Always,3,Yes,5 or more specialists,4,Yes,Sometimes,Never,No,Never,7,Good,Very good,Yes,Yes,No,Yes,55 to 64,Female,More than 4-year college degree,No,White,No
Plan A,No,Never,Yes,Always,10 or more times,6,Sometimes,No,5 to 9,Never,Always,Usually,Never,5,No,5 or more specialists,0,No,Always,Usually,Yes,Sometimes,8,Good,Very good,No,No,Yes,No,35 to 44,Male,More than 4-year college degree,No,Black or African American,Yes
Plan C,No,Sometimes,Yes,Never,3,0,Usually,Yes,None,Usually,Usually,Usually,Sometimes,6,Yes,5 or more specialists,0,Yes,Never,Always,No,Never,3,Good,Fair,Yes,No,No,Yes,45 to 54,Female,8th grade or less,Yes,Other,Yes
Plan A,Yes,Usually,Yes,Never,2,10,Sometimes,No,3,Sometimes,Sometimes,Sometimes,Sometimes,6,Yes,3,1,No,Always,Sometimes,Yes,Usually,1,Excellent,Good,Yes,Yes,Yes,Yes,35 to 44,Male,More than 4-year college degree,No,American Indian or Alaska Native,No
Plan D,No,Always,No,Usually,10 or more times,8,Usually,No,4,Never,Never,Sometimes,Never,1,No,1 specialist,3,No,Never,Usually,Yes,Sometimes,5,Poor,Good,No,Yes,No,Yes,25 to 34,Female,High school graduate or GED,Yes,Other,Yes
Plan B,No,Always,Yes,Never,10 or more times,10,Never,Yes,10 or more times,Usually,Usually,Usually,Usually,8,Yes,5 or more specialists,7,No,Always,Always,Yes,Usually,7,Good,Fair,Yes,Yes,No,No,75 or older,Male,Some high school,No,Native Hawaiian or Other Pacific Islander,No
Plan D,No,Sometimes,Yes,Never,2,3,Always,Yes,3,Usually,Never,Usually,Usually,5,No,4,8,Yes,Usually,Sometimes,No,Never,3,Fair,Very good,No,Yes,No,Yes,55 to 64,Female,More than 4-year college degree,Yes,White,Yes
Plan D,Yes,Sometimes,No,Never,None,1,Always,No,10 or more times,Never,Never,Sometimes,Usually,9,Yes,None,9,Yes,Usually,Sometimes,Yes,Never,5,Very good,Fair,Yes,No,Yes,No,75 or older,Female,Some college or 2-year degree,No,Native Hawaiian or Other Pacific Islander,No
Plan C,Yes,Usually,No,Usually,3,9,Usually,No,None,Always,Sometimes,Usually,Sometimes,7,No,5 or more specialists,5,No,Sometimes,Usually,No,Sometimes,8,Very good,Excellent,Yes,No,No,No,18 to 24,Female,High school graduate or GED,Yes,White,No
Plan A,No,Never,No,Always,1 time,6,Sometimes,Yes,1 time,Never,Never,Always,Always,1,No,3,8,Yes,Never,Sometimes,No,Sometimes,0,Excellent,Fair,Yes,No,No,Yes,55 to 64,Female,Some college or 2-year degree,No,White,Yes
Plan B,Yes,Sometimes,No,Always,1 time,10,Never,Yes,3,Usually,Always,Usually,Usually,8,Yes,3,2,No,Usually,Sometimes,Yes,Usually,1,Good,Good,Yes,No,Yes,Yes,25 to 34,Female,High school graduate or GED,No,American Indian or Alaska Native,Yes
Plan A,No,Usually,Yes,Never,10 or more times,2,Usually,Yes,1 time,Usually,Always,Sometimes,Never,10,No,4,4,No,Usually,Usually,Yes,Never,10,Very good,Good,Yes,Yes,No,Yes,35 to 44,Female,Some college or 2-year degree,Yes,Black or African American,No
Plan B,No,Usually,No,Always,2,6,Usually,Yes,1 time,Always,Never,Usually,Sometimes,8,Yes,4,2,No,Never,Sometimes,No,Sometimes,1,Fair,Poor,Yes,Yes,No,Yes,65 to 74,Male,Some college or 2-year degree,No,Black or African American,No
Plan B,Yes,Usually,Yes,Never,10 or more times,9,Sometimes,No,4,Sometimes,Usually,Always,Sometimes,2,Yes,5 or more specialists,10,No,Never,Never,No,Never,7,Good,Very good,No,Yes,Yes,Yes,75 or older,Female,Some high school,Yes,White,Yes
Plan E,No,Always,Yes,Always,2,4,Always,No,3,Usually,Never,Usually,Sometimes,1,Yes,4,0,Yes,Always,Usually,Yes,Always,9,Good,Excellent,Yes,No,No,No,35 to 44,Female,8th grade or less,No,Native Hawaiian or Other Pacific Islander,No
Plan D,Yes,Never,Yes,Sometimes,4,10,Never,No,4,Usually,Usually,Always,Usually,9,Yes,4,5,Yes,Usually,Never,No,Sometimes,2,Excellent,Good,No,Yes,Yes,Yes,25 to 34,Male,Some college or 2-year degree,No,Other,Yes
Plan E,No,Always,No,Sometimes,2,8,Sometimes,Yes,3,Never,Always,Usually,Usually,8,Yes,2,7,Yes,Sometimes,Usually,No,Sometimes,8,Excellent,Very good,Yes,No,No,No,35 to 44,Male,More than 4-year college degree,Yes,Other,Yes
Plan A,Yes,Sometimes,No,Always,1 time,0,Never,Yes,3,Never,Always,Sometimes,Sometimes,0,No,None,8,Yes,Usually,Never,Yes,Sometimes,6,Poor,Poor,No,No,No,No,55 to 64,Male,Some college or 2-year degree,No,Black or African American,Yes
Plan E,No,Always,Yes,Always,4,9,Always,No,4,Sometimes,Usually,Always,Usually,1,No,None,0,No,Usually,Never,Yes,Sometimes,7,Fair,Very good,No,Yes,No,No,35 to 44,Female,8th grade or less,Yes,Other,Yes
Plan B,Yes,Sometimes,Yes,Always,None,7,Sometimes,No,10 or more times,Usually,Always,Never,Never,5,Yes,2,7,Yes,Never,Sometimes,Yes,Sometimes,0,Very good,Excellent,No,No,Yes,No,35 to 44,Female,4-year college graduate,Yes,American Indian or Alaska Native,Yes
Plan D,Yes,Always,No,Usually,5 to 9,10,Never,No,None,Never,Sometimes,Never,Usually,5,Yes,None,9,Yes,Never,Never,No,Never,2,Fair,Fair,Yes,Yes,No,No,45 to 54,Male,8th grade or less,No,Asian,Yes
Plan C,No,Never,Yes,Always,4,9,Usually,No,4,Never,Sometimes,Sometimes,Always,1,Yes,1 specialist,10,No,Always,Always,Yes,Usually,9,Very good,Fair,Yes,Yes,Yes,Yes,18 to 24,Male,8th grade or less,No,Asian,Yes
Plan B,No,Sometimes,No,Sometimes,4,7,Never,Yes,3,Sometimes,Always,Sometimes,Usually,3,No,3,10,Yes,Sometimes,Sometimes,No,Never,6,Fair,Fair,No,Yes,No,Yes,65 to 74,Female,More than 4-year college degree,Yes,White,Yes
Plan C,Yes,Always,Yes,Usually,None,0,Never,No,5 to 9,Always,Sometimes,Never,Sometimes,1,Yes,1 specialist,1,No,Always,Sometimes,Yes,Usually,4,Good,Poor,No,No,Yes,Yes,25 to 34,Female,High school graduate or GED,Yes,Asian,Yes
Plan A,No,Always,Yes,Usually,4,2,Always,No,5 to 9,Sometimes,Always,Usually,Sometimes,7,Yes,3,5,Yes,Never,Sometimes,Yes,Sometimes,4,Good,Fair,Yes,No,No,Yes,55 to 64,Female,Some high school,Yes,American Indian or Alaska Native,Yes
Plan B,No,Sometimes,No,Never,10 or more times,3,Always,Yes,10 or more times,Usually,Usually,Always,Sometimes,5,Yes,3,8,No,Always,Always,No,Always,1,Poor,Very good,No,Yes,No,No,65 to 74,Female,4-year college graduate,Yes,Other,Yes
Plan E,Yes,Sometimes,Yes,Sometimes,4,7,Sometimes,Yes,3,Always,Sometimes,Usually,Sometimes,0,Yes,3,1,Yes,Always,Always,No,Sometimes,7,Good,Very good,No,Yes,Yes,No,65 to 74,Male,4-year college graduate,Yes,White,Yes
Plan B,No,Never,No,Always,5 to 9,9,Usually,Yes,None,Always,Sometimes,Usually,Never,9,No,4,7,No,Sometimes,Usually,No,Always,7,Good,Excellent,Yes,No,Yes,Yes,75 or older,Male,More than 4-year college degree,Yes,Black or African American,No
Plan E,No,Usually,Yes,Never,2,1,Sometimes,No,1 time,Never,Usually,Always,Usually,8,No,3,2,No,Sometimes,Never,No,Never,3,Good,Very good,Yes,Yes,Yes,Yes,65 to 74,Male,Some high school,No,Other,No
Plan A,Yes,Sometimes,No,Usually,None,6,Usually,No,4,Never,Always,Always,Always,8,No,None,10,No,Usually,Usually,No,Usually,5,Very good,Excellent,Yes,No,No,No,45 to 54,Male,4-year college graduate,No,American Indian or Alaska Native,Yes
Plan E,Yes,Sometimes,Yes,Sometimes,5 to 9,3,Sometimes,Yes,4,Usually,Usually,Sometimes,Sometimes,3,No,4,6,No,Never,Usually,Yes,Usually,1,Good,Very good,No,Yes,Yes,No,35 to 44,Male,More than 4-year college degree,Yes,Other,Yes
Plan B,No,Always,No,Usually,4,2,Never,No,1 time,Usually,Sometimes,Never,Sometimes,9,No,2,6,No,Always,Sometimes,Yes,Never,6,Very good,Excellent,Yes,Yes,Yes,Yes,35 to 44,Female,4-year college graduate,No,American Indian or Alaska Native,No
Plan C,Yes,Always,Yes,Sometimes,1 time,1,Usually,No,1 time,Sometimes,Sometimes,Sometimes,Sometimes,2,No,3,0,No,Always,Always,No,Never,4,Fair,Poor,Yes,No,Yes,Yes,45 to 54,Male,8th grade or less,Yes,Native Hawaiian or Other Pacific Islander,Yes
Plan B,Yes,Always,Yes,Usually,10 or more times,7,Usually,No,3,Sometimes,Never,Usually,Sometimes,1,Yes,4,4,No,Always,Always,Yes,Usually,6,Very good,Very good,No,No,No,Yes,65 to 74,Female,4-year college graduate,No,American Indian or Alaska Native,No
Plan B,No,Sometimes,Yes,Never,4,6,Never,Yes,3,Always,Sometimes,Never,Always,9,Yes,4,5,Yes,Never,Sometimes,Yes,Sometimes,1,Poor,Excellent,No,No,Yes,Yes,65 to 74,Female,High school graduate or GED,No,Other,Yes
Plan E,No,Never,Yes,Usually,None,10,Always,Yes,1 time,Usually,Always,Sometimes,Never,4,Yes,2,10,Yes,Usually,Always,Yes,Never,3,Fair,Good,No,No,Yes,No,18 to 24,Male,Some high school,No,Other,No
Plan C,No,Sometimes,Yes,Always,1 time,10,Sometimes,Yes,5 to 9,Never,Sometimes,Usually,Never,10,Yes,2,2,Yes,Sometimes,Sometimes,No,Sometimes,6,Poor,Poor,No,Yes,No,No,35 to 44,Female,Some high school,Yes,Other,Yes
Plan B,Yes,Always,No,Always,1 time,2,Usually,No,1 time,Sometimes,Always,Sometimes,Always,6,No,5 or more specialists,4,No,Always,Always,Yes,Always,5,Excellent,Excellent,Yes,No,No,Yes,45 to 54,Female,High school graduate or GED,No,Black or African American,No
Plan E,No,Always,Yes,Usually,5 to 9,0,Sometimes,Yes,3,Always,Always,Never,Usually,9,No,None,7,Yes,Never,Usually,No,Always,5,Good,Excellent,No,No,Yes,No,18 to 24,Female,More than 4-year college degree,Yes,Black or African American,No
Plan C,No,Sometimes,Yes,Never,None,0,Usually,No,None,Never,Usually,Usually,Sometimes,1,No,1 specialist,1,Yes,Sometimes,Usually,Yes,Usually,5,Good,Poor,Yes,Yes,No,No,45 to 54,Male,Some high school,Yes,Native Hawaiian or Other Pacific Islander,Yes
Plan D,Yes,Always,Yes,Usually,1 time,10,Usually,No,4,Sometimes,Sometimes,Usually,Sometimes,0,No,2,4,Yes,Never,Always,No,Always,9,Poor,Fair,No,No,No,Yes,65 to 74,Female,8th grade or less,No,Other,No
Plan D,No,Sometimes,No,Usually,10 or more times,0,Sometimes,Yes,2,Sometimes,Always,Always,Sometimes,8,Yes,3,6,Yes,Sometimes,Usually,Yes,Usually,4,Good,Poor,No,Yes,No,No,75 or older,Female,4-year college graduate,No,Black or African American,Yes
Plan B,No,Always,Yes,Sometimes,5 to 9,9,Usually,Yes,4,Usually,Sometimes,Usually,Never,7,No,3,2,Yes,Usually,Never,Yes,Always,9,Poor,Excellent,No,Yes,Yes,Yes,18 to 24,Male,8th grade or less,Yes,Native Hawaiian or Other Pacific Islander,Yes
Plan A,Yes,Usually,No,Always,3,2,Never,No,2,Always,Always,Never,Sometimes,0,No,2,4,No,Never,Never,No,Never,7,Excellent,Good,No,No,No,No,18 to 24,Male,4-year college graduate,No,Black or African American,Yes
Plan C,Yes,Always,No,Usually,4,8,Usually,Yes,5 to 9,Usually,Always,Always,Never,0,No,4,8,No,Never,Always,Yes,Sometimes,5,Poor,Poor,Yes,No,No,No,35 to 44,Male,8th grade or less,Yes,Other,Yes
Plan A,No,Never,Yes,Sometimes,2,10,Sometimes,No,None,Never,Usually,Sometimes,Never,0,Yes,None,9,Yes,Always,Usually,No,Usually,4,Fair,Good,Yes,Yes,Yes,No,55 to 64,Male,8th grade or less,Yes,Black or African American,Yes
Plan E,Yes,Sometimes,Yes,Sometimes,2,2,Always,No,3,Never,Usually,Sometimes,Never,9,No,1 specialist,4,No,Sometimes,Never,No,Always,1,Excellent,Poor,Yes,No,No,Yes,55 to 64,Female,8th grade or less,No,Native Hawaiian or Other Pacific Islander,No
Plan A,No,Never,No,Always,4,7,Always,No,3,Never,Usually,Usually,Usually,9,Yes,4,3,Yes,Always,Never,Yes,Never,9,Good,Excellent,Yes,Yes,No,No,18 to 24,Male,Some college or 2-year degree,Yes,Other,No
Plan B,No,Never,Yes,Sometimes,5 to 9,3,Usually,Yes,2,Usually,Always,Usually,Never,0,Yes,None,9,Yes,Always,Never,No,Always,6,Excellent,Fair,No,No,No,Yes,18 to 24,Male,High school graduate or GED,Yes,American Indian or Alaska Native,Yes
Plan B,No,Usually,No,Sometimes,None,5,Sometimes,No,1 time,Always,Usually,Usually,Never,5,No,None,10,Yes,Never,Usually,No,Sometimes,6,Poor,Excellent,Yes,No,Yes,No,35 to 44,Female,8th grade or less,Yes,Other,No
Plan D,No,Always,Yes,Never,4,5,Usually,No,5 to 9,Always,Never,Always,Always,0,No,5 or more specialists,9,Yes,Always,Never,No,Sometimes,9,Good,Excellent,No,Yes,No,No,35 to 44,Female,Some college or 2-year degree,No,Black or African American,Yes
Plan B,Yes,Always,Yes,Never,2,6,Usually,No,4,Sometimes,Never,Never,Always,7,No,4,3,Yes,Never,Always,No,Always,2,Very good,Very good,No,No,No,Yes,35 to 44,Female,High school graduate or GED,No,American Indian or Alaska Native,Yes
Plan C,No,Always,No,Sometimes,3,0,Sometimes,No,None,Never,Usually,Always,Sometimes,1,Yes,5 or more specialists,3,Yes,Sometimes,Always,Yes,Never,5,Excellent,Good,Yes,Yes,Yes,Yes,25 to 34,Male,More than 4-year college degree,Yes,White,Yes
Plan B,No,Always,Yes,Always,None,6,Never,No,10 or more times,Sometimes,Never,Usually,Always,9,Yes,2,1,Yes,Sometimes,Never,Yes,Usually,7,Poor,Poor,Yes,No,No,No,35 to 44,Female,4-year college graduate,No,Asian,Yes
Plan A,No,Usually,No,Never,5 to 9,1,Sometimes,No,4,Always,Always,Never,Sometimes,0,No,4,4,Yes,Usually,Never,No,Usually,5,Poor,Poor,Yes,No,Yes,No,45 to 54,Female,Some high school,Yes,Other,Yes
Plan B,Yes,Sometimes,Yes,Usually,5 to 9,10,Always,No,5 to 9,Usually,Always,Usually,Usually,6,Yes,None,6,Yes,Never,Always,Yes,Usually,4,Poor,Excellent,No,No,No,No,18 to 24,Male,Some high school,Yes,American Indian or Alaska Native,No
Plan E,No,Usually,No,Usually,3,5,Never,No,10 or more times,Sometimes,Always,Always,Never,3,Yes,4,0,Yes,Never,Always,Yes,Sometimes,10,Very good,Fair,No,Yes,No,No,45 to 54,Male,More than 4-year college degree,No,Native Hawaiian or Other Pacific Islander,Yes
Plan D,Yes,Usually,No,Sometimes,3,3,Always,Yes,None,Always,Never,Usually,Sometimes,4,No,5 or more specialists,2,No,Never,Always,No,Usually,8,Fair,Excellent,No,Yes,Yes,No,45 to 54,Female,More than 4-year college degree,No,Asian,Yes
Plan C,No,Sometimes,Yes,Always,None,2,Sometimes,Yes,4,Sometimes,Always,Always,Never,9,Yes,3,10,Yes,Sometimes,Sometimes,No,Always,5,Fair,Very good,Yes,Yes,Yes,No,18 to 24,Male,4-year college graduate,No,Asian,Yes
Plan B,No,Never,No,Sometimes,1 time,8,Sometimes,Yes,None,Always,Sometimes,Always,Never,5,Yes,4,7,Yes,Usually,Never,Yes,Usually,8,Poor,Poor,Yes,No,Yes,No,45 to 54,Male,Some high school,No,Black or African American,No
Plan E,No,Sometimes,Yes,Always,3,6,Usually,Yes,2,Always,Always,Sometimes,Usually,0,No,5 or more specialists,8,No,Always,Always,No,Never,6,Poor,Excellent,Yes,Yes,Yes,Yes,55 to 64,Female,Some high school,Yes,White,Yes
Plan B,Yes,Usually,No,Never,None,6,Usually,No,10 or more times,Usually,Sometimes,Never,Never,5,Yes,2,7,No,Always,Usually,No,Usually,0,Fair,Very good,No,Yes,Yes,Yes,35 to 44,Male,Some college or 2-year degree,Yes,American Indian or Alaska Native,No
Plan A,Yes,Usually,Yes,Always,3,0,Always,No,10 or more times,Sometimes,Usually,Usually,Usually,0,No,1 specialist,4,Yes,Sometimes,Sometimes,Yes,Usually,8,Fair,Fair,Yes,No,Yes,No,35 to 44,Female,High school graduate or GED,Yes,Asian,Yes
Plan D,No,Always,Yes,Never,4,3,Usually,Yes,4,Sometimes,Sometimes,Usually,Always,3,No,5 or more specialists,6,No,Never,Always,No,Sometimes,3,Poor,Good,No,No,Yes,No,45 to 54,Male,Some high school,No,White,No
Plan C,Yes,Sometimes,Yes,Always,None,0,Usually,No,5 to 9,Sometimes,Usually,Always,Never,3,No,3,5,No,Always,Sometimes,No,Sometimes,6,Very good,Fair,Yes,Yes,No,Yes,75 or older,Male,More than 4-year college degree,No,White,No
Plan C,No,Always,Yes,Always,1 time,10,Sometimes,Yes,None,Sometimes,Always,Always,Sometimes,10,No,1 specialist,9,No,Sometimes,Sometimes,Yes,Usually,0,Excellent,Very good,No,No,No,No,75 or older,Male,8th grade or less,No,Black or African American,Yes
Plan B,Yes,Never,Yes,Sometimes,1 time,10,Sometimes,No,3,Sometimes,Always,Never,Always,4,No,2,6,Yes,Never,Usually,No,Usually,3,Very good,Excellent,Yes,Yes,Yes,Yes,75 or older,Female,High school graduate or GED,No,Black or African American,No
Plan B,No,Never,No,Sometimes,5 to 9,10,Always,Yes,None,Sometimes,Usually,Usually,Always,10,No,5 or more specialists,4,No,Never,Usually,No,Sometimes,8,Fair,Poor,No,Yes,No,No,35 to 44,Female,Some high school,Yes,American Indian or Alaska Native,Yes
Plan B,Yes,Never,No,Usually,10 or more times,7,Sometimes,Yes,10 or more times,Usually,Sometimes,Always,Never,10,Yes,2,4,Yes,Sometimes,Sometimes,Yes,Always,3,Good,Very good,No,Yes,Yes,No,18 to 24,Female,More than 4-year college degree,Yes,Black or African American,Yes
Plan C,No,Usually,No,Always,5 to 9,4,Sometimes,No,4,Always,Always,Always,Sometimes,1,No,4,7,No,Usually,Always,Yes,Usually,2,Good,Very good,Yes,No,Yes,No,35 to 44,Male,More than 4-year college degree,No,American Indian or Alaska Native,Yes
Plan A,Yes,Sometimes,Yes,Always,5 to 9,10,Sometimes,No,5 to 9,Always,Never,Always,Never,5,Yes,1 specialist,7,Yes,Never,Sometimes,Yes,Always,0,Good,Excellent,Yes,No,No,Yes,45 to 54,Male,4-year college graduate,Yes,White,No
Plan C,Yes,Never,No,Sometimes,3,8,Never,No,None,Always,Always,Sometimes,Sometimes,5,No,2,8,No,Usually,Never,No,Never,5,Very good,Very good,Yes,Yes,No,No,18 to 24,Male,More than 4-year college degree,Yes,Black or African American,Yes
Plan D,Yes,Usually,No,Sometimes,1 time,1,Always,No,2,Never,Sometimes,Usually,Sometimes,7,Yes,2,0,Yes,Always,Sometimes,Yes,Sometimes,0,Good,Very good,No,Yes,No,No,45 to 54,Male,4-year college graduate,No,Native Hawaiian or Other Pacific Islander,Yes
Plan D,Yes,Usually,No,Usually,5 to 9,3,Always,No,1 time,Never,Never,Sometimes,Never,8,Yes,5 or more specialists,0,No,Sometimes,Usually,Yes,Always,3,Very good,Fair,No,No,No,No,75 or older,Male,Some college or 2-year degree,No,American Indian or Alaska Native,No
Plan C,Yes,Sometimes,No,Usually,None,1,Sometimes,No,3,Never,Usually,Sometimes,Sometimes,5,No,2,7,Yes,Usually,Usually,No,Always,5,Poor,Excellent,Yes,Yes,No,Yes,65 to 74,Male,Some college or 2-year degree,No,Black or African American,No
Plan B,No,Sometimes,No,Always,1 time,9,Sometimes,No,4,Usually,Usually,Sometimes,Always,9,Yes,5 or more specialists,9,Yes,Never,Always,No,Always,8,Very good,Poor,No,No,No,No,65 to 74,Female,High school graduate or GED,No,Asian,No
Plan C,Yes,Never,Yes,Never,2,4,Sometimes,Yes,None,Sometimes,Sometimes,Never,Never,9,Yes,None,5,Yes,Always,Never,No,Always,0,Good,Fair,Yes,Yes,No,No,55 to 64,Male,High school graduate or GED,No,White,Yes
Plan E,No,Never,No,Always,2,9,Usually,No,5 to 9,Sometimes,Usually,Never,Sometimes,9,Yes,2,5,Yes,Usually,Always,No,Always,4,Very good,Good,Yes,Yes,No,No,75 or older,Male,4-year college graduate,Yes,Other,Yes
Plan A,No,Usually,No,Sometimes,1 time,10,Always,Yes,5 to 9,Never,Never,Always,Never,3,Yes,4,9,No,Never,Usually,Yes,Sometimes,0,Fair,Fair,Yes,Yes,No,Yes,75 or older,Female,More than 4-year college degree,Yes,Native Hawaiian or Other Pacific Islander,No
Plan E,No,Never,No,Sometimes,2,10,Usually,Yes,None,Always,Never,Never,Usually,7,No,5 or more specialists,9,Yes,Sometimes,Always,No,Always,4,Good,Excellent,Yes,Yes,Yes,No,35 to 44,Male,Some high school,Yes,American Indian or Alaska Native,Yes
Plan B,Yes,Never,No,Always,3,3,Never,No,None,Always,Usually,Usually,Never,2,Yes,4,5,No,Usually,Never,No,Never,3,Good,Good,No,Yes,No,No,65 to 74,Male,8th grade or less,Yes,Other,No
Plan D,Yes,Usually,No,Never,1 time,7,Never,Yes,5 to 9,Never,Never,Always,Usually,9,Yes,4,3,No,Never,Sometimes,Yes,Sometimes,3,Good,Very good,No,No,No,Yes,25 to 34,Male,More than 4-year college degree,No,Asian,Yes
Plan B,Yes,Always,Yes,Usually,1 time,1,Always,Yes,10 or more times,Sometimes,Sometimes,Always,Never,10,Yes,2,5,Yes,Always,Always,No,Usually,10,Very good,Fair,No,Yes,Yes,Yes,18 to 24,Female,Some high school,Yes,Other,Yes
Plan B,No,Always,No,Always,4,1,Sometimes,No,1 time,Usually,Always,Sometimes,Always,2,Yes,3,8,Yes,Never,Always,No,Sometimes,5,Poor,Good,No,Yes,No,No,55 to 64,Female,High school graduate or GED,No,Native Hawaiian or Other Pacific Islander,Yes
Plan A,Yes,Usually,No,Sometimes,None,4,Usually,No,1 time,Usually,Never,Usually,Sometimes,1,No,2,5,Yes,Always,Always,No,Sometimes,0,Very good,Very good,No,Yes,No,Yes,25 to 34,Male,Some high school,Yes,American Indian or Alaska Native,No
Plan B,Yes,Always,Yes,Always,2,2,Never,No,None,Usually,Sometimes,Usually,Sometimes,6,No,3,8,No,Always,Usually,Yes,Sometimes,0,Very good,Very good,Yes,No,No,No,25 to 34,Female,Some college or 2-year degree,Yes,American Indian or Alaska Native,No
Plan B,No,Never,Yes,Sometimes,2,7,Always,Yes,10 or more times,Never,Never,Sometimes,Always,9,Yes,5 or more specialists,2,Yes,Always,Always,No,Usually,7,Excellent,Very good,No,Yes,No,Yes,35 to 44,Female,More than 4-year college degree,No,Black or African American,No
Plan E,No,Sometimes,Yes,Always,2,5,Always,No,10 or more times,Always,Usually,Usually,Usually,5,Yes,3,3,Yes,Always,Always,No,Never,10,Poor,Very good,Yes,No,Yes,No,35 to 44,Male,Some high school,Yes,Other,Yes
Plan A,Yes,Usually,No,Never,1 time,3,Sometimes,No,10 or more times,Always,Never,Usually,Never,2,No,None,10,No,Usually,Always,No,Usually,0,Very good,Very good,No,No,Yes,Yes,55 to 64,Male,Some high school,No,Asian,No
Plan B,Yes,Always,Yes,Always,4,5,Always,No,1 time,Usually,Usually,Sometimes,Always,9,No,1 specialist,8,No,Never,Never,No,Never,6,Poor,Fair,No,No,No,No,35 to 44,Male,Some high school,Yes,American Indian or Alaska Native,Yes
Plan D,No,Usually,Yes,Never,3,7,Sometimes,No,3,Sometimes,Never,Sometimes,Never,2,Yes,None,3,Yes,Always,Usually,Yes,Sometimes,8,Fair,Poor,Yes,No,No,No,35 to 44,Male,4-year college graduate,Yes,Other,No
Plan B,No,Sometimes,No,Usually,2,3,Usually,Yes,2,Always,Usually,Always,Usually,8,No,4,3,No,Always,Sometimes,No,Never,2,Poor,Good,No,No,No,No,25 to 34,Male,More than 4-year college degree,No,American Indian or Alaska Native,No
Plan E,Yes,Sometimes,Yes,Never,None,5,Sometimes,No,5 to 9,Sometimes,Always,Sometimes,Usually,6,Yes,4,1,Yes,Never,Sometimes,No,Sometimes,1,Excellent,Good,Yes,No,No,Yes,35 to 44,Male,More than 4-year college degree,Yes,Other,No
Plan D,No,Never,No,Never,3,5,Never,Yes,10 or more times,Usually,Sometimes,Sometimes,Usually,8,No,3,4,No,Never,Never,No,Always,5,Excellent,Poor,No,No,Yes,Yes,18 to 24,Male,4-year college graduate,No,White,No
Plan E,No,Sometimes,Yes,Always,5 to 9,4,Sometimes,Yes,2,Sometimes,Sometimes,Usually,Never,10,Yes,2,4,No,Never,Always,Yes,Never,9,Very good,Very good,No,No,Yes,No,35 to 44,Female,Some college or 2-year degree,Yes,White,No
Plan A,Yes,Always,Yes,Always,10 or more times,2,Always,Yes,3,Sometimes,Usually,Always,Always,8,Yes,5 or more specialists,0,No,Sometimes,Always,No,Never,3,Fair,Poor,No,Yes,No,No,45 to 54,Male,Some college or 2-year degree,No,Asian,No
Plan B,Yes,Usually,No,Usually,4,0,Never,Yes,2,Usually,Never,Sometimes,Sometimes,6,No,None,9,Yes,Sometimes,Usually,Yes,Never,0,Excellent,Very good,Yes,Yes,No,No,55 to 64,Female,More than 4-year college degree,Yes,Other,Yes
Plan D,Yes,Never,Yes,Usually,5 to 9,10,Sometimes,No,3,Sometimes,Always,Sometimes,Always,4,No,None,10,Yes,Usually,Never,Yes,Never,6,Fair,Good,No,Yes,No,Yes,65 to 74,Female,More than 4-year college degree,No,Native Hawaiian or Other Pacific Islander,No
Plan D,No,Sometimes,Yes,Sometimes,3,0,Sometimes,No,3,Never,Never,Always,Usually,8,Yes,1 specialist,6,Yes,Usually,Usually,No,Never,4,Very good,Good,No,No,Yes,No,45 to 54,Female,4-year college graduate,No,Native Hawaiian or Other Pacific Islander,No
Plan D,Yes,Usually,Yes,Never,10 or more times,7,Never,Yes,10 or more times,Usually,Never,Always,Never,7,No,3,1,Yes,Never,Sometimes,No,Usually,1,Excellent,Excellent,No,Yes,Yes,Yes,55 to 64,Female,4-year college graduate,Yes,White,Yes
Plan E,No,Usually,No,Never,2,4,Never,Yes,1 time,Always,Never,Sometimes,Never,8,No,4,0,No,Always,Usually,No,Never,5,Excellent,Very good,Yes,No,Yes,No,65 to 74,Female,More than 4-year college degree,Yes,American Indian or Alaska Native,Yes
Plan B,Yes,Sometimes,Yes,Sometimes,5 to 9,5,Never,Yes,5 to 9,Always,Never,Always,Usually,3,Yes,2,9,No,Usually,Sometimes,Yes,Sometimes,4,Good,Excellent,No,No,Yes,Yes,65 to 74,Female,4-year college graduate,Yes,White,Yes
Plan D,No,Never,Yes,Always,4,0,Usually,No,None,Usually,Never,Usually,Never,7,No,None,7,No,Sometimes,Never,Yes,Usually,9,Good,Poor,No,Yes,Yes,No,45 to 54,Male,Some high school,Yes,Other,Yes
Plan E,Yes,Usually,No,Sometimes,None,5,Always,No,None,Never,Always,Usually,Usually,0,No,3,6,No,Always,Never,Yes,Never,10,Very good,Excellent,No,Yes,No,No,35 to 44,Female,High school graduate or GED,No,White,Yes
Plan B,Yes,Usually,Yes,Sometimes,10 or more times,9,Usually,No,10 or more times,Sometimes,Sometimes,Always,Sometimes,0,No,3,0,Yes,Usually,Never,Yes,Always,3,Excellent,Poor,No,No,Yes,Yes,35 to 44,Female,4-year college graduate,No,Other,Yes
Plan A,Yes,Usually,Yes,Always,10 or more times,5,Sometimes,No,10 or more times,Sometimes,Never,Usually,Sometimes,3,No,5 or more specialists,4,Yes,Sometimes,Sometimes,Yes,Usually,0,Fair,Fair,Yes,Yes,No,Yes,65 to 74,Male,More than 4-year college degree,Yes,White,No
Plan B,No,Always,Yes,Sometimes,3,2,Always,Yes,5 to 9,Usually,Never,Usually,Sometimes,9,No,5 or more specialists,10,No,Never,Usually,Yes,Usually,3,Fair,Very good,Yes,No,No,No,25 to 34,Male,More than 4-year college degree,Yes,Asian,Yes
Plan E,Yes,Never,Yes,Usually,4,6,Usually,No,10 or more times,Always,Sometimes,Never,Never,8,No,1 specialist,7,No,Sometimes,Usually,Yes,Never,10,Poor,Poor,No,Yes,No,Yes,45 to 54,Female,8th grade or less,Yes,White,No
Plan A,No,Always,No,Always,4,10,Sometimes,No,10 or more times,Usually,Usually,Usually,Never,5,No,1 specialist,1,Yes,Never,Sometimes,Yes,Never,3,Very good,Very good,Yes,No,Yes,No,25 to 34,Male,High school graduate or GED,No,Native Hawaiian or Other Pacific Islander,No
Plan A,Yes,Sometimes,No,Sometimes,3,2,Sometimes,No,None,Usually,Usually,Usually,Usually,5,No,5 or more specialists,4,Yes,Sometimes,Never,No,Never,9,Good,Good,Yes,No,No,Yes,65 to 74,Male,4-year college graduate,Yes,White,No
Plan D,Yes,Sometimes,No,Always,4,6,Usually,Yes,5 to 9,Usually,Always,Usually,Sometimes,5,Yes,3,0,No,Usually,Always,Yes,Always,3,Fair,Very good,No,Yes,No,Yes,65 to 74,Male,Some college or 2-year degree,Yes,White,No
Plan A,Yes,Never,Yes,Never,2,0,Never,No,None,Never,Always,Always,Never,6,Yes,5 or more specialists,4,No,Sometimes,Usually,No,Never,8,Poor,Good,Yes,Yes,Yes,No,18 to 24,Male,4-year college graduate,Yes,Other,No
Plan B,No,Usually,No,Always,None,7,Never,Yes,2,Sometimes,Always,Always,Usually,4,Yes,2,9,No,Sometimes,Always,No,Always,5,Good,Fair,Yes,No,Yes,No,75 or older,Female,4-year college graduate,No,White,Yes
Plan C,Yes,Never,No,Usually,10 or more times,3,Usually,No,3,Never,Never,Never,Usually,1,Yes,5 or more specialists,8,No,Sometimes,Never,No,Never,3,Excellent,Good,No,Yes,Yes,No,18 to 24,Female,Some high school,Yes,Asian,No
Plan A,Yes,Usually,No,Always,10 or more times,4,Never,Yes,10 or more times,Never,Never,Always,Sometimes,6,No,1 specialist,0,Yes,Usually,Always,No,Usually,4,Good,Excellent,Yes,Yes,No,Yes,18 to 24,Female,4-year college graduate,Yes,White,Yes
Plan B,No,Always,No,Always,None,2,Usually,No,3,Always,Always,Never,Usually,2,Yes,5 or more specialists,1,Yes,Usually,Always,Yes,Usually,9,Good,Good,Yes,Yes,No,Yes,65 to 74,Female,4-year college graduate,No,Native Hawaiian or Other Pacific Islander,No
Plan C,Yes,Never,Yes,Always,5 to 9,7,Always,No,10 or more times,Never,Always,Always,Sometimes,4,No,1 specialist,2,No,Usually,Always,No,Sometimes,8,Excellent,Fair,Yes,Yes,Yes,Yes,35 to 44,Male,Some high school,No,Black or African American,Yes
Plan B,No,Usually,No,Always,5 to 9,5,Usually,No,5 to 9,Always,Always,Sometimes,Usually,6,Yes,1 specialist,4,Yes,Usually,Never,Yes,Usually,0,Good,Excellent,Yes,Yes,No,No,25 to 34,Female,Some high school,No,Black or African American,No
Plan D,No,Never,Yes,Never,1 time,8,Sometimes,Yes,10 or more times,Usually,Never,Always,Sometimes,1,No,3,10,No,Usually,Usually,No,Never,7,Poor,Very good,Yes,No,No,No,45 to 54,Male,Some college or 2-year degree,No,White,No
Plan D,Yes,Usually,No,Always,None,4,Never,Yes,4,Sometimes,Never,Sometimes,Sometimes,9,Yes,2,2,No,Usually,Always,No,Usually,4,Very good,Excellent,Yes,No,No,Yes,75 or older,Male,More than 4-year college degree,No,Native Hawaiian or Other Pacific Islander,Yes
Plan C,No,Usually,Yes,Sometimes,2,9,Never,No,5 to 9,Sometimes,Sometimes,Always,Never,5,Yes,3,10,No,Usually,Never,No,Always,9,Excellent,Good,No,No,Yes,Yes,18 to 24,Male,Some college or 2-year degree,No,Native Hawaiian or Other Pacific Islander,No
Plan B,Yes,Always,No,Always,10 or more times,1,Always,No,None,Never,Sometimes,Never,Never,10,No,3,4,Yes,Never,Always,Yes,Always,3,Excellent,Fair,No,No,No,Yes,25 to 34,Male,8th grade or less,Yes,American Indian or Alaska Native,Yes
Plan B,No,Usually,No,Never,2,6,Sometimes,Yes,3,Usually,Usually,Never,Usually,5,No,3,4,No,Usually,Never,No,Never,2,Fair,Good,Yes,No,Yes,Yes,25 to 34,Female,4-year college graduate,Yes,Asian,Yes
Plan A,Yes,Always,Yes,Sometimes,4,3,Never,No,5 to 9,Never,Always,Usually,Always,2,Yes,3,1,Yes,Never,Never,Yes,Usually,5,Good,Good,No,No,Yes,Yes,25 to 34,Female,Some high school,No,Native Hawaiian or Other Pacific Islander,No
Plan B,Yes,Never,Yes,Usually,1 time,7,Usually,Yes,3,Usually,Usually,Always,Usually,2,Yes,None,4,Yes,Always,Usually,No,Sometimes,5,Very good,Very good,No,No,Yes,No,75 or older,Male,Some high school,Yes,Native Hawaiian or Other Pacific Islander,Yes
Plan A,No,Sometimes,Yes,Always,1 time,10,Always,No,1 time,Never,Usually,Always,Usually,10,No,1 specialist,3,No,Always,Usually,Yes,Usually,8,Excellent,Fair,Yes,No,No,No,25 to 34,Male,High school graduate or GED,Yes,Other,No
Plan B,No,Sometimes,No,Usually,10 or more times,9,Usually,No,None,Always,Never,Always,Usually,6,Yes,None,8,Yes,Usually,Never,No,Sometimes,2,Good,Poor,Yes,Yes,No,Yes,75 or older,Female,Some high school,Yes,White,No
Plan A,Yes,Never,No,Always,5 to 9,2,Usually,Yes,10 or more times,Always,Never,Never,Always,9,No,1 specialist,6,Yes,Always,Usually,Yes,Never,5,Excellent,Poor,Yes,Yes,Yes,Yes,45 to 54,Female,Some college or 2-year degree,No,White,No
Plan D,Yes,Always,No,Never,2,1,Never,No,None,Usually,Always,Never,Usually,10,No,2,2,No,Always,Sometimes,No,Usually,10,Good,Excellent,Yes,No,No,Yes,25 to 34,Female,4-year college graduate,No,White,Yes
Plan B,No,Sometimes,No,Always,3,5,Usually,Yes,4,Never,Always,Usually,Never,0,Yes,5 or more specialists,0,Yes,Never,Sometimes,No,Never,3,Fair,Poor,No,No,No,No,35 to 44,Female,4-year college graduate,Yes,Black or African American,Yes
Plan D,No,Usually,Yes,Sometimes,3,8,Sometimes,No,None,Always,Usually,Never,Sometimes,8,Yes,5 or more specialists,2,No,Sometimes,Always,No,Always,9,Excellent,Very good,Yes,Yes,No,Yes,65 to 74,Female,8th grade or less,No,Other,No
Plan B,No,Always,No,Usually,3,8,Sometimes,Yes,2,Never,Never,Never,Sometimes,1,Yes,None,3,No,Sometimes,Always,Yes,Always,6,Fair,Excellent,Yes,Yes,No,No,55 to 64,Male,More than 4-year college degree,No,Black or African American,Yes
Plan C,No,Usually,No,Sometimes,1 time,9,Never,Yes,10 or more times,Never,Never,Never,Sometimes,8,Yes,2,5,No,Usually,Always,Yes,Usually,2,Excellent,Good,No,Yes,No,Yes,55 to 64,Female,High school graduate or GED,No,Native Hawaiian or Other Pacific Islander,Yes
Plan E,Yes,Never,Yes,Usually,4,2,Always,No,1 time,Never,Sometimes,Never,Never,1,Yes,4,5,No,Never,Usually,Yes,Sometimes,8,Fair,Excellent,Yes,Yes,No,Yes,18 to 24,Female,Some college or 2-year degree,No,Black or African American,Yes
Plan D,No,Always,No,Sometimes,5 to 9,9,Never,Yes,10 or more times,Usually,Sometimes,Never,Never,10,No,5 or more specialists,4,No,Always,Usually,Yes,Usually,8,Good,Very good,No,Yes,No,Yes,75 or older,Female,8th grade or less,Yes,Other,Yes
Plan E,Yes,Usually,Yes,Never,4,3,Usually,Yes,3,Sometimes,Usually,Always,Never,8,Yes,1 specialist,8,No,Never,Usually,No,Always,3,Excellent,Fair,No,No,No,Yes,75 or older,Female,Some high school,Yes,Black or African American,No
Plan D,No,Always,Yes,Sometimes,2,4,Never,Yes,1 time,Usually,Sometimes,Always,Sometimes,10,Yes,5 or more specialists,2,Yes,Never,Never,Yes,Never,4,Very good,Good,No,Yes,Yes,Yes,18 to 24,Female,More than 4-year college degree,No,Native Hawaiian or Other Pacific Islander,Yes
Plan D,Yes,Never,No,Always,2,4,Usually,Yes,10 or more times,Usually,Never,Sometimes,Usually,9,No,2,2,Yes,Usually,Sometimes,Yes,Usually,8,Very good,Good,No,No,Yes,Yes,35 to 44,Male,8th grade or less,Yes,Asian,No
Plan D,No,Never,Yes,Sometimes,3,4,Sometimes,No,4,Sometimes,Usually,Usually,Sometimes,0,No,None,9,No,Sometimes,Usually,No,Usually,8,Very good,Poor,No,Yes,Yes,Yes,75 or older,Female,4-year college graduate,No,Black or African American,No
Plan E,Yes,Sometimes,Yes,Sometimes,2,8,Never,No,10 or more times,Usually,Always,Sometimes,Never,9,Yes,5 or more specialists,10,Yes,Usually,Always,No,Never,8,Poor,Fair,No,No,Yes,No,25 to 34,Female,Some high school,No,Other,No
Plan C,Yes,Never,Yes,Sometimes,2,6,Usually,No,5 to 9,Usually,Usually,Sometimes,Always,8,No,3,0,No,Usually,Usually,Yes,Usually,1,Very good,Good,No,Yes,Yes,Yes,25 to 34,Male,More than 4-year college degree,No,Other,No
Plan B,Yes,Never,Yes,Never,1 time,7,Sometimes,No,4,Usually,Sometimes,Never,Never,8,No,None,1,No,Usually,Sometimes,No,Always,2,Excellent,Very good,Yes,No,Yes,Yes,65 to 74,Female,High school graduate or GED,Yes,Asian,Yes
Plan D,Yes,Usually,No,Never,3,8,Always,Yes,4,Usually,Always,Usually,Sometimes,8,No,None,3,Yes,Never,Sometimes,No,Sometimes,6,Good,Excellent,Yes,Yes,Yes,No,65 to 74,Male,More than 4-year college degree,Yes,White,Yes
Plan D,No,Never,Yes,Never,5 to 9,8,Never,Yes,4,Always,Usually,Always,Always,7,Yes,2,9,No,Never,Sometimes,No,Never,2,Fair,Good,No,Yes,No,Yes,35 to 44,Male,High school graduate or GED,Yes,Other,No
Plan A,No,Usually,Yes,Never,None,4,Usually,No,5 to 9,Sometimes,Always,Always,Sometimes,0,Yes,5 or more specialists,2,No,Usually,Usually,No,Sometimes,2,Excellent,Excellent,Yes,No,Yes,Yes,35 to 44,Male,Some high school,No,American Indian or Alaska Native,Yes
Plan B,No,Usually,Yes,Sometimes,10 or more times,8,Never,No,2,Always,Usually,Always,Never,9,Yes,None,9,Yes,Never,Always,Yes,Always,6,Excellent,Very good,Yes,Yes,No,Yes,65 to 74,Male,Some college or 2-year degree,Yes,American Indian or Alaska Native,No
Plan B,No,Sometimes,Yes,Never,5 to 9,6,Never,No,3,Usually,Never,Sometimes,Never,7,Yes,4,8,Yes,Usually,Never,No,Sometimes,4,Good,Good,No,Yes,Yes,Yes,45 to 54,Female,Some high school,No,Other,No
Plan D,No,Sometimes,No,Sometimes,10 or more times,4,Never,Yes,3,Never,Sometimes,Never,Always,7,No,5 or more specialists,1,No,Usually,Usually,Yes,Usually,7,Excellent,Good,Yes,No,Yes,No,35 to 44,Male,Some high school,No,Asian,No
Plan D,Yes,Sometimes,Yes,Never,1 time,10,Never,Yes,1 time,Never,Usually,Sometimes,Always,1,No,3,8,Yes,Never,Sometimes,No,Usually,0,Very good,Fair,No,No,No,Yes,18 to 24,Female,More than 4-year college degree,No,Native Hawaiian or Other Pacific Islander,No
Plan C,No,Sometimes,No,Usually,3,0,Never,No,3,Always,Always,Usually,Sometimes,2,No,1 specialist,8,Yes,Sometimes,Usually,No,Always,5,Very good,Excellent,Yes,Yes,No,No,55 to 64,Female,Some college or 2-year degree,No,Other,Yes
Plan C,No,Always,No,Sometimes,None,5,Usually,Yes,None,Usually,Always,Always,Usually,5,No,5 or more specialists,4,No,Never,Never,No,Usually,3,Fair,Good,Yes,No,No,No,18 to 24,Female,Some high school,No,Black or African American,No
Plan B,No,Sometimes,Yes,Sometimes,5 to 9,7,Sometimes,No,3,Never,Always,Sometimes,Never,6,No,3,1,No,Always,Sometimes,Yes,Never,5,Good,Good,No,Yes,Yes,No,18 to 24,Male,8th grade or less,No,White,Yes
Plan C,No,Always,No,Usually,2,10,Never,No,5 to 9,Sometimes,Sometimes,Usually,Never,2,Yes,5 or more specialists,3,No,Always,Always,No,Usually,9,Excellent,Excellent,Yes,No,Yes,Yes,55 to 64,Female,4-year college graduate,Yes,Other,Yes
Plan D,Yes,Usually,Yes,Always,None,4,Never,No,4,Usually,Never,Never,Sometimes,2,No,1 specialist,10,Yes,Always,Usually,No,Sometimes,4,Very good,Very good,No,No,No,Yes,18 to 24,Female,8th grade or less,Yes,Native Hawaiian or Other Pacific Islander,No
Plan B,No,Usually,Yes,Sometimes,2,3,Never,Yes,1 time,Sometimes,Usually,Never,Never,4,Yes,None,5,No,Always,Usually,Yes,Sometimes,6,Poor,Good,Yes,No,Yes,Yes,25 to 34,Male,High school graduate or GED,Yes,American Indian or Alaska Native,Yes
Plan D,Yes,Always,No,Sometimes,4,1,Always,No,2,Always,Sometimes,Never,Never,4,Yes,2,6,No,Never,Never,No,Always,6,Good,Good,No,Yes,No,Yes,18 to 24,Male,High school graduate or GED,Yes,White,No
Plan D,No,Usually,No,Never,3,4,Usually,Yes,4,Sometimes,Always,Never,Sometimes,8,No,5 or more specialists,7,No,Never,Usually,Yes,Sometimes,5,Good,Fair,Yes,Yes,Yes,Yes,18 to 24,Female,4-year college graduate,No,Other,Yes
Plan E,Yes,Sometimes,Yes,Sometimes,2,1,Sometimes,Yes,5 to 9,Sometimes,Always,Always,Never,10,Yes,2,9,No,Sometimes,Never,No,Never,9,Good,Poor,No,No,Yes,Yes,45 to 54,Female,Some high school,No,American Indian or Alaska Native,No
Plan D,No,Never,No,Never,5 to 9,5,Never,Yes,10 or more times,Sometimes,Sometimes,Usually,Always,2,Yes,4,10,No,Always,Usually,Yes,Usually,3,Very good,Very good,No,No,No,No,18 to 24,Female,High school graduate or GED,Yes,Black or African American,No
Plan A,No,Usually,No,Sometimes,5 to 9,6,Sometimes,No,10 or more times,Never,Always,Sometimes,Always,8,Yes,None,9,Yes,Always,Always,Yes,Sometimes,9,Excellent,Excellent,Yes,Yes,Yes,No,45 to 54,Male,Some college or 2-year degree,Yes,Native Hawaiian or Other Pacific Islander,Yes
Plan C,Yes,Sometimes,No,Sometimes,5 to 9,9,Always,Yes,4,Sometimes,Never,Always,Sometimes,2,Yes,None,3,Yes,Always,Never,No,Never,6,Fair,Very good,Yes,Yes,Yes,Yes,35 to 44,Male,4-year college graduate,Yes,Black or African American,Yes
Plan E,No,Always,No,Always,3,3,Sometimes,Yes,5 to 9,Always,Never,Sometimes,Never,2,No,3,3,Yes,Always,Usually,Yes,Sometimes,2,Excellent,Fair,Yes,No,No,No,75 or older,Female,High school graduate or GED,No,Native Hawaiian or Other Pacific Islander,No
Plan A,No,Always,Yes,Usually,2,7,Always,Yes,1 time,Usually,Always,Sometimes,Never,1,Yes,3,7,No,Sometimes,Never,No,Always,3,Very good,Good,Yes,No,Yes,No,45 to 54,Female,4-year college graduate,Yes,Asian,Yes
Plan C,No,Always,No,Usually,3,0,Sometimes,No,10 or more times,Usually,Never,Always,Always,8,Yes,4,5,Yes,Sometimes,Always,No,Sometimes,7,Poor,Excellent,No,Yes,Yes,Yes,35 to 44,Male,More than 4-year college degree,No,Asian,Yes
Plan A,Yes,Sometimes,Yes,Sometimes,10 or more times,6,Sometimes,Yes,None,Usually,Always,Usually,Usually,5,No,2,4,Yes,Usually,Usually,Yes,Usually,7,Good,Good,Yes,No,No,Yes,65 to 74,Female,More than 4-year college degree,Yes,Asian,Yes
Plan C,No,Sometimes,No,Never,5 to 9,8,Sometimes,No,1 time,Never,Never,Usually,Never,3,Yes,1 specialist,0,No,Always,Always,No,Usually,2,Poor,Excellent,Yes,No,Yes,Yes,75 or older,Female,8th grade or less,No,American Indian or Alaska Native,No
Plan E,Yes,Always,Yes,Usually,10 or more times,10,Always,No,10 or more times,Usually,Always,Sometimes,Always,1,No,4,0,No,Usually,Always,No,Never,7,Fair,Poor,No,Yes,Yes,Yes,25 to 34,Male,Some college or 2-year degree,Yes,Other,No
Plan E,Yes,Usually,No,Sometimes,3,1,Always,Yes,1 time,Sometimes,Always,Never,Never,10,No,1 specialist,10,No,Sometimes,Usually,Yes,Usually,8,Very good,Very good,No,Yes,Yes,Yes,45 to 54,Male,Some high school,Yes,Native Hawaiian or Other Pacific Islander,Yes
Plan C,No,Never,Yes,Sometimes,4,6,Never,No,2,Sometimes,Never,Always,Never,8,Yes,1 specialist,3,Yes,Usually,Sometimes,Yes,Always,3,Fair,Poor,No,No,No,No,75 or older,Male,More than 4-year college degree,Yes,White,No
Plan A,Yes,Always,Yes,Always,4,7,Always,No,10 or more times,Never,Usually,Sometimes,Usually,3,No,None,4,No,Usually,Never,No,Never,4,Fair,Very good,No,No,No,Yes,55 to 64,Female,4-year college graduate,No,American Indian or Alaska Native,No
Plan C,No,Usually,No,Sometimes,None,9,Sometimes,Yes,3,Never,Never,Never,Usually,5,No,None,7,Yes,Sometimes,Usually,Yes,Never,0,Poor,Very good,No,No,No,Yes,75 or older,Male,4-year college graduate,Yes,Asian,Yes
Plan D,Yes,Always,Yes,Never,2,6,Usually,No,5 to 9,Usually,Sometimes,Always,Sometimes,5,Yes,4,5,No,Always,Always,Yes,Always,10,Fair,Good,Yes,No,Yes,Yes,35 to 44,Female,8th grade or less,No,Native Hawaiian or Other Pacific Islander,Yes
Plan B,No,Sometimes,No,Always,4,8,Sometimes,Yes,2,Sometimes,Sometimes,Sometimes,Never,0,No,4,9,No,Usually,Always,No,Usually,2,Fair,Poor,No,No,No,No,75 or older,Female,Some college or 2-year degree,No,Other,No
Plan E,Yes,Always,Yes,Always,1 time,5,Never,Yes,1 time,Usually,Always,Sometimes,Never,2,No,4,4,No,Always,Sometimes,Yes,Never,7,Good,Very good,No,No,No,No,55 to 64,Female,Some high school,Yes,Asian,Yes
Plan A,Yes,Always,No,Always,5 to 9,4,Usually,No,1 time,Sometimes,Never,Usually,Never,3,Yes,5 or more specialists,4,No,Always,Sometimes,No,Always,0,Excellent,Poor,No,Yes,Yes,Yes,25 to 34,Female,8th grade or less,Yes,Other,No
Plan A,Yes,Always,Yes,Sometimes,10 or more times,7,Sometimes,No,3,Usually,Never,Sometimes,Always,8,No,4,9,No,Usually,Sometimes,Yes,Always,8,Very good,Excellent,No,Yes,No,No,25 to 34,Male,More than 4-year college degree,No,Asian,Yes
Plan D,No,Never,Yes,Usually,4,1,Always,Yes,5 to 9,Sometimes,Usually,Sometimes,Sometimes,8,No,2,2,Yes,Sometimes,Usually,No,Never,6,Good,Good,Yes,Yes,Yes,Yes,45 to 54,Male,More than 4-year college degree,Yes,White,No
Plan D,No,Never,Yes,Always,5 to 9,8,Usually,No,2,Always,Always,Never,Always,7,No,4,4,No,Usually,Usually,Yes,Usually,7,Fair,Excellent,No,No,Yes,No,75 or older,Female,High school graduate or GED,No,Asian,No
Plan D,Yes,Never,Yes,Never,4,1,Always,No,4,Usually,Never,Sometimes,Sometimes,6,No,2,4,No,Usually,Never,No,Never,7,Very good,Poor,No,No,Yes,Yes,75 or older,Female,High school graduate or GED,Yes,American Indian or Alaska Native,Yes
Plan E,Yes,Never,Yes,Never,1 time,8,Sometimes,Yes,2,Never,Always,Never,Always,5,Yes,4,10,No,Always,Sometimes,Yes,Usually,2,Very good,Good,No,No,No,Yes,35 to 44,Female,Some college or 2-year degree,No,White,Yes
Plan A,No,Always,No,Usually,5 to 9,6,Sometimes,Yes,4,Always,Sometimes,Never,Sometimes,5,Yes,2,1,No,Always,Usually,No,Always,6,Excellent,Excellent,No,Yes,Yes,Yes,65 to 74,Female,High school graduate or GED,No,Asian,Yes
Plan E,Yes,Always,Yes,Sometimes,5 to 9,1,Never,No,1 time,Never,Usually,Never,Usually,8,Yes,1 specialist,0,Yes,Usually,Never,No,Always,1,Fair,Fair,Yes,Yes,Yes,No,75 or older,Female,High school graduate or GED,No,Other,Yes
Plan D,No,Usually,No,Usually,None,9,Always,Yes,1 time,Always,Always,Sometimes,Always,6,No,2,5,No,Always,Always,Yes,Sometimes,9,Poor,Very good,No,Yes,No,No,35 to 44,Female,More than 4-year college degree,Yes,Other,Yes
Plan E,No,Usually,Yes,Usually,1 time,1,Usually,No,None,Always,Always,Always,Never,1,No,None,7,No,Always,Usually,No,Always,8,Poor,Fair,Yes,No,Yes,No,45 to 54,Male,Some high school,Yes,White,Yes
Plan C,Yes,Sometimes,No,Sometimes,2,7,Usually,No,5 to 9,Never,Sometimes,Never,Sometimes,9,Yes,1 specialist,6,Yes,Sometimes,Never,No,Never,2,Poor,Poor,No,No,No,Yes,75 or older,Female,High school graduate or GED,Yes,White,Yes
Plan C,No,Always,Yes,Sometimes,4,8,Always,No,5 to 9,Usually,Sometimes,Always,Always,1,No,4,10,Yes,Never,Sometimes,Yes,Sometimes,10,Excellent,Poor,Yes,Yes,No,Yes,45 to 54,Female,8th grade or less,Yes,Asian,Yes
Plan E,No,Sometimes,Yes,Never,2,5,Sometimes,Yes,2,Sometimes,Usually,Sometimes,Usually,1,No,1 specialist,8,Yes,Always,Never,No,Usually,10,Poor,Very good,Yes,Yes,No,Yes,35 to 44,Female,4-year college graduate,Yes,American Indian or Alaska Native,No
Plan E,No,Always,Yes,Always,1 time,3,Usually,No,None,Sometimes,Never,Usually,Sometimes,3,Yes,3,9,Yes,Always,Usually,No,Usually,5,Very good,Very good,No,No,Yes,No,65 to 74,Female,8th grade or less,Yes,Asian,No
Plan B,No,Usually,No,Never,10 or more times,2,Usually,No,10 or more times,Never,Always,Never,Usually,1,No,3,5,No,Sometimes,Usually,No,Always,10,Very good,Fair,Yes,No,Yes,Yes,18 to 24,Female,High school graduate or GED,No,American Indian or Alaska Native,Yes
Plan B,No,Usually,No,Sometimes,4,1,Never,No,5 to 9,Usually,Always,Sometimes,Never,2,Yes,2,0,No,Sometimes,Usually,Yes,Always,3,Very good,Good,No,No,No,No,18 to 24,Female,High school graduate or GED,No,White,No
Plan C,Yes,Sometimes,No,Sometimes,10 or more times,6,Always,No,4,Never,Sometimes,Usually,Sometimes,3,Yes,1 specialist,6,No,Sometimes,Usually,Yes,Always,7,Fair,Poor,Yes,No,No,No,75 or older,Female,Some high school,No,White,No
Plan C,No,Always,No,Always,4,3,Never,No,1 time,Always,Sometimes,Always,Never,10,Yes,3,8,No,Usually,Sometimes,Yes,Always,8,Fair,Poor,No,No,No,No,25 to 34,Female,More than 4-year college degree,No,Native Hawaiian or Other Pacific Islander,No
Plan D,No,Sometimes,No,Always,1 time,7,Usually,No,10 or more times,Usually,Usually,Always,Sometimes,9,No,3,6,No,Sometimes,Sometimes,Yes,Never,9,Good,Very good,No,No,Yes,Yes,18 to 24,Male,4-year college graduate,Yes,White,Yes
Plan A,Yes,Never,No,Never,5 to 9,4,Usually,Yes,3,Sometimes,Usually,Never,Never,9,No,4,6,No,Usually,Never,No,Sometimes,9,Poor,Poor,Yes,Yes,Yes,Yes,18 to 24,Female,High school graduate or GED,No,White,No
Plan C,No,Always,No,Always,1 time,4,Never,Yes,1 time,Usually,Never,Always,Always,2,No,3,5,No,Sometimes,Always,No,Usually,6,Very good,Good,No,No,No,No,35 to 44,Male,More than 4-year college degree,Yes,Asian,Yes
Plan E,Yes,Never,No,Never,5 to 9,8,Never,No,4,Never,Sometimes,Usually,Always,10,No,4,8,Yes,Always,Never,Yes,Never,6,Good,Poor,Yes,Yes,No,Yes,35 to 44,Male,Some high school,Yes,Other,No
Plan D,Yes,Sometimes,No,Usually,3,2,Always,No,1 time,Always,Usually,Sometimes,Sometimes,6,No,None,3,No,Always,Never,No,Usually,1,Good,Poor,No,Yes,No,No,75 or older,Male,More than 4-year college degree,No,White,No
Plan E,No,Sometimes,Yes,Usually,3,1,Always,No,10 or more times,Never,Usually,Never,Never,8,Yes,4,2,No,Usually,Sometimes,No,Always,0,Good,Fair,Yes,No,No,Yes,65 to 74,Male,Some high school,No,Native Hawaiian or Other Pacific Islander,No
Plan C,No,Sometimes,Yes,Usually,10 or more times,10,Never,No,None,Never,Sometimes,Sometimes,Sometimes,10,No,2,5,Yes,Never,Sometimes,No,Sometimes,5,Poor,Good,No,No,Yes,Yes,55 to 64,Female,Some high school,Yes,Other,Yes
Plan D,No,Never,No,Always,5 to 9,2,Sometimes,Yes,None,Usually,Never,Usually,Never,3,Yes,1 specialist,1,No,Never,Always,Yes,Always,3,Good,Excellent,No,No,No,Yes,75 or older,Male,More than 4-year college degree,No,Other,Yes
Plan C,No,Always,No,Sometimes,4,8,Always,No,5 to 9,Usually,Usually,Sometimes,Sometimes,8,Yes,None,6,No,Sometimes,Always,No,Always,7,Very good,Very good,No,Yes,Yes,Yes,45 to 54,Male,8th grade or less,Yes,Native Hawaiian or Other Pacific Islander,Yes
Plan B,No,Always,Yes,Never,1 time,8,Usually,No,5 to 9,Always,Never,Always,Usually,10,Yes,None,7,No,Usually,Usually,No,Usually,3,Very good,Excellent,No,Yes,No,Yes,18 to 24,Male,High school graduate or GED,No,White,No
Plan B,No,Always,Yes,Always,2,10,Never,No,2,Always,Sometimes,Never,Never,0,Yes,1 specialist,5,No,Usually,Usually,No,Always,6,Fair,Excellent,No,No,Yes,No,35 to 44,Female,Some high school,Yes,Black or African American,No
Plan C,No,Never,Yes,Usually,4,6,Usually,No,2,Usually,Always,Usually,Never,3,No,5 or more specialists,0,Yes,Always,Sometimes,No,Sometimes,10,Poor,Excellent,No,No,Yes,Yes,55 to 64,Male,Some college or 2-year degree,Yes,Other,Yes
Plan A,No,Never,Yes,Never,None,0,Sometimes,No,None,Always,Sometimes,Sometimes,Sometimes,3,Yes,2,7,No,Sometimes,Never,No,Usually,3,Good,Very good,No,No,No,No,65 to 74,Female,More than 4-year college degree,No,Other,No
Plan D,Yes,Always,Yes,Always,4,7,Always,No,2,Usually,Always,Never,Always,1,No,2,5,Yes,Always,Sometimes,Yes,Never,8,Very good,Poor,No,Yes,No,No,35 to 44,Female,8th grade or less,Yes,Black or African American,Yes
Plan D,No,Never,Yes,Always,None,3,Sometimes,Yes,10 or more times,Usually,Always,Always,Always,7,Yes,2,10,No,Never,Sometimes,No,Always,5,Poor,Very good,Yes,No,Yes,No,65 to 74,Female,Some college or 2-year degree,No,Asian,No
Plan C,No,Never,No,Always,10 or more times,5,Usually,No,2,Never,Usually,Always,Usually,9,No,4,9,No,Usually,Always,Yes,Usually,3,Good,Good,No,Yes,No,Yes,75 or older,Female,8th grade or less,No,Native Hawaiian or Other Pacific Islander,No
Plan B,Yes,Never,No,Always,1 time,4,Always,Yes,None,Usually,Always,Sometimes,Never,10,Yes,1 specialist,8,Yes,Usually,Usually,No,Always,8,Fair,Very good,No,No,Yes,Yes,75 or older,Male,More than 4-year college degree,No,American Indian or Alaska Native,Yes
Plan C,Yes,Sometimes,Yes,Always,10 or more times,1,Always,No,None,Never,Never,Always,Sometimes,6,No,1 specialist,6,No,Usually,Always,No,Usually,10,Good,Poor,No,No,No,Yes,18 to 24,Female,Some college or 2-year degree,No,Black or African American,No
Plan E,No,Always,No,Sometimes,10 or more times,3,Never,No,1 time,Never,Usually,Always,Never,1,Yes,1 specialist,1,No,Never,Usually,Yes,Sometimes,3,Very good,Excellent,Yes,Yes,Yes,No,65 to 74,Female,Some college or 2-year degree,Yes,White,No
Plan B,No,Never,No,Sometimes,1 time,9,Always,Yes,5 to 9,Always,Sometimes,Sometimes,Never,4,No,None,5,Yes,Never,Never,No,Always,3,Good,Fair,Yes,Yes,No,No,55 to 64,Male,4-year college graduate,No,Asian,Yes
Plan C,Yes,Usually,No,Always,3,9,Always,No,None,Never,Sometimes,Usually,Always,3,Yes,3,0,Yes,Always,Always,No,Always,5,Poor,Fair,Yes,No,No,Yes,35 to 44,Female,High school graduate or GED,Yes,Native Hawaiian or Other Pacific Islander,Yes
Plan E,Yes,Sometimes,No,Always,1 time,8,Never,No,10 or more times,Never,Usually,Usually,Always,3,No,1 specialist,10,Yes,Always,Sometimes,No,Usually,0,Good,Very good,Yes,No,No,Yes,45 to 54,Female,Some high school,Yes,White,Yes
Plan A,No,Sometimes,No,Never,1 time,2,Never,No,1 time,Always,Usually,Usually,Always,0,No,4,5,Yes,Never,Usually,No,Sometimes,9,Fair,Excellent,No,No,No,Yes,35 to 44,Female,Some college or 2-year degree,Yes,American Indian or Alaska Native,Yes
Plan B,Yes,Always,No,Never,5 to 9,10,Usually,No,1 time,Never,Sometimes,Sometimes,Never,2,No,3,1,Yes,Never,Usually,No,Never,0,Good,Fair,Yes,Yes,Yes,No,35 to 44,Male,Some high school,Yes,Black or African American,No
Plan B,No,Sometimes,No,Always,1 time,0,Usually,No,1 time,Never,Usually,Never,Never,6,Yes,1 specialist,7,No,Always,Usually,No,Sometimes,6,Fair,Poor,No,Yes,Yes,Yes,25 to 34,Male,More than 4-year college degree,Yes,Black or African American,No
Plan E,Yes,Always,Yes,Sometimes,3,2,Sometimes,Yes,2,Sometimes,Never,Always,Never,9,Yes,1 specialist,4,No,Sometimes,Always,No,Usually,5,Good,Poor,No,No,Yes,No,65 to 74,Male,4-year college graduate,No,White,Yes
Plan C,No,Never,No,Usually,None,6,Never,No,4,Never,Usually,Sometimes,Usually,4,Yes,4,2,No,Usually,Usually,Yes,Never,4,Very good,Very good,Yes,No,No,No,18 to 24,Male,High school graduate or GED,No,Asian,No
Plan E,No,Never,No,Sometimes,3,6,Usually,Yes,5 to 9,Never,Always,Never,Sometimes,4,Yes,4,1,No,Never,Usually,No,Sometimes,1,Good,Fair,Yes,No,No,No,35 to 44,Female,High school graduate or GED,Yes,Native Hawaiian or Other Pacific Islander,Yes
Plan A,No,Sometimes,Yes,Never,None,1,Sometimes,Yes,1 time,Usually,Sometimes,Never,Always,1,No,4,3,Yes,Never,Sometimes,Yes,Never,7,Excellent,Fair,Yes,No,No,No,25 to 34,Female,Some college or 2-year degree,Yes,Asian,Yes
Plan C,Yes,Usually,No,Sometimes,4,0,Always,Yes,4,Usually,Never,Never,Never,4,Yes,2,10,No,Sometimes,Usually,Yes,Usually,0,Excellent,Good,Yes,No,Yes,No,45 to 54,Female,High school graduate or GED,Yes,Other,Yes
Plan B,No,Sometimes,No,Always,2,9,Usually,Yes,3,Usually,Never,Sometimes,Always,9,No,3,9,No,Sometimes,Never,Yes,Never,4,Very good,Poor,No,No,No,Yes,35 to 44,Female,Some high school,No,Black or African American,No
Plan E,Yes,Sometimes,No,Sometimes,10 or more times,5,Usually,No,4,Sometimes,Always,Usually,Never,6,No,4,0,No,Usually,Always,Yes,Never,7,Fair,Poor,No,Yes,No,Yes,65 to 74,Female,Some college or 2-year degree,Yes,Native Hawaiian or Other Pacific Islander,No
Plan D,Yes,Sometimes,No,Never,3,1,Usually,No,4,Never,Never,Always,Usually,2,No,None,10,No,Always,Sometimes,Yes,Always,1,Fair,Excellent,Yes,No,No,Yes,55 to 64,Female,More than 4-year college degree,Yes,Black or African American,Yes
Plan C,Yes,Never,No,Sometimes,None,8,Always,No,5 to 9,Sometimes,Sometimes,Usually,Never,10,No,5 or more specialists,4,No,Never,Sometimes,Yes,Sometimes,4,Very good,Good,Yes,No,No,No,65 to 74,Male,4-year college graduate,Yes,White,Yes
Plan E,Yes,Usually,Yes,Sometimes,5 to 9,8,Always,No,2,Never,Never,Usually,Usually,9,No,None,1,Yes,Usually,Sometimes,No,Usually,7,Excellent,Poor,No,Yes,Yes,No,65 to 74,Female,4-year college graduate,No,Asian,No
Plan A,Yes,Always,No,Usually,1 time,6,Sometimes,Yes,5 to 9,Sometimes,Never,Usually,Sometimes,10,Yes,4,7,Yes,Usually,Sometimes,No,Usually,6,Excellent,Very good,No,No,Yes,Yes,18 to 24,Male,High school graduate or GED,Yes,Other,Yes
Plan C,Yes,Always,No,Never,10 or more times,0,Usually,Yes,10 or more times,Sometimes,Never,Usually,Sometimes,8,No,2,3,Yes,Never,Usually,Yes,Usually,8,Poor,Very good,Yes,No,Yes,Yes,25 to 34,Female,High school graduate or GED,Yes,Black or African American,No
Plan D,Yes,Never,Yes,Usually,4,5,Never,Yes,10 or more times,Always,Sometimes,Always,Always,8,No,4,10,No,Sometimes,Sometimes,Yes,Usually,10,Fair,Fair,No,No,No,Yes,18 to 24,Male,8th grade or less,Yes,White,No
Plan D,Yes,Always,Yes,Always,2,0,Usually,Yes,2,Sometimes,Never,Usually,Never,5,No,None,6,No,Usually,Sometimes,Yes,Never,1,Good,Good,No,No,No,No,18 to 24,Female,4-year college graduate,Yes,American Indian or Alaska Native,Yes
Plan D,No,Never,Yes,Usually,1 time,3,Sometimes,Yes,1 time,Always,Always,Never,Usually,2,No,None,3,Yes,Never,Never,Yes,Usually,10,Good,Very good,Yes,No,Yes,No,45 to 54,Male,4-year college graduate,Yes,Asian,No
Plan C,No,Never,Yes,Usually,5 to 9,10,Always,No,2,Usually,Sometimes,Always,Always,10,No,2,5,Yes,Never,Never,No,Always,7,Good,Poor,Yes,No,Yes,Yes,75 or older,Male,High school graduate or GED,Yes,White,No
Plan C,No,Usually,No,Usually,4,9,Sometimes,Yes,1 time,Always,Usually,Never,Sometimes,1,No,2,6,No,Never,Usually,Yes,Always,2,Very good,Fair,No,No,No,No,25 to 34,Male,8th grade or less,No,Black or African American,Yes
Plan C,No,Usually,Yes,Sometimes,None,10,Never,Yes,1 time,Usually,Never,Always,Never,4,Yes,5 or more specialists,3,Yes,Always,Always,No,Never,5,Excellent,Poor,Yes,Yes,Yes,No,35 to 44,Female,8th grade or less,Yes,White,Yes
Plan A,No,Usually,Yes,Sometimes,2,3,Usually,No,3,Always,Sometimes,Never,Always,3,No,None,5,No,Usually,Sometimes,No,Sometimes,5,Poor,Good,Yes,Yes,No,No,75 or older,Male,Some college or 2-year degree,No,Native Hawaiian or Other Pacific Islander,Yes
Plan D,Yes,Always,Yes,Always,None,6,Usually,No,5 to 9,Never,Never,Sometimes,Usually,0,Yes,5 or more specialists,6,Yes,Never,Sometimes,Yes,Never,2,Poor,Good,No,No,Yes,Yes,65 to 74,Male,Some college or 2-year degree,No,White,No
Plan A,No,Always,Yes,Sometimes,None,2,Never,Yes,1 time,Sometimes,Always,Always,Never,2,Yes,4,3,No,Never,Always,No,Never,4,Excellent,Good,Yes,Yes,Yes,No,25 to 34,Male,4-year college graduate,No,Black or African American,No
Plan E,No,Always,Yes,Sometimes,3,4,Always,No,None,Always,Always,Always,Always,9,Yes,3,3,No,Sometimes,Never,No,Sometimes,4,Poor,Poor,Yes,Yes,No,No,18 to 24,Female,High school graduate or GED,Yes,White,No
Plan A,No,Never,Yes,Always,1 time,4,Usually,No,10 or more times,Sometimes,Sometimes,Always,Sometimes,10,No,4,5,Yes,Never,Sometimes,No,Sometimes,2,Very good,Very good,Yes,No,Yes,No,18 to 24,Male,4-year college graduate,Yes,Black or African American,No
Plan D,No,Sometimes,No,Sometimes,None,8,Always,Yes,5 to 9,Sometimes,Usually,Usually,Never,10,Yes,2,3,Yes,Never,Never,No,Usually,2,Poor,Good,No,Yes,No,No,35 to 44,Male,Some college or 2-year degree,Yes,Native Hawaiian or Other Pacific Islander,No
Plan E,No,Never,No,Always,10 or more times,8,Sometimes,No,4,Always,Sometimes,Never,Never,8,No,2,8,No,Always,Usually,No,Always,2,Excellent,Poor,Yes,No,Yes,No,25 to 34,Male,More than 4-year college degree,No,Other,Yes
Plan D,No,Usually,Yes,Never,2,5,Usually,Yes,None,Usually,Always,Never,Never,8,Yes,2,0,No,Usually,Always,Yes,Never,4,Excellent,Fair,No,No,Yes,No,65 to 74,Female,Some college or 2-year degree,No,American Indian or Alaska Native,Yes
Plan E,No,Never,Yes,Usually,1 time,5,Never,No,1 time,Never,Usually,Usually,Always,8,No,1 specialist,1,Yes,Usually,Never,Yes,Always,4,Excellent,Excellent,No,Yes,No,No,65 to 74,Female,Some high school,Yes,Other,No
Plan A,No,Sometimes,Yes,Sometimes,None,3,Sometimes,No,3,Sometimes,Sometimes,Sometimes,Usually,7,Yes,5 or more specialists,7,Yes,Never,Always,No,Sometimes,0,Excellent,Fair,No,Yes,No,Yes,18 to 24,Male,High school graduate or GED,Yes,Other,No
Plan B,No,Always,No,Always,4,5,Never,No,4,Never,Usually,Usually,Usually,7,No,4,1,No,Sometimes,Usually,Yes,Always,5,Poor,Fair,Yes,Yes,Yes,Yes,35 to 44,Female,4-year college graduate,Yes,Asian,No
Plan A,No,Usually,No,Always,1 time,10,Sometimes,No,4,Usually,Always,Never,Always,10,No,None,0,No,Usually,Always,No,Usually,4,Very good,Very good,No,Yes,No,No,75 or older,Male,Some high school,No,Native Hawaiian or Other Pacific Islander,No
Plan C,Yes,Sometimes,Yes,Usually,None,6,Sometimes,No,2,Never,Sometimes,Always,Sometimes,9,Yes,3,3,No,Never,Usually,Yes,Always,2,Poor,Excellent,No,Yes,No,Yes,45 to 54,Male,4-year college graduate,No,Black or African American,No
Plan E,No,Never,No,Usually,2,8,Sometimes,No,4,Usually,Never,Always,Sometimes,5,No,None,5,No,Never,Usually,No,Usually,9,Fair,Poor,Yes,No,Yes,Yes,75 or older,Male,4-year college graduate,Yes,White,No
Plan C,No,Always,Yes,Usually,2,3,Always,Yes,3,Sometimes,Never,Always,Never,4,Yes,3,6,Yes,Never,Sometimes,No,Always,1,Excellent,Excellent,Yes,No,Yes,Yes,75 or older,Female,8th grade or less,No,American Indian or Alaska Native,Yes
Plan A,Yes,Always,No,Sometimes,2,8,Always,No,1 time,Never,Always,Never,Never,8,Yes,None,4,No,Usually,Usually,Yes,Always,3,Fair,Poor,No,No,Yes,Yes,45 to 54,Male,More than 4-year college degree,Yes,American Indian or Alaska Native,Yes
Plan A,No,Never,No,Usually,4,3,Usually,No,10 or more times,Never,Never,Sometimes,Sometimes,0,Yes,None,8,No,Usually,Usually,No,Never,10,Poor,Excellent,Yes,Yes,No,No,65 to 74,Male,More than 4-year college degree,No,Other,No
Plan E,Yes,Never,Yes,Never,4,9,Never,Yes,4,Always,Usually,Always,Never,8,Yes,2,4,Yes,Sometimes,Never,No,Never,9,Excellent,Fair,Yes,Yes,Yes,No,45 to 54,Male,High school graduate or GED,Yes,American Indian or Alaska Native,Yes
Plan A,Yes,Always,No,Never,1 time,4,Sometimes,No,5 to 9,Never,Always,Sometimes,Usually,5,Yes,3,7,Yes,Sometimes,Always,No,Usually,5,Good,Excellent,Yes,No,Yes,No,18 to 24,Female,8th grade or less,No,Asian,Yes
Plan D,No,Always,No,Never,3,1,Always,No,4,Sometimes,Always,Usually,Usually,7,Yes,3,1,No,Sometimes,Never,No,Always,3,Good,Good,No,No,Yes,No,18 to 24,Female,Some college or 2-year degree,Yes,American Indian or Alaska Native,No
Plan D,Yes,Sometimes,No,Usually,10 or more times,1,Always,No,None,Never,Always,Usually,Usually,0,No,5 or more specialists,0,Yes,Always,Always,Yes,Always,4,Good,Fair,Yes,No,Yes,No,45 to 54,Male,8th grade or less,Yes,White,Yes
Plan A,Yes,Usually,Yes,Always,4,9,Always,No,None,Always,Sometimes,Always,Never,1,No,2,0,Yes,Sometimes,Never,No,Always,0,Excellent,Poor,No,No,No,Yes,18 to 24,Female,High school graduate or GED,Yes,Asian,Yes
Plan B,No,Always,Yes,Usually,4,8,Sometimes,No,10 or more times,Usually,Usually,Always,Sometimes,3,Yes,5 or more specialists,6,No,Always,Sometimes,Yes,Usually,2,Poor,Poor,Yes,No,Yes,Yes,55 to 64,Female,Some high school,No,Asian,No
Plan A,Yes,Sometimes,No,Usually,1 time,1,Always,No,10 or more times,Sometimes,Usually,Always,Sometimes,4,Yes,4,10,Yes,Never,Sometimes,No,Usually,2,Very good,Fair,No,Yes,No,Yes,55 to 64,Male,Some college or 2-year degree,No,American Indian or Alaska Native,No
Plan C,No,Always,Yes,Sometimes,2,9,Sometimes,Yes,2,Always,Never,Usually,Sometimes,5,Yes,5 or more specialists,2,No,Never,Usually,No,Always,8,Fair,Fair,Yes,Yes,Yes,No,18 to 24,Female,Some college or 2-year degree,No,American Indian or Alaska Native,Yes
Plan B,Yes,Never,No,Sometimes,2,6,Usually,No,None,Sometimes,Sometimes,Usually,Sometimes,0,Yes,4,3,No,Always,Usually,Yes,Sometimes,0,Excellent,Poor,Yes,No,No,No,65 to 74,Male,Some college or 2-year degree,No,American Indian or Alaska Native,No
Plan D,Yes,Never,No,Sometimes,2,3,Always,Yes,5 to 9,Usually,Always,Always,Usually,3,Yes,4,9,No,Always,Sometimes,Yes,Never,8,Good,Fair,No,Yes,No,Yes,75 or older,Male,8th grade or less,No,Asian,Yes
Plan A,Yes,Usually,No,Usually,1 time,8,Never,No,2,Always,Sometimes,Never,Never,6,No,1 specialist,6,Yes,Sometimes,Never,Yes,Sometimes,1,Excellent,Very good,Yes,No,No,No,65 to 74,Male,4-year college graduate,Yes,White,No
Plan B,Yes,Usually,No,Always,4,6,Usually,No,2,Always,Always,Sometimes,Never,0,No,1 specialist,10,Yes,Sometimes,Never,No,Never,4,Very good,Good,No,Yes,No,Yes,65 to 74,Male,8th grade or less,Yes,Other,No
Plan C,No,Usually,Yes,Never,10 or more times,6,Usually,Yes,5 to 9,Usually,Usually,Never,Never,10,Yes,None,6,Yes,Usually,Sometimes,No,Always,7,Fair,Very good,No,No,No,No,35 to 44,Male,Some high school,Yes,Black or African American,No
Plan E,Yes,Always,No,Usually,4,0,Usually,No,1 time,Usually,Always,Sometimes,Sometimes,2,Yes,4,0,Yes,Always,Always,Yes,Never,6,Very good,Good,Yes,Yes,Yes,No,75 or older,Female,4-year college graduate,No,Native Hawaiian or Other Pacific Islander,No
Plan A,Yes,Never,Yes,Always,None,7,Always,Yes,3,Usually,Always,Always,Usually,1,Yes,2,2,No,Usually,Sometimes,Yes,Usually,0,Poor,Fair,Yes,No,Yes,No,65 to 74,Male,8th grade or less,No,American Indian or Alaska Native,No
Plan E,Yes,Sometimes,No,Never,2,3,Always,Yes,5 to 9,Usually,Usually,Never,Always,10,Yes,5 or more specialists,8,No,Always,Never,No,Usually,10,Poor,Good,No,Yes,No,No,55 to 64,Female,4-year college graduate,No,Other,Yes
Plan B,Yes,Usually,Yes,Usually,10 or more times,7,Always,Yes,10 or more times,Usually,Sometimes,Never,Never,5,No,1 specialist,4,Yes,Never,Sometimes,Yes,Never,7,Good,Poor,No,Yes,No,No,25 to 34,Male,High school graduate or GED,Yes,Black or African American,Yes
Plan C,No,Never,No,Always,3,6,Sometimes,No,10 or more times,Sometimes,Never,Always,Usually,5,Yes,4,7,No,Always,Sometimes,Yes,Usually,10,Excellent,Poor,Yes,Yes,Yes,No,55 to 64,Female,4-year college graduate,No,Other,Yes
Plan C,No,Usually,No,Never,3,3,Always,Yes,2,Sometimes,Sometimes,Sometimes,Usually,9,Yes,4,6,Yes,Usually,Usually,Yes,Never,7,Poor,Fair,No,No,No,No,25 to 34,Male,8th grade or less,Yes,White,Yes
Plan B,No,Never,No,Sometimes,3,2,Always,No,5 to 9,Sometimes,Usually,Never,Never,1,No,None,4,No,Never,Never,No,Usually,8,Very good,Very good,No,No,Yes,Yes,55 to 64,Male,4-year college graduate,Yes,White,Yes
Plan B,Yes,Never,Yes,Always,3,6,Sometimes,No,5 to 9,Sometimes,Always,Usually,Always,8,Yes,None,10,No,Usually,Always,No,Always,6,Poor,Fair,No,Yes,Yes,No,18 to 24,Female,4-year college graduate,No,Other,No
Plan B,Yes,Sometimes,Yes,Sometimes,5 to 9,9,Always,No,None,Usually,Sometimes,Never,Usually,10,No,5 or more specialists,5,No,Usually,Always,No,Never,1,Fair,Poor,Yes,Yes,Yes,Yes,18 to 24,Female,4-year college graduate,No,Native Hawaiian or Other Pacific Islander,No
Plan A,Yes,Sometimes,Yes,Always,10 or more times,5,Sometimes,Yes,1 time,Sometimes,Never,Usually,Sometimes,2,Yes,1 specialist,5,No,Never,Sometimes,Yes,Sometimes,5,Fair,Good,No,Yes,Yes,No,35 to 44,Female,Some college or 2-year degree,Yes,Native Hawaiian or Other Pacific Islander,No
Plan B,No,Never,Yes,Usually,2,0,Sometimes,Yes,2,Always,Sometimes,Never,Always,4,No,None,8,No,Sometimes,Always,No,Sometimes,7,Excellent,Fair,No,No,No,Yes,75 or older,Male,High school graduate or GED,No,American Indian or Alaska Native,Yes
Plan B,No,Never,Yes,Usually,5 to 9,8,Sometimes,No,3,Sometimes,Always,Usually,Never,4,Yes,2,9,Yes,Sometimes,Sometimes,No,Sometimes,8,Poor,Very good,No,Yes,No,Yes,45 to 54,Male,More than 4-year college degree,No,Asian,No
Plan A,Yes,Never,Yes,Usually,1 time,8,Never,No,3,Sometimes,Usually,Always,Always,7,No,3,10,No,Always,Always,Yes,Usually,10,Very good,Good,Yes,Yes,Yes,No,25 to 34,Female,Some college or 2-year degree,Yes,White,Yes
Plan D,Yes,Never,Yes,Never,1 time,1,Never,Yes,4,Always,Always,Never,Never,4,No,2,5,Yes,Always,Usually,No,Usually,0,Fair,Fair,No,No,Yes,Yes,35 to 44,Female,Some high school,No,Black or African American,No
Plan D,No,Never,Yes,Sometimes,5 to 9,10,Always,Yes,5 to 9,Usually,Sometimes,Never,Never,4,No,None,9,No,Never,Always,No,Always,7,Fair,Excellent,No,Yes,Yes,No,45 to 54,Male,4-year college graduate,No,Native Hawaiian or Other Pacific Islander,Yes
Plan C,Yes,Always,Yes,Usually,5 to 9,6,Always,No,4,Sometimes,Always,Never,Always,0,Yes,4,5,No,Never,Sometimes,Yes,Never,10,Very good,Very good,No,Yes,No,No,45 to 54,Female,High school graduate or GED,Yes,Black or African American,Yes
Plan E,Yes,Never,Yes,Sometimes,10 or more times,7,Always,No,2,Always,Always,Never,Sometimes,6,No,5 or more specialists,4,No,Sometimes,Usually,Yes,Sometimes,2,Very good,Good,Yes,No,No,Yes,75 or older,Male,4-year college graduate,No,Other,No
Plan C,No,Usually,Yes,Never,4,2,Sometimes,Yes,2,Usually,Never,Never,Never,6,No,4,10,No,Sometimes,Usually,Yes,Usually,1,Good,Very good,Yes,No,Yes,No,25 to 34,Male,More than 4-year college degree,No,Native Hawaiian or Other Pacific Islander,Yes
Plan C,Yes,Usually,Yes,Sometimes,4,5,Usually,No,4,Never,Sometimes,Sometimes,Usually,2,No,3,6,No,Sometimes,Usually,No,Usually,7,Fair,Fair,Yes,Yes,Yes,Yes,35 to 44,Male,Some high school,Yes,Black or African American,No
Plan C,Yes,Always,No,Always,2,8,Always,No,1 time,Always,Never,Usually,Sometimes,7,No,1 specialist,3,No,Never,Always,No,Sometimes,8,Poor,Excellent,No,No,Yes,No,55 to 64,Male,Some high school,Yes,Other,Yes
Plan D,Yes,Sometimes,No,Always,3,9,Usually,Yes,3,Never,Usually,Usually,Always,3,No,3,5,Yes,Never,Always,Yes,Always,2,Excellent,Poor,Yes,Yes,Yes,Yes,65 to 74,Female,Some high school,Yes,Native Hawaiian or Other Pacific Islander,No
Plan C,Yes,Never,No,Usually,1 time,10,Never,Yes,10 or more times,Always,Usually,Sometimes,Usually,0,Yes,2,3,No,Never,Usually,No,Usually,10,Poor,Fair,No,No,Yes,No,55 to 64,Male,Some college or 2-year degree,No,Asian,Yes
Plan D,No,Never,Yes,Sometimes,3,0,Usually,Yes,1 time,Sometimes,Sometimes,Never,Sometimes,1,No,1 specialist,4,No,Always,Always,No,Never,4,Very good,Very good,Yes,Yes,No,Yes,65 to 74,Female,High school graduate or GED,Yes,Black or African American,No
Plan C,Yes,Usually,No,Usually,5 to 9,1,Sometimes,No,10 or more times,Always,Usually,Never,Usually,5,Yes,2,10,Yes,Never,Sometimes,Yes,Sometimes,3,Very good,Good,Yes,No,No,No,65 to 74,Male,8th grade or less,No,Black or African American,No
Plan E,Yes,Sometimes,Yes,Usually,1 time,4,Usually,Yes,None,Never,Always,Never,Sometimes,4,No,2,8,Yes,Never,Usually,Yes,Never,2,Very good,Poor,Yes,Yes,Yes,No,65 to 74,Male,Some college or 2-year degree,Yes,Native Hawaiian or Other Pacific Islander,No
Plan D,No,Sometimes,Yes,Usually,2,7,Sometimes,No,4,Never,Always,Never,Never,8,No,4,1,No,Sometimes,Sometimes,No,Never,4,Good,Poor,Yes,Yes,Yes,Yes,55 to 64,Female,Some high school,Yes,Native Hawaiian or Other Pacific Islander,Yes
Plan D,No,Sometimes,Yes,Usually,1 time,10,Always,No,5 to 9,Sometimes,Sometimes,Sometimes,Always,0,No,5 or more specialists,5,Yes,Never,Sometimes,No,Never,9,Fair,Poor,Yes,No,No,Yes,45 to 54,Male,8th grade or less,No,Native Hawaiian or Other Pacific Islander,Yes
Plan B,No,Never,Yes,Sometimes,5 to 9,7,Never,No,None,Sometimes,Sometimes,Always,Never,3,No,2,10,No,Sometimes,Never,No,Usually,10,Poor,Poor,No,No,No,Yes,18 to 24,Female,4-year college graduate,Yes,American Indian or Alaska Native,Yes
Plan C,No,Sometimes,Yes,Usually,3,5,Sometimes,Yes,3,Usually,Sometimes,Sometimes,Sometimes,7,Yes,5 or more specialists,2,No,Always,Sometimes,No,Usually,4,Excellent,Excellent,Yes,Yes,Yes,Yes,35 to 44,Male,More than 4-year college degree,No,American Indian or Alaska Native,Yes
Plan E,No,Sometimes,No,Usually,4,8,Never,No,5 to 9,Sometimes,Sometimes,Sometimes,Never,9,No,None,9,No,Usually,Always,No,Sometimes,0,Fair,Very good,No,No,Yes,No,75 or older,Male,8th grade or less,No,White,Yes
Plan E,Yes,Always,No,Never,4,2,Never,No,None,Never,Usually,Usually,Sometimes,1,Yes,1 specialist,8,Yes,Always,Sometimes,Yes,Sometimes,10,Fair,Excellent,Yes,No,Yes,Yes,75 or older,Male,4-year college graduate,Yes,White,No
Plan E,Yes,Never,Yes,Usually,2,10,Always,No,1 time,Always,Sometimes,Sometimes,Sometimes,5,Yes,5 or more specialists,10,No,Sometimes,Never,Yes,Always,10,Good,Fair,No,No,Yes,Yes,65 to 74,Female,8th grade or less,No,American Indian or Alaska Native,No
Plan B,No,Usually,No,Sometimes,1 time,1,Always,Yes,None,Sometimes,Sometimes,Never,Usually,10,Yes,4,0,Yes,Sometimes,Usually,Yes,Never,9,Poor,Good,Yes,No,No,Yes,35 to 44,Male,4-year college graduate,No,Native Hawaiian or Other Pacific Islander,No
Plan E,No,Always,Yes,Always,2,4,Never,Yes,4,Never,Usually,Always,Never,9,Yes,2,4,No,Always,Usually,No,Never,9,Excellent,Good,Yes,No,Yes,No,25 to 34,Male,8th grade or less,Yes,Native Hawaiian or Other Pacific Islander,Yes
Plan D,Yes,Never,No,Never,10 or more times,5,Always,Yes,3,Usually,Always,Never,Sometimes,6,Yes,1 specialist,6,No,Usually,Usually,No,Usually,5,Poor,Fair,No,No,Yes,No,75 or older,Female,4-year college graduate,Yes,Native Hawaiian or Other Pacific Islander,Yes
Plan A,Yes,Sometimes,No,Always,3,3,Never,Yes,5 to 9,Usually,Sometimes,Always,Always,10,Yes,None,3,Yes,Never,Always,Yes,Usually,0,Poor,Good,No,Yes,Yes,No,65 to 74,Male,8th grade or less,Yes,White,Yes
Plan C,No,Usually,No,Never,5 to 9,2,Usually,Yes,3,Never,Usually,Never,Sometimes,0,Yes,1 specialist,0,No,Never,Sometimes,Yes,Usually,4,Very good,Poor,Yes,Yes,No,Yes,35 to 44,Female,Some high school,No,Asian,No
Plan D,No,Never,No,Usually,1 time,9,Always,Yes,1 time,Sometimes,Sometimes,Usually,Usually,5,No,1 specialist,0,Yes,Sometimes,Usually,Yes,Never,3,Poor,Very good,Yes,Yes,No,Yes,25 to 34,Female,Some college or 2-year degree,Yes,Native Hawaiian or Other Pacific Islander,No
Plan B,Yes,Usually,Yes,Sometimes,None,7,Never,Yes,1 time,Never,Usually,Always,Always,8,Yes,5 or more specialists,4,No,Always,Never,Yes,Sometimes,3,Poor,Excellent,No,Yes,No,Yes,35 to 44,Male,8th grade or less,No,White,Yes
Plan E,Yes,Sometimes,No,Never,10 or more times,1,Usually,No,4,Never,Sometimes,Never,Usually,0,No,2,6,Yes,Usually,Usually,No,Usually,1,Fair,Excellent,No,Yes,Yes,Yes,35 to 44,Male,Some college or 2-year degree,No,Asian,No
Plan E,Yes,Always,No,Sometimes,None,3,Sometimes,Yes,3,Sometimes,Usually,Never,Sometimes,1,Yes,4,8,No,Never,Usually,No,Sometimes,6,Excellent,Excellent,Yes,Yes,No,No,25 to 34,Female,8th grade or less,Yes,Native Hawaiian or Other Pacific Islander,No
Plan D,No,Sometimes,No,Usually,5 to 9,0,Usually,No,5 to 9,Usually,Never,Always,Usually,2,No,None,3,No,Always,Always,No,Always,2,Very good,Good,Yes,No,Yes,Yes,25 to 34,Male,More than 4-year college degree,Yes,White,No
Plan B,No,Always,No,Usually,2,2,Usually,Yes,3,Usually,Sometimes,Sometimes,Sometimes,1,Yes,3,3,No,Always,Sometimes,No,Never,5,Good,Fair,No,Yes,No,No,45 to 54,Male,Some college or 2-year degree,Yes,White,Yes
Plan E,No,Sometimes,No,Always,10 or more times,1,Usually,Yes,10 or more times,Usually,Sometimes,Never,Usually,5,No,1 specialist,8,Yes,Usually,Usually,No,Usually,8,Fair,Excellent,No,Yes,Yes,No,18 to 24,Male,4-year college graduate,Yes,Native Hawaiian or Other Pacific Islander,Yes
Plan D,No,Always,Yes,Sometimes,None,5,Always,No,4,Always,Usually,Usually,Usually,9,No,None,0,Yes,Usually,Never,No,Always,3,Poor,Fair,Yes,No,Yes,Yes,35 to 44,Male,8th grade or less,No,Native Hawaiian or Other Pacific Islander,Yes
Plan E,No,Sometimes,No,Sometimes,2,10,Always,No,5 to 9,Never,Usually,Always,Never,8,Yes,1 specialist,0,No,Never,Always,No,Always,7,Poor,Excellent,No,No,No,Yes,18 to 24,Female,More than 4-year college degree,Yes,White,No
Plan D,Yes,Never,No,Always,None,5,Sometimes,Yes,2,Always,Usually,Sometimes,Usually,7,No,5 or more specialists,8,Yes,Usually,Sometimes,Yes,Always,1,Good,Fair,Yes,No,Yes,Yes,18 to 24,Male,8th grade or less,Yes,American Indian or Alaska Native,Yes
Plan C,Yes,Sometimes,Yes,Always,1 time,8,Sometimes,No,1 time,Usually,Always,Sometimes,Never,0,Yes,2,7,No,Always,Usually,No,Sometimes,10,Good,Fair,No,Yes,No,No,35 to 44,Female,Some college or 2-year degree,Yes,Asian,Yes
Plan E,No,Always,No,Always,None,4,Sometimes,Yes,1 time,Usually,Sometimes,Always,Never,2,No,2,7,Yes,Usually,Sometimes,Yes,Usually,1,Very good,Good,No,Yes,Yes,Yes,45 to 54,Female,Some high school,Yes,Black or African American,Yes
Plan B,Yes,Always,No,Usually,4,4,Usually,No,4,Always,Never,Never,Never,6,Yes,2,5,Yes,Sometimes,Always,No,Usually,0,Fair,Poor,Yes,No,Yes,Yes,55 to 64,Female,Some college or 2-year degree,No,Black or African American,No
Plan D,No,Usually,No,Usually,5 to 9,2,Always,No,2,Usually,Never,Sometimes,Always,6,Yes,None,0,Yes,Usually,Usually,Yes,Always,2,Poor,Good,Yes,No,No,No,65 to 74,Male,8th grade or less,No,White,No
Plan B,Yes,Usually,Yes,Usually,3,9,Usually,Yes,2,Always,Always,Never,Usually,2,Yes,2,10,No,Sometimes,Usually,No,Usually,1,Very good,Very good,No,Yes,No,Yes,65 to 74,Female,More than 4-year college degree,No,Black or African American,Yes
Plan C,Yes,Never,Yes,Sometimes,5 to 9,6,Always,No,1 time,Sometimes,Never,Sometimes,Always,9,No,5 or more specialists,0,No,Usually,Always,No,Never,0,Poor,Fair,No,Yes,Yes,Yes,45 to 54,Male,8th grade or less,No,Asian,Yes
Plan D,No,Always,Yes,Never,10 or more times,3,Sometimes,No,2,Never,Usually,Always,Usually,7,No,4,0,No,Always,Sometimes,No,Usually,9,Very good,Very good,Yes,No,No,No,75 or older,Male,Some high school,No,Native Hawaiian or Other Pacific Islander,No
Plan A,Yes,Always,Yes,Sometimes,1 time,7,Always,No,2,Sometimes,Never,Never,Always,2,Yes,5 or more specialists,1,Yes,Never,Usually,No,Usually,10,Excellent,Fair,Yes,Yes,Yes,No,35 to 44,Female,4-year college graduate,Yes,Native Hawaiian or Other Pacific Islander,No
Plan D,No,Sometimes,No,Usually,4,7,Always,Yes,10 or more times,Sometimes,Sometimes,Never,Never,10,Yes,3,7,No,Usually,Never,Yes,Sometimes,10,Poor,Very good,Yes,No,No,No,35 to 44,Female,More than 4-year college degree,No,Native Hawaiian or Other Pacific Islander,No
Plan B,Yes,Never,Yes,Never,1 time,3,Never,No,5 to 9,Usually,Sometimes,Always,Sometimes,10,No,4,3,Yes,Sometimes,Never,No,Always,6,Very good,Good,Yes,Yes,Yes,Yes,55 to 64,Male,8th grade or less,Yes,Black or African American,No
Plan C,No,Usually,No,Usually,None,4,Never,Yes,4,Sometimes,Always,Sometimes,Never,8,Yes,4,9,No,Always,Usually,No,Always,6,Good,Very good,No,No,No,Yes,75 or older,Female,Some college or 2-year degree,No,Asian,Yes
Plan C,No,Sometimes,No,Sometimes,2,0,Always,No,None,Sometimes,Always,Usually,Usually,2,No,5 or more specialists,0,Yes,Sometimes,Never,Yes,Sometimes,4,Poor,Good,No,Yes,Yes,No,18 to 24,Female,High school graduate or GED,Yes,Native Hawaiian or Other Pacific Islander,No
Plan A,No,Usually,Yes,Sometimes,4,1,Sometimes,No,2,Usually,Usually,Never,Usually,5,Yes,3,0,Yes,Usually,Sometimes,Yes,Never,7,Poor,Good,No,Yes,No,Yes,45 to 54,Female,8th grade or less,Yes,American Indian or Alaska Native,Yes
Plan A,Yes,Always,Yes,Sometimes,None,6,Never,Yes,None,Always,Usually,Sometimes,Sometimes,7,No,5 or more specialists,9,Yes,Never,Always,No,Always,5,Poor,Excellent,No,Yes,No,No,45 to 54,Female,4-year college graduate,Yes,Other,No
Plan A,No,Sometimes,No,Always,5 to 9,4,Sometimes,No,4,Never,Sometimes,Never,Usually,4,Yes,2,5,Yes,Usually,Usually,No,Never,7,Fair,Very good,No,Yes,No,Yes,45 to 54,Male,8th grade or less,Yes,Native Hawaiian or Other Pacific Islander,Yes
Plan E,No,Never,Yes,Never,10 or more times,2,Never,Yes,4,Sometimes,Sometimes,Always,Never,0,Yes,2,9,No,Usually,Usually,No,Usually,4,Excellent,Excellent,No,Yes,No,Yes,75 or older,Female,Some high school,No,Native Hawaiian or Other Pacific Islander,Yes
Plan C,Yes,Sometimes,No,Usually,None,8,Usually,Yes,2,Never,Usually,Usually,Sometimes,4,Yes,None,3,No,Never,Usually,Yes,Always,0,Very good,Very good,Yes,Yes,No,Yes,25 to 34,Male,Some high school,No,American Indian or Alaska Native,Yes
Plan B,Yes,Always,No,Always,2,9,Always,No,2,Sometimes,Usually,Always,Never,10,No,4,8,No,Sometimes,Always,No,Sometimes,5,Excellent,Fair,Yes,No,No,Yes,45 to 54,Female,Some college or 2-year degree,Yes,White,No
Plan A,Yes,Always,No,Always,2,0,Sometimes,Yes,4,Usually,Never,Sometimes,Never,1,No,1 specialist,6,Yes,Sometimes,Usually,Yes,Always,7,Very good,Good,No,No,Yes,Yes,25 to 34,Male,4-year college graduate,No,White,No
Plan C,No,Always,Yes,Sometimes,2,8,Never,Yes,3,Never,Usually,Usually,Sometimes,4,Yes,4,7,Yes,Usually,Always,Yes,Never,0,Excellent,Fair,No,Yes,No,No,65 to 74,Female,4-year college graduate,No,American Indian or Alaska Native,No
Plan B,No,Usually,Yes,Never,1 time,3,Never,Yes,2,Never,Never,Usually,Usually,10,No,None,10,No,Always,Usually,No,Sometimes,5,Excellent,Good,Yes,No,No,No,45 to 54,Female,8th grade or less,Yes,Other,Yes
Plan B,Yes,Usually,No,Usually,3,1,Always,No,None,Always,Usually,Sometimes,Usually,3,Yes,1 specialist,7,No,Usually,Usually,Yes,Never,10,Very good,Good,Yes,No,No,No,25 to 34,Female,Some college or 2-year degree,Yes,White,Yes
Plan A,No,Never,No,Never,10 or more times,10,Never,Yes,3,Always,Never,Sometimes,Never,3,No,5 or more specialists,4,No,Always,Never,No,Sometimes,0,Very good,Poor,No,Yes,No,Yes,65 to 74,Male,Some high school,No,Native Hawaiian or Other Pacific Islander,Yes
Plan A,No,Usually,Yes,Always,5 to 9,2,Sometimes,No,3,Usually,Sometimes,Sometimes,Usually,9,No,None,2,Yes,Usually,Sometimes,No,Never,6,Very good,Very good,Yes,No,No,Yes,35 to 44,Male,Some high school,No,Native Hawaiian or Other Pacific Islander,Yes
Plan D,Yes,Usually,No,Usually,3,5,Usually,No,3,Never,Always,Never,Always,10,Yes,None,7,No,Always,Usually,No,Always,0,Very good,Very good,No,No,Yes,No,75 or older,Female,High school graduate or GED,Yes,Black or African American,Yes
Plan D,Yes,Sometimes,Yes,Sometimes,2,5,Sometimes,Yes,None,Usually,Sometimes,Never,Usually,5,No,1 specialist,0,No,Never,Always,No,Never,1,Excellent,Very good,Yes,No,No,No,65 to 74,Female,8th grade or less,No,Black or African American,No
Plan B,No,Usually,Yes,Usually,None,9,Always,No,None,Sometimes,Never,Never,Never,0,No,2,7,Yes,Never,Usually,Yes,Always,10,Excellent,Fair,Yes,No,No,No,65 to 74,Female,Some college or 2-year degree,Yes,Native Hawaiian or Other Pacific Islander,Yes
Plan C,No,Usually,No,Sometimes,10 or more times,7,Always,Yes,2,Always,Sometimes,Always,Never,2,No,2,1,Yes,Always,Never,Yes,Always,3,Very good,Excellent,Yes,No,Yes,No,55 to 64,Female,8th grade or less,Yes,Other,Yes
Plan C,Yes,Sometimes,Yes,Always,3,3,Sometimes,Yes,4,Sometimes,Usually,Never,Always,7,Yes,4,5,Yes,Sometimes,Never,Yes,Sometimes,5,Excellent,Poor,No,No,No,No,18 to 24,Female,8th grade or less,No,White,Yes
Plan C,Yes,Usually,Yes,Usually,10 or more times,8,Never,Yes,1 time,Sometimes,Never,Always,Never,9,Yes,5 or more specialists,8,Yes,Usually,Usually,Yes,Never,8,Good,Fair,Yes,No,No,Yes,65 to 74,Male,8th grade or less,No,Other,Yes
Plan D,No,Usually,No,Usually,4,9,Sometimes,Yes,2,Sometimes,Usually,Sometimes,Sometimes,2,No,5 or more specialists,10,No,Always,Sometimes,Yes,Sometimes,7,Good,Poor,Yes,Yes,Yes,No,45 to 54,Male,Some high school,Yes,American Indian or Alaska Native,Yes
Plan E,No,Never,No,Usually,1 time,1,Always,No,2,Sometimes,Sometimes,Usually,Sometimes,7,Yes,2,1,Yes,Sometimes,Usually,Yes,Usually,9,Excellent,Very good,No,Yes,No,No,55 to 64,Male,4-year college graduate,Yes,Native Hawaiian or Other Pacific Islander,Yes
Plan C,Yes,Sometimes,Yes,Never,2,1,Always,Yes,3,Never,Usually,Never,Never,10,Yes,2,10,No,Sometimes,Always,No,Always,6,Excellent,Excellent,Yes,Yes,No,Yes,75 or older,Female,High school graduate or GED,Yes,American Indian or Alaska Native,Yes
Plan E,Yes,Usually,Yes,Never,2,8,Always,No,3,Never,Always,Usually,Never,8,Yes,4,9,No,Always,Usually,Yes,Sometimes,2,Excellent,Excellent,No,Yes,Yes,Yes,45 to 54,Male,4-year college graduate,No,White,No
Plan A,No,Usually,No,Never,10 or more times,4,Sometimes,Yes,4,Never,Never,Sometimes,Sometimes,2,Yes,2,3,Yes,Usually,Sometimes,No,Usually,9,Good,Poor,Yes,Yes,Yes,No,75 or older,Female,High school graduate or GED,Yes,Asian,Yes
Plan C,No,Sometimes,Yes,Always,2,8,Usually,No,10 or more times,Sometimes,Never,Never,Always,8,Yes,None,10,Yes,Always,Sometimes,Yes,Always,0,Poor,Poor,Yes,No,No,Yes,45 to 54,Male,Some high school,Yes,Native Hawaiian or Other Pacific Islander,Yes
Plan D,No,Usually,Yes,Usually,2,10,Always,Yes,2,Always,Sometimes,Never,Sometimes,6,Yes,5 or more specialists,7,No,Usually,Sometimes,Yes,Usually,7,Fair,Poor,No,No,Yes,No,55 to 64,Female,More than 4-year college degree,No,American Indian or Alaska Native,No
Plan C,Yes,Sometimes,No,Never,4,4,Sometimes,No,10 or more times,Always,Never,Sometimes,Usually,3,Yes,None,7,Yes,Never,Always,Yes,Sometimes,7,Very good,Fair,No,Yes,Yes,No,35 to 44,Male,8th grade or less,Yes,Black or African American,No
Plan D,Yes,Never,Yes,Always,3,0,Always,No,4,Usually,Always,Always,Usually,0,No,5 or more specialists,9,No,Usually,Usually,Yes,Usually,5,Poor,Poor,No,Yes,Yes,No,65 to 74,Male,Some high school,No,American Indian or Alaska Native,No
Plan E,Yes,Never,Yes,Sometimes,4,4,Always,No,4,Always,Never,Usually,Sometimes,1,No,1 specialist,7,Yes,Usually,Usually,No,Never,5,Fair,Fair,Yes,No,Yes,Yes,65 to 74,Male,Some college or 2-year degree,No,White,Yes
Plan D,Yes,Usually,No,Sometimes,10 or more times,9,Always,No,2,Always,Sometimes,Sometimes,Never,6,No,5 or more specialists,6,Yes,Usually,Never,Yes,Always,2,Poor,Good,No,No,Yes,No,25 to 34,Female,8th grade or less,No,White,Yes
Plan A,No,Never,No,Always,5 to 9,3,Usually,No,None,Usually,Never,Always,Usually,0,Yes,3,1,Yes,Always,Always,Yes,Always,1,Fair,Good,Yes,No,No,Yes,55 to 64,Female,8th grade or less,No,Black or African American,No
Plan E,Yes,Sometimes,No,Always,3,6,Always,Yes,3,Usually,Never,Never,Always,0,Yes,3,5,Yes,Never,Sometimes,Yes,Sometimes,8,Excellent,Very good,Yes,Yes,Yes,Yes,25 to 34,Male,Some high school,Yes,Other,Yes
Plan E,Yes,Usually,No,Sometimes,4,5,Always,Yes,5 to 9,Never,Usually,Always,Sometimes,3,Yes,5 or more specialists,1,No,Sometimes,Always,Yes,Always,2,Very good,Poor,Yes,No,Yes,Yes,45 to 54,Male,Some college or 2-year degree,Yes,White,No
Plan B,No,Sometimes,Yes,Always,1 time,3,Sometimes,No,4,Usually,Usually,Never,Usually,5,Yes,2,7,Yes,Never,Usually,Yes,Usually,2,Good,Fair,No,Yes,Yes,No,35 to 44,Female,4-year college graduate,No,American Indian or Alaska Native,Yes
Plan E,No,Never,Yes,Sometimes,1 time,5,Never,Yes,None,Never,Never,Never,Never,1,Yes,5 or more specialists,2,No,Sometimes,Never,Yes,Usually,3,Very good,Good,Yes,No,Yes,No,45 to 54,Male,Some high school,No,Native Hawaiian or Other Pacific Islander,Yes
Plan D,Yes,Always,Yes,Always,10 or more times,6,Never,No,4,Usually,Always,Usually,Always,8,Yes,1 specialist,7,Yes,Usually,Sometimes,No,Never,6,Very good,Good,Yes,Yes,Yes,No,65 to 74,Male,More than 4-year college degree,Yes,White,No
Plan C,No,Usually,Yes,Usually,10 or more times,9,Sometimes,No,5 to 9,Usually,Sometimes,Never,Sometimes,2,Yes,5 or more specialists,5,No,Usually,Sometimes,No,Sometimes,10,Poor,Good,No,Yes,Yes,No,18 to 24,Male,4-year college graduate,Yes,Other,Yes
Plan B,Yes,Never,No,Sometimes,10 or more times,0,Usually,No,None,Usually,Usually,Never,Never,10,Yes,1 specialist,5,Yes,Usually,Always,Yes,Always,1,Excellent,Poor,Yes,No,Yes,No,35 to 44,Female,4-year college graduate,Yes,Other,Yes
Plan C,Yes,Usually,Yes,Never,5 to 9,4,Always,Yes,2,Always,Usually,Usually,Usually,5,Yes,5 or more specialists,8,No,Sometimes,Sometimes,Yes,Sometimes,10,Good,Good,Yes,No,Yes,No,45 to 54,Female,4-year college graduate,Yes,Other,Yes
Plan E,Yes,Never,Yes,Never,1 time,3,Usually,Yes,4,Sometimes,Sometimes,Never,Usually,10,No,4,5,No,Never,Never,No,Usually,10,Very good,Excellent,Yes,No,No,No,65 to 74,Female,Some college or 2-year degree,No,Asian,No
Plan B,No,Always,Yes,Always,4,10,Usually,Yes,2,Always,Never,Sometimes,Never,2,Yes,3,2,No,Never,Sometimes,No,Never,4,Excellent,Excellent,No,No,Yes,Yes,18 to 24,Male,High school graduate or GED,Yes,Asian,No
Plan D,No,Sometimes,No,Always,10 or more times,7,Sometimes,Yes,5 to 9,Never,Sometimes,Never,Sometimes,2,No,2,5,No,Never,Never,No,Sometimes,1,Poor,Very good,Yes,No,No,No,45 to 54,Male,Some college or 2-year degree,Yes,Asian,No
Plan D,No,Sometimes,No,Usually,10 or more times,1,Always,No,5 to 9,Always,Always,Sometimes,Always,9,No,2,2,Yes,Always,Usually,Yes,Never,3,Poor,Very good,No,Yes,Yes,No,18 to 24,Male,8th grade or less,Yes,Native Hawaiian or Other Pacific Islander,Yes
Plan D,No,Sometimes,No,Sometimes,1 time,8,Sometimes,Yes,3,Sometimes,Never,Always,Usually,0,Yes,5 or more specialists,2,No,Always,Sometimes,Yes,Always,7,Good,Good,No,Yes,No,No,45 to 54,Male,More than 4-year college degree,No,Black or African American,Yes
Plan D,No,Never,No,Never,2,8,Always,No,3,Always,Usually,Never,Sometimes,0,No,2,7,Yes,Usually,Sometimes,No,Sometimes,10,Good,Good,No,No,Yes,Yes,45 to 54,Male,8th grade or less,Yes,Black or African American,No
Plan A,No,Never,Yes,Sometimes,5 to 9,6,Always,Yes,None,Never,Sometimes,Sometimes,Never,3,No,2,5,No,Never,Never,Yes,Sometimes,1,Excellent,Poor,Yes,Yes,Yes,No,65 to 74,Female,Some high school,Yes,Asian,No
Plan B,Yes,Sometimes,Yes,Always,10 or more times,1,Sometimes,Yes,5 to 9,Always,Never,Usually,Never,3,No,3,5,No,Always,Usually,Yes,Sometimes,9,Fair,Excellent,Yes,Yes,No,Yes,25 to 34,Female,Some high school,Yes,White,Yes
Plan C,No,Usually,No,Sometimes,2,0,Usually,No,10 or more times,Always,Sometimes,Always,Usually,3,Yes,None,5,No,Usually,Always,Yes,Never,2,Excellent,Good,No,Yes,Yes,No,18 to 24,Male,Some high school,Yes,Native Hawaiian or Other Pacific Islander,No
Plan C,No,Usually,No,Never,4,10,Never,No,3,Always,Never,Never,Usually,6,No,5 or more specialists,10,No,Sometimes,Always,Yes,Always,8,Excellent,Fair,Yes,No,No,Yes,55 to 64,Female,Some high school,No,Native Hawaiian or Other Pacific Islander,No
Plan D,Yes,Never,Yes,Never,5 to 9,6,Sometimes,Yes,4,Usually,Sometimes,Sometimes,Usually,8,No,4,3,Yes,Usually,Never,Yes,Never,7,Very good,Poor,Yes,No,No,No,25 to 34,Male,8th grade or less,Yes,American Indian or Alaska Native,Yes
Plan C,No,Always,Yes,Usually,None,2,Never,No,None,Usually,Always,Never,Usually,0,Yes,2,8,Yes,Always,Always,Yes,Never,9,Very good,Poor,Yes,No,Yes,No,45 to 54,Female,4-year college graduate,Yes,Asian,No
Plan C,No,Usually,Yes,Usually,None,0,Always,No,4,Never,Usually,Always,Never,8,No,5 or more specialists,10,No,Sometimes,Usually,No,Always,8,Excellent,Excellent,No,No,No,Yes,65 to 74,Male,4-year college graduate,No,Black or African American,Yes
Plan A,No,Usually,No,Always,None,3,Usually,No,2,Usually,Usually,Always,Usually,8,Yes,2,6,Yes,Usually,Always,No,Sometimes,5,Poor,Poor,Yes,No,Yes,No,75 or older,Female,Some college or 2-year degree,No,Native Hawaiian or Other Pacific Islander,Yes
Plan C,Yes,Sometimes,Yes,Always,5 to 9,0,Usually,Yes,3,Always,Always,Usually,Usually,7,Yes,1 specialist,0,No,Never,Usually,No,Never,7,Poor,Very good,Yes,Yes,Yes,Yes,65 to 74,Female,Some college or 2-year degree,No,Native Hawaiian or Other Pacific Islander,Yes
Plan A,No,Usually,Yes,Always,5 to 9,5,Never,Yes,None,Always,Never,Sometimes,Always,8,Yes,5 or more specialists,0,No,Sometimes,Sometimes,No,Never,3,Fair,Very good,Yes,Yes,No,Yes,55 to 64,Female,Some high school,Yes,Native Hawaiian or Other Pacific Islander,No
Plan C,No,Usually,Yes,Usually,10 or more times,0,Sometimes,Yes,3,Always,Never,Never,Always,5,Yes,3,4,No,Always,Usually,Yes,Sometimes,10,Good,Poor,Yes,Yes,No,Yes,18 to 24,Female,Some college or 2-year degree,Yes,Black or African American,Yes
Plan A,No,Always,No,Usually,None,2,Usually,Yes,3,Always,Always,Sometimes,Usually,4,Yes,None,4,No,Always,Always,No,Always,7,Very good,Fair,No,No,No,No,65 to 74,Female,4-year college graduate,No,Asian,Yes
Plan E,Yes,Sometimes,Yes,Usually,None,1,Always,No,10 or more times,Always,Always,Never,Never,10,Yes,2,3,Yes,Always,Usually,No,Usually,7,Fair,Very good,Yes,No,No,Yes,65 to 74,Female,4-year college graduate,No,Black or African American,No
Plan B,Yes,Usually,Yes,Usually,2,10,Never,No,1 time,Always,Never,Always,Sometimes,5,No,3,8,Yes,Never,Usually,Yes,Never,6,Excellent,Good,No,No,Yes,Yes,65 to 74,Male,High school graduate or GED,No,Other,No
Plan A,Yes,Sometimes,No,Sometimes,1 time,3,Sometimes,No,None,Always,Always,Usually,Always,1,Yes,5 or more specialists,1,Yes,Usually,Sometimes,No,Always,0,Excellent,Fair,Yes,Yes,Yes,No,25 to 34,Male,More than 4-year college degree,Yes,Black or African American,No
Plan A,No,Usually,No,Always,1 time,7,Never,Yes,2,Usually,Sometimes,Usually,Never,1,Yes,None,8,Yes,Never,Sometimes,No,Never,0,Fair,Poor,No,Yes,Yes,Yes,55 to 64,Female,More than 4-year college degree,Yes,Other,Yes
Plan A,Yes,Usually,No,Usually,5 to 9,2,Always,Yes,4,Never,Usually,Sometimes,Usually,5,Yes,5 or more specialists,5,Yes,Sometimes,Never,Yes,Never,9,Fair,Good,No,No,No,No,45 to 54,Female,8th grade or less,Yes,American Indian or Alaska Native,No
Plan C,Yes,Never,Yes,Always,4,0,Never,No,3,Sometimes,Always,Always,Never,8,Yes,4,6,No,Sometimes,Sometimes,Yes,Usually,1,Good,Excellent,No,Yes,Yes,No,25 to 34,Male,Some high school,Yes,Native Hawaiian or Other Pacific Islander,No
Plan D,Yes,Never,No,Sometimes,10 or more times,2,Sometimes,No,10 or more times,Always,Usually,Always,Never,5,No,None,0,Yes,Always,Usually,Yes,Usually,8,Good,Good,Yes,No,No,No,18 to 24,Female,4-year college graduate,Yes,White,No
Plan D,No,Never,No,Always,1 time,10,Never,No,4,Always,Usually,Always,Never,9,No,4,5,Yes,Sometimes,Never,Yes,Never,9,Poor,Excellent,No,Yes,Yes,Yes,45 to 54,Male,4-year college graduate,No,Asian,Yes
Plan A,Yes,Always,Yes,Sometimes,3,1,Usually,No,2,Sometimes,Sometimes,Never,Always,4,No,5 or more specialists,1,Yes,Usually,Sometimes,Yes,Usually,0,Fair,Good,Yes,No,No,Yes,65 to 74,Female,4-year college graduate,No,Other,No
Plan E,No,Never,Yes,Always,2,5,Sometimes,Yes,10 or more times,Always,Never,Never,Usually,0,Yes,4,2,Yes,Usually,Never,No,Never,2,Good,Good,Yes,No,Yes,Yes,65 to 74,Female,Some high school,No,White,Yes
Plan C,Yes,Always,Yes,Always,3,8,Usually,No,1 time,Sometimes,Always,Usually,Never,2,Yes,4,6,Yes,Always,Always,No,Always,1,Very good,Very good,No,Yes,Yes,No,25 to 34,Female,8th grade or less,Yes,White,Yes
Plan A,No,Never,No,Never,3,3,Always,Yes,5 to 9,Sometimes,Never,Never,Never,10,No,2,5,Yes,Never,Usually,Yes,Sometimes,1,Fair,Good,Yes,Yes,No,No,55 to 64,Male,8th grade or less,Yes,White,No
Plan C,Yes,Always,No,Never,4,5,Never,No,2,Never,Always,Never,Sometimes,7,No,4,10,No,Always,Never,No,Usually,8,Very good,Very good,No,Yes,Yes,Yes,25 to 34,Male,More than 4-year college degree,No,Black or African American,No
Plan E,Yes,Always,No,Never,10 or more times,8,Sometimes,Yes,1 time,Never,Always,Always,Sometimes,2,No,5 or more specialists,10,No,Usually,Usually,Yes,Usually,6,Very good,Good,Yes,Yes,Yes,Yes,18 to 24,Female,Some high school,Yes,Other,Yes
Plan E,No,Sometimes,Yes,Always,10 or more times,2,Never,No,5 to 9,Always,Usually,Never,Always,5,Yes,None,5,Yes,Usually,Usually,No,Always,5,Poor,Fair,Yes,No,No,No,25 to 34,Male,Some high school,No,White,No
Plan B,No,Usually,Yes,Sometimes,5 to 9,0,Sometimes,No,4,Always,Sometimes,Always,Sometimes,9,Yes,2,3,No,Sometimes,Sometimes,No,Never,8,Excellent,Very good,Yes,No,No,No,25 to 34,Male,More than 4-year college degree,No,Black or African American,No
Plan B,No,Sometimes,Yes,Always,5 to 9,5,Always,No,2,Always,Usually,Usually,Sometimes,1,Yes,3,9,No,Sometimes,Sometimes,No,Always,1,Fair,Good,Yes,Yes,Yes,Yes,35 to 44,Male,High school graduate or GED,No,White,Yes
Plan C,No,Usually,No,Sometimes,4,10,Never,No,2,Always,Usually,Never,Always,6,No,5 or more specialists,2,Yes,Sometimes,Sometimes,No,Always,4,Fair,Excellent,Yes,Yes,Yes,Yes,25 to 34,Female,Some high school,Yes,White,No
Plan C,No,Always,Yes,Never,5 to 9,6,Usually,Yes,3,Never,Always,Always,Never,7,Yes,2,3,Yes,Usually,Always,No,Always,2,Very good,Excellent,No,Yes,No,Yes,35 to 44,Male,High school graduate or GED,Yes,Native Hawaiian or Other Pacific Islander,No
Plan D,No,Sometimes,No,Usually,2,3,Always,No,None,Never,Usually,Always,Usually,5,No,3,4,No,Always,Usually,Yes,Always,6,Poor,Good,Yes,No,No,Yes,25 to 34,Female,More than 4-year college degree,No,Asian,No
Plan C,Yes,Never,Yes,Sometimes,3,7,Usually,No,1 time,Never,Usually,Sometimes,Sometimes,4,Yes,5 or more specialists,2,No,Never,Always,Yes,Always,0,Good,Poor,Yes,Yes,No,No,65 to 74,Female,High school graduate or GED,Yes,American Indian or Alaska Native,No
Plan B,No,Always,Yes,Sometimes,2,5,Usually,No,3,Usually,Usually,Never,Usually,4,No,1 specialist,6,Yes,Usually,Always,Yes,Usually,10,Fair,Excellent,Yes,No,Yes,Yes,75 or older,Female,High school graduate or GED,No,White,Yes
Plan D,No,Sometimes,No,Always,1 time,7,Always,Yes,5 to 9,Always,Always,Never,Sometimes,8,No,1 specialist,2,Yes,Sometimes,Never,No,Never,8,Excellent,Excellent,No,Yes,Yes,No,18 to 24,Female,Some college or 2-year degree,Yes,White,Yes
Plan A,No,Usually,No,Usually,1 time,3,Usually,Yes,None,Sometimes,Never,Never,Sometimes,9,Yes,4,10,No,Always,Never,Yes,Sometimes,9,Poor,Excellent,No,No,No,Yes,65 to 74,Male,More than 4-year college degree,Yes,Native Hawaiian or Other Pacific Islander,Yes
Plan E,Yes,Never,Yes,Never,5 to 9,4,Always,No,2,Sometimes,Usually,Never,Never,2,No,3,4,No,Always,Usually,Yes,Sometimes,3,Excellent,Fair,Yes,No,Yes,No,35 to 44,Male,Some high school,No,Other,No
Plan B,No,Usually,Yes,Never,4,6,Always,Yes,4,Sometimes,Usually,Sometimes,Sometimes,9,No,None,2,No,Never,Always,Yes,Always,1,Good,Poor,No,No,Yes,No,35 to 44,Female,High school graduate or GED,Yes,White,Yes
Plan E,Yes,Sometimes,Yes,Always,10 or more times,0,Usually,Yes,1 time,Never,Sometimes,Sometimes,Never,1,Yes,5 or more specialists,2,No,Sometimes,Usually,No,Sometimes,4,Poor,Good,Yes,Yes,No,Yes,75 or older,Male,Some college or 2-year degree,No,Native Hawaiian or Other Pacific Islander,No
Plan C,Yes,Never,Yes,Never,1 time,9,Usually,No,10 or more times,Never,Always,Never,Never,1,Yes,4,1,No,Sometimes,Always,Yes,Usually,1,Good,Fair,No,Yes,Yes,No,35 to 44,Male,More than 4-year college degree,Yes,American Indian or Alaska Native,Yes
Plan A,No,Usually,No,Usually,4,5,Always,No,3,Always,Sometimes,Always,Sometimes,0,No,5 or more specialists,10,No,Always,Always,No,Usually,8,Fair,Good,No,No,Yes,Yes,25 to 34,Male,Some college or 2-year degree,No,American Indian or Alaska Native,No
Plan A,Yes,Usually,Yes,Never,3,10,Usually,No,10 or more times,Always,Always,Usually,Always,1,No,3,4,No,Sometimes,Usually,No,Never,3,Very good,Fair,Yes,Yes,No,Yes,55 to 64,Male,Some college or 2-year degree,Yes,Native Hawaiian or Other Pacific Islander,Yes
Plan C,No,Sometimes,No,Never,None,0,Never,Yes,None,Always,Always,Never,Sometimes,10,Yes,3,5,No,Sometimes,Never,Yes,Sometimes,9,Good,Poor,No,Yes,Yes,No,55 to 64,Female,More than 4-year college degree,No,Other,No
Plan D,No,Never,No,Always,4,0,Never,Yes,10 or more times,Always,Always,Always,Never,4,Yes,4,4,Yes,Usually,Usually,Yes,Always,9,Very good,Good,Yes,No,Yes,Yes,65 to 74,Female,Some high school,Yes,Asian,Yes
Plan D,Yes,Sometimes,No,Always,1 time,3,Never,Yes,5 to 9,Always,Sometimes,Always,Usually,6,No,5 or more specialists,8,Yes,Always,Usually,No,Never,3,Poor,Fair,No,Yes,Yes,No,18 to 24,Female,Some high school,Yes,Other,Yes
Plan B,No,Never,Yes,Sometimes,1 time,9,Never,No,None,Usually,Always,Always,Usually,7,Yes,3,3,No,Sometimes,Sometimes,No,Sometimes,8,Fair,Excellent,Yes,No,Yes,Yes,75 or older,Male,Some high school,Yes,Black or African American,Yes
Plan C,Yes,Usually,No,Always,None,4,Always,Yes,4,Always,Usually,Sometimes,Always,1,No,2,8,No,Usually,Usually,Yes,Always,0,Very good,Poor,No,No,No,Yes,55 to 64,Female,High school graduate or GED,Yes,White,Yes
Plan C,No,Usually,No,Usually,None,1,Always,Yes,2,Sometimes,Usually,Sometimes,Always,3,No,4,1,Yes,Never,Never,No,Always,6,Good,Fair,Yes,No,Yes,Yes,18 to 24,Male,4-year college graduate,Yes,White,No
Plan C,No,Usually,No,Sometimes,2,6,Never,Yes,5 to 9,Always,Usually,Usually,Sometimes,8,No,2,2,No,Never,Always,No,Sometimes,6,Very good,Fair,No,No,No,Yes,25 to 34,Male,4-year college graduate,Yes,White,Yes
Plan D,Yes,Always,Yes,Never,2,8,Never,Yes,2,Usually,Never,Sometimes,Usually,3,Yes,1 specialist,3,Yes,Never,Never,Yes,Always,7,Good,Very good,No,No,No,No,75 or older,Male,4-year college graduate,No,Native Hawaiian or Other Pacific Islander,Yes
Plan A,No,Usually,Yes,Always,4,4,Always,No,3,Usually,Usually,Always,Sometimes,5,No,5 or more specialists,7,Yes,Sometimes,Always,No,Sometimes,4,Very good,Poor,No,No,Yes,No,45 to 54,Female,High school graduate or GED,No,White,No
Plan B,Yes,Always,No,Always,3,5,Always,Yes,4,Sometimes,Always,Never,Usually,10,No,None,4,No,Never,Sometimes,Yes,Always,2,Excellent,Poor,No,No,Yes,No,35 to 44,Male,Some college or 2-year degree,Yes,White,No
Plan C,Yes,Sometimes,No,Always,3,7,Never,No,None,Never,Usually,Usually,Sometimes,3,No,3,6,No,Never,Never,Yes,Usually,1,Fair,Fair,No,Yes,No,Yes,75 or older,Male,4-year college graduate,Yes,Black or African American,Yes
Plan D,No,Sometimes,Yes,Sometimes,3,5,Sometimes,No,3,Usually,Always,Never,Sometimes,5,Yes,1 specialist,6,Yes,Always,Always,No,Sometimes,7,Very good,Good,No,Yes,Yes,Yes,75 or older,Female,8th grade or less,No,White,No
Plan A,Yes,Always,No,Always,None,2,Always,No,2,Sometimes,Usually,Always,Sometimes,2,No,2,4,Yes,Sometimes,Sometimes,No,Always,2,Good,Good,Yes,No,Yes,No,55 to 64,Female,More than 4-year college degree,No,Black or African American,No
Plan E,No,Sometimes,Yes,Sometimes,None,9,Sometimes,No,10 or more times,Never,Sometimes,Sometimes,Sometimes,10,No,3,8,No,Never,Usually,No,Usually,3,Good,Very good,Yes,Yes,Yes,No,45 to 54,Male,4-year college graduate,No,Asian,No
Plan A,No,Never,Yes,Sometimes,None,10,Always,Yes,None,Usually,Sometimes,Usually,Always,6,Yes,5 or more specialists,7,No,Always,Never,Yes,Usually,3,Excellent,Fair,Yes,Yes,No,No,55 to 64,Female,Some college or 2-year degree,Yes,Native Hawaiian or Other Pacific Islander,No
Plan D,Yes,Sometimes,Yes,Sometimes,4,4,Usually,No,5 to 9,Usually,Sometimes,Never,Usually,5,Yes,3,4,Yes,Usually,Sometimes,Yes,Usually,8,Excellent,Fair,Yes,No,No,Yes,25 to 34,Male,Some college or 2-year degree,Yes,Other,Yes
Plan E,Yes,Never,No,Never,4,4,Always,No,2,Never,Never,Usually,Always,9,No,1 specialist,1,Yes,Always,Sometimes,Yes,Never,5,Good,Excellent,No,Yes,No,No,75 or older,Male,High school graduate or GED,No,White,No
Plan C,No,Sometimes,Yes,Never,4,0,Sometimes,Yes,1 time,Never,Never,Sometimes,Always,1,Yes,4,3,Yes,Never,Never,No,Sometimes,5,Fair,Excellent,No,Yes,Yes,Yes,25 to 34,Male,High school graduate or GED,Yes,Black or African American,No
Plan C,Yes,Always,Yes,Sometimes,4,6,Never,No,5 to 9,Usually,Sometimes,Usually,Never,0,No,2,8,No,Usually,Usually,No,Usually,1,Good,Good,Yes,No,No,Yes,18 to 24,Male,High school graduate or GED,No,Asian,Yes
Plan E,Yes,Always,Yes,Never,None,7,Sometimes,Yes,5 to 9,Usually,Always,Always,Usually,4,Yes,None,5,No,Always,Never,Yes,Never,4,Good,Very good,Yes,Yes,No,No,45 to 54,Male,Some college or 2-year degree,Yes,Asian,Yes
Plan C,Yes,Sometimes,No,Usually,10 or more times,6,Sometimes,No,4,Always,Always,Never,Sometimes,1,Yes,None,1,Yes,Sometimes,Always,Yes,Never,7,Good,Fair,Yes,Yes,No,No,75 or older,Male,More than 4-year college degree,No,White,No
Plan E,Yes,Always,No,Usually,3,8,Sometimes,No,4,Usually,Never,Never,Sometimes,2,Yes,4,6,Yes,Sometimes,Always,Yes,Always,2,Excellent,Excellent,No,No,No,Yes,35 to 44,Female,8th grade or less,Yes,White,Yes
Plan C,No,Always,No,Always,10 or more times,2,Always,Yes,3,Never,Usually,Never,Sometimes,7,Yes,2,1,Yes,Always,Sometimes,Yes,Sometimes,0,Excellent,Good,No,No,No,No,55 to 64,Male,4-year college graduate,No,White,No
Plan C,Yes,Sometimes,Yes,Usually,2,2,Usually,No,None,Sometimes,Sometimes,Always,Never,1,Yes,3,8,Yes,Sometimes,Sometimes,No,Usually,10,Poor,Excellent,No,No,Yes,No,25 to 34,Male,4-year college graduate,No,Black or African American,No
Plan C,No,Always,No,Sometimes,2,7,Always,No,4,Never,Always,Never,Never,10,No,5 or more specialists,1,No,Sometimes,Always,No,Sometimes,7,Poor,Poor,Yes,Yes,Yes,No,18 to 24,Female,Some high school,Yes,Black or African American,No
Plan A,No,Never,Yes,Usually,1 time,7,Never,Yes,1 time,Sometimes,Usually,Usually,Always,7,No,1 specialist,1,No,Never,Usually,No,Never,7,Good,Excellent,Yes,No,Yes,Yes,75 or older,Male,4-year college graduate,Yes,Other,No
Plan B,No,Sometimes,No,Usually,5 to 9,2,Never,No,4,Sometimes,Usually,Sometimes,Always,9,No,None,8,Yes,Sometimes,Never,Yes,Sometimes,5,Fair,Poor,Yes,Yes,Yes,No,65 to 74,Male,High school graduate or GED,No,Black or African American,Yes
Plan D,No,Always,Yes,Never,4,6,Never,Yes,4,Always,Sometimes,Usually,Usually,6,No,None,3,No,Usually,Never,No,Never,4,Fair,Good,No,Yes,No,No,18 to 24,Female,More than 4-year college degree,No,Other,Yes
Plan B,Yes,Always,Yes,Sometimes,2,6,Always,Yes,1 time,Never,Always,Always,Always,9,Yes,None,8,No,Always,Sometimes,Yes,Always,0,Fair,Fair,No,Yes,Yes,No,65 to 74,Female,8th grade or less,Yes,Other,Yes
Plan A,No,Usually,Yes,Always,3,5,Usually,Yes,2,Usually,Sometimes,Usually,Sometimes,3,Yes,3,2,No,Never,Sometimes,Yes,Usually,9,Fair,Excellent,No,Yes,Yes,Yes,45 to 54,Female,8th grade or less,Yes,American Indian or Alaska Native,Yes
Plan E,Yes,Always,No,Usually,4,2,Sometimes,Yes,10 or more times,Always,Sometimes,Always,Sometimes,7,Yes,3,1,Yes,Always,Always,Yes,Never,7,Very good,Good,No,No,No,Yes,55 to 64,Female,8th grade or less,Yes,Asian,No
Plan B,Yes,Usually,Yes,Never,2,0,Usually,Yes,1 time,Never,Always,Never,Usually,9,No,1 specialist,3,No,Never,Always,Yes,Always,10,Poor,Good,Yes,Yes,No,Yes,45 to 54,Female,4-year college graduate,No,American Indian or Alaska Native,Yes
Plan B,Yes,Usually,No,Usually,2,0,Always,Yes,10 or more times,Sometimes,Sometimes,Always,Sometimes,8,No,None,1,Yes,Always,Sometimes,No,Usually,1,Excellent,Fair,Yes,Yes,No,No,35 to 44,Female,More than 4-year college degree,No,Native Hawaiian or Other Pacific Islander,No
Plan A,Yes,Usually,No,Sometimes,3,0,Always,No,5 to 9,Sometimes,Never,Always,Never,3,Yes,None,4,Yes,Usually,Sometimes,Yes,Usually,9,Excellent,Poor,No,No,No,Yes,35 to 44,Female,More than 4-year college degree,No,Other,No
Plan C,No,Always,No,Never,10 or more times,1,Sometimes,Yes,10 or more times,Never,Sometimes,Usually,Sometimes,9,No,1 specialist,3,No,Never,Never,No,Never,7,Poor,Good,No,Yes,No,No,45 to 54,Female,Some high school,Yes,American Indian or Alaska Native,No
Plan C,Yes,Usually,No,Always,2,2,Usually,Yes,2,Never,Sometimes,Always,Never,6,No,1 specialist,5,No,Sometimes,Sometimes,Yes,Always,10,Very good,Fair,No,No,No,Yes,55 to 64,Male,Some college or 2-year degree,No,White,No
Plan D,No,Usually,Yes,Usually,4,10,Never,Yes,None,Usually,Always,Always,Never,8,No,3,10,Yes,Usually,Never,Yes,Sometimes,6,Good,Fair,Yes,Yes,No,No,45 to 54,Male,More than 4-year college degree,Yes,Native Hawaiian or Other Pacific Islander,No
Plan E,No,Never,Yes,Always,None,9,Sometimes,Yes,4,Sometimes,Always,Sometimes,Sometimes,1,No,3,3,Yes,Always,Always,No,Sometimes,7,Very good,Good,Yes,Yes,No,Yes,35 to 44,Male,More than 4-year college degree,No,Native Hawaiian or Other Pacific Islander,No
Plan A,Yes,Never,Yes,Usually,None,1,Sometimes,No,2,Usually,Never,Usually,Usually,0,No,1 specialist,10,Yes,Usually,Always,Yes,Usually,6,Excellent,Excellent,Yes,Yes,No,No,75 or older,Male,4-year college graduate,No,White,No
Plan A,No,Usually,No,Usually,1 time,4,Usually,Yes,None,Never,Sometimes,Usually,Usually,3,No,3,3,No,Usually,Always,Yes,Sometimes,5,Good,Very good,No,Yes,No,Yes,75 or older,Male,High school graduate or GED,No,Black or African American,No
Plan C,No,Sometimes,No,Sometimes,2,7,Sometimes,Yes,3,Always,Always,Sometimes,Always,3,No,3,2,Yes,Usually,Never,Yes,Never,7,Excellent,Good,Yes,No,No,No,25 to 34,Male,Some high school,No,American Indian or Alaska Native,No
Plan B,Yes,Sometimes,No,Always,None,2,Never,Yes,1 time,Sometimes,Always,Sometimes,Sometimes,9,No,4,5,Yes,Always,Usually,Yes,Sometimes,10,Excellent,Poor,Yes,Yes,No,No,25 to 34,Female,8th grade or less,Yes,Asian,Yes
Plan B,No,Always,No,Always,1 time,1,Sometimes,No,5 to 9,Sometimes,Always,Always,Always,8,No,3,6,Yes,Never,Always,No,Usually,0,Very good,Very good,Yes,Yes,Yes,No,55 to 64,Female,4-year college graduate,Yes,Black or African American,No
Plan A,No,Never,No,Usually,4,1,Never,No,3,Sometimes,Never,Always,Always,9,Yes,2,5,No,Always,Sometimes,Yes,Sometimes,8,Good,Excellent,Yes,No,No,Yes,45 to 54,Male,More than 4-year college degree,No,Other,Yes
Plan E,No,Usually,Yes,Sometimes,10 or more times,1,Never,Yes,1 time,Usually,Never,Usually,Sometimes,5,No,None,3,No,Usually,Sometimes,No,Sometimes,8,Fair,Fair,Yes,Yes,Yes,No,35 to 44,Male,4-year college graduate,No,Black or African American,Yes
Plan A,No,Usually,Yes,Sometimes,5 to 9,5,Never,No,3,Usually,Never,Never,Usually,8,Yes,None,8,No,Usually,Never,No,Never,3,Excellent,Fair,No,No,No,Yes,65 to 74,Female,4-year college graduate,Yes,Native Hawaiian or Other Pacific Islander,No
Plan C,No,Never,No,Usually,4,1,Never,No,None,Always,Always,Never,Usually,7,No,1 specialist,1,No,Never,Sometimes,No,Usually,1,Excellent,Poor,No,Yes,Yes,Yes,25 to 34,Female,4-year college graduate,No,Asian,No
Plan A,No,Never,No,Always,None,8,Sometimes,No,3,Sometimes,Sometimes,Usually,Always,1,No,4,1,No,Sometimes,Usually,No,Never,2,Fair,Very good,No,Yes,No,No,45 to 54,Male,Some college or 2-year degree,No,Native Hawaiian or Other Pacific Islander,Yes
Plan B,Yes,Never,No,Usually,4,9,Always,Yes,1 time,Never,Never,Always,Usually,2,No,1 specialist,7,No,Always,Sometimes,No,Usually,10,Good,Good,No,Yes,No,Yes,55 to 64,Female,Some college or 2-year degree,No,Black or African American,Yes
Plan E,No,Sometimes,No,Sometimes,2,8,Usually,Yes,3,Sometimes,Always,Never,Usually,4,Yes,2,3,Yes,Never,Usually,Yes,Always,9,Excellent,Good,No,Yes,No,No,45 to 54,Male,8th grade or less,Yes,Asian,Yes
Plan B,No,Usually,Yes,Usually,10 or more times,2,Never,No,10 or more times,Usually,Usually,Usually,Usually,3,No,4,4,Yes,Sometimes,Always,Yes,Usually,6,Very good,Fair,No,Yes,No,Yes,25 to 34,Male,Some college or 2-year degree,No,Other,Yes
Plan E,No,Sometimes,No,Never,None,7,Usually,No,None,Always,Never,Never,Sometimes,3,No,4,8,No,Usually,Sometimes,No,Never,1,Fair,Poor,Yes,Yes,No,Yes,75 or older,Female,4-year college graduate,No,Other,Yes
Plan B,No,Never,Yes,Never,1 time,6,Sometimes,No,2,Never,Always,Sometimes,Never,0,Yes,4,10,No,Always,Always,No,Never,2,Poor,Fair,No,No,No,Yes,25 to 34,Male,4-year college graduate,No,Asian,No
Plan E,Yes,Never,Yes,Sometimes,None,8,Always,Yes,10 or more times,Sometimes,Usually,Usually,Always,4,Yes,None,4,No,Never,Never,No,Usually,10,Fair,Good,No,Yes,No,Yes,18 to 24,Female,Some college or 2-year degree,No,Asian,Yes
Plan D,Yes,Never,Yes,Sometimes,2,6,Never,No,1 time,Usually,Never,Never,Always,10,No,1 specialist,4,Yes,Always,Always,No,Sometimes,3,Excellent,Fair,No,No,No,No,65 to 74,Male,More than 4-year college degree,Yes,Other,Yes
Plan D,No,Never,Yes,Usually,10 or more times,6,Never,Yes,None,Always,Never,Never,Usually,0,No,2,0,No,Never,Usually,Yes,Usually,4,Fair,Excellent,Yes,Yes,Yes,No,65 to 74,Male,More than 4-year college degree,Yes,Native Hawaiian or Other Pacific Islander,No
Plan C,Yes,Never,Yes,Usually,4,7,Always,Yes,None,Usually,Usually,Never,Never,4,Yes,3,0,Yes,Sometimes,Sometimes,Yes,Usually,10,Excellent,Very good,No,Yes,Yes,Yes,35 to 44,Male,High school graduate or GED,Yes,White,Yes
Plan A,No,Always,Yes,Usually,1 time,4,Never,Yes,10 or more times,Always,Usually,Always,Sometimes,1,No,None,10,No,Sometimes,Always,No,Sometimes,8,Very good,Very good,Yes,No,Yes,Yes,18 to 24,Male,8th grade or less,No,White,Yes
Plan A,No,Usually,Yes,Usually,1 time,9,Sometimes,Yes,3,Sometimes,Usually,Never,Never,7,Yes,5 or more specialists,4,No,Always,Always,Yes,Never,7,Very good,Fair,No,Yes,Yes,Yes,45 to 54,Male,Some high school,Yes,Black or African American,No
Plan A,Yes,Always,Yes,Sometimes,2,5,Never,Yes,1 time,Never,Always,Always,Sometimes,10,Yes,3,3,No,Always,Always,Yes,Sometimes,2,Poor,Poor,Yes,Yes,No,Yes,75 or older,Male,4-year college graduate,Yes,Black or African American,No
Plan E,Yes,Sometimes,No,Usually,4,5,Usually,No,2,Never,Always,Always,Sometimes,6,No,1 specialist,8,Yes,Sometimes,Sometimes,No,Usually,1,Excellent,Poor,Yes,No,Yes,No,25 to 34,Female,Some high school,Yes,American Indian or Alaska Native,Yes
Plan D,Yes,Never,No,Never,None,0,Sometimes,No,5 to 9,Never,Always,Usually,Never,8,No,1 specialist,2,No,Never,Always,Yes,Never,7,Very good,Good,Yes,No,Yes,Yes,18 to 24,Male,8th grade or less,No,Asian,Yes
Plan D,No,Usually,Yes,Sometimes,10 or more times,5,Usually,No,1 time,Always,Always,Always,Never,7,No,1 specialist,9,Yes,Never,Usually,No,Never,2,Excellent,Fair,No,No,No,Yes,35 to 44,Male,4-year college graduate,Yes,Asian,Yes
Plan E,Yes,Sometimes,No,Usually,2,2,Never,Yes,None,Sometimes,Usually,Never,Always,5,Yes,2,3,Yes,Sometimes,Usually,Yes,Never,6,Good,Very good,No,Yes,No,No,35 to 44,Female,More than 4-year college degree,Yes,Other,No
Plan A,Yes,Always,No,Never,None,3,Sometimes,No,1 time,Always,Always,Usually,Sometimes,10,No,5 or more specialists,0,Yes,Never,Usually,Yes,Sometimes,0,Good,Fair,No,Yes,Yes,Yes,55 to 64,Male,8th grade or less,Yes,White,Yes
Plan D,No,Sometimes,No,Never,10 or more times,4,Never,Yes,10 or more times,Always,Always,Usually,Sometimes,8,No,3,5,No,Always,Sometimes,Yes,Usually,4,Good,Very good,No,No,No,No,35 to 44,Female,8th grade or less,Yes,White,Yes
Plan C,No,Always,No,Always,None,5,Always,Yes,4,Usually,Never,Always,Never,10,No,2,3,Yes,Usually,Usually,No,Usually,1,Excellent,Excellent,No,No,Yes,Yes,25 to 34,Male,High school graduate or GED,No,Other,Yes
Plan A,Yes,Usually,No,Always,10 or more times,2,Never,Yes,2,Always,Sometimes,Usually,Usually,7,Yes,5 or more specialists,8,No,Always,Sometimes,Yes,Sometimes,1,Fair,Excellent,Yes,No,Yes,No,75 or older,Female,4-year college graduate,Yes,Native Hawaiian or Other Pacific Islander,No
Plan D,Yes,Usually,No,Usually,5 to 9,6,Sometimes,No,None,Always,Always,Sometimes,Never,4,Yes,2,7,No,Sometimes,Sometimes,Yes,Never,3,Poor,Good,Yes,No,Yes,Yes,25 to 34,Male,High school graduate or GED,Yes,Asian,No
Plan C,No,Sometimes,No,Sometimes,5 to 9,10,Sometimes,Yes,4,Always,Always,Never,Never,9,No,5 or more specialists,7,No,Always,Always,Yes,Usually,3,Excellent,Very good,Yes,Yes,Yes,No,55 to 64,Male,4-year college graduate,No,American Indian or Alaska Native,No
Plan C,Yes,Usually,Yes,Usually,1 time,8,Sometimes,Yes,10 or more times,Sometimes,Never,Never,Never,3,No,4,0,No,Always,Usually,No,Never,7,Excellent,Excellent,Yes,Yes,Yes,Yes,65 to 74,Female,High school graduate or GED,Yes,American Indian or Alaska Native,No
Plan A,No,Usually,No,Sometimes,4,10,Always,Yes,4,Sometimes,Sometimes,Never,Sometimes,9,No,5 or more specialists,7,Yes,Sometimes,Never,Yes,Never,7,Excellent,Fair,No,Yes,No,Yes,75 or older,Female,Some college or 2-year degree,Yes,Other,No
Plan C,Yes,Never,Yes,Usually,4,9,Usually,No,4,Never,Always,Never,Usually,8,Yes,2,2,No,Always,Never,Yes,Never,7,Good,Very good,Yes,Yes,No,No,65 to 74,Female,4-year college graduate,No,Asian,Yes
Plan E,No,Usually,Yes,Usually,1 time,3,Usually,Yes,2,Sometimes,Sometimes,Never,Always,1,No,1 specialist,1,No,Never,Always,No,Usually,1,Good,Excellent,Yes,Yes,No,No,45 to 54,Male,8th grade or less,Yes,American Indian or Alaska Native,Yes
Plan B,Yes,Never,Yes,Never,3,0,Never,Yes,3,Never,Always,Sometimes,Never,1,No,1 specialist,2,No,Sometimes,Always,Yes,Sometimes,3,Poor,Excellent,Yes,No,No,No,65 to 74,Male,8th grade or less,No,Asian,Yes
Plan D,Yes,Usually,Yes,Usually,10 or more times,1,Never,Yes,None,Never,Usually,Usually,Usually,9,Yes,3,2,Yes,Sometimes,Sometimes,No,Never,0,Fair,Poor,No,No,Yes,No,25 to 34,Male,4-year college graduate,Yes,Asian,Yes
Plan E,Yes,Sometimes,Yes,Never,None,1,Never,No,4,Never,Usually,Sometimes,Always,1,No,3,0,No,Never,Never,No,Never,5,Good,Good,No,No,No,Yes,18 to 24,Male,4-year college graduate,Yes,Black or African American,Yes
Plan D,Yes,Sometimes,Yes,Never,None,7,Sometimes,No,1 time,Sometimes,Never,Never,Always,10,Yes,3,10,No,Usually,Always,Yes,Always,9,Good,Fair,No,Yes,Yes,Yes,45 to 54,Male,More than 4-year college degree,No,Asian,Yes
Plan C,Yes,Usually,Yes,Always,5 to 9,4,Usually,No,None,Sometimes,Never,Sometimes,Always,0,No,2,10,Yes,Never,Never,No,Always,5,Good,Fair,No,No,Yes,No,65 to 74,Male,High school graduate or GED,Yes,Black or African American,Yes
Plan E,Yes,Usually,Yes,Always,4,10,Usually,No,10 or more times,Sometimes,Never,Sometimes,Never,8,Yes,5 or more specialists,3,Yes,Always,Never,No,Never,8,Good,Very good,No,Yes,No,No,18 to 24,Male,4-year college graduate,Yes,American Indian or Alaska Native,No
Plan E,Yes,Never,No,Usually,2,10,Always,No,10 or more times,Sometimes,Usually,Never,Never,3,No,None,5,No,Never,Always,No,Always,7,Poor,Fair,No,Yes,No,Yes,55 to 64,Male,More than 4-year college degree,Yes,White,No
Plan E,No,Never,Yes,Sometimes,1 time,4,Usually,Yes,5 to 9,Never,Never,Always,Never,4,No,2,7,No,Sometimes,Usually,No,Never,10,Poor,Poor,Yes,No,No,Yes,25 to 34,Male,8th grade or less,Yes,Native Hawaiian or Other Pacific Islander,No
Plan C,Yes,Usually,Yes,Usually,3,0,Sometimes,Yes,1 time,Always,Usually,Sometimes,Usually,9,Yes,1 specialist,0,No,Never,Never,No,Sometimes,4,Excellent,Very good,Yes,Yes,Yes,Yes,55 to 64,Female,Some college or 2-year degree,Yes,Black or African American,No
Plan D,Yes,Sometimes,No,Usually,1 time,5,Usually,Yes,None,Always,Usually,Sometimes,Usually,0,Yes,4,7,No,Always,Never,No,Never,0,Poor,Fair,Yes,No,No,Yes,35 to 44,Male,Some high school,No,Asian,No
Plan C,Yes,Usually,No,Usually,5 to 9,4,Sometimes,No,3,Never,Never,Always,Never,5,Yes,3,5,No,Sometimes,Sometimes,Yes,Usually,3,Poor,Excellent,Yes,Yes,Yes,No,65 to 74,Female,Some high school,Yes,Native Hawaiian or Other Pacific Islander,Yes
Plan E,No,Never,No,Sometimes,2,1,Never,No,2,Always,Usually,Sometimes,Always,3,Yes,4,7,No,Never,Never,No,Never,6,Good,Very good,No,Yes,No,No,55 to 64,Female,More than 4-year college degree,No,Other,No
Plan D,No,Usually,Yes,Sometimes,4,3,Never,No,None,Never,Always,Usually,Always,10,Yes,2,2,Yes,Usually,Sometimes,No,Always,0,Excellent,Very good,Yes,No,No,No,55 to 64,Female,Some college or 2-year degree,Yes,Native Hawaiian or Other Pacific Islander,Yes
Plan D,Yes,Always,Yes,Usually,2,0,Always,No,10 or more times,Sometimes,Never,Never,Sometimes,7,Yes,None,2,No,Sometimes,Usually,Yes,Sometimes,10,Poor,Very good,No,Yes,Yes,No,35 to 44,Female,High school graduate or GED,Yes,American Indian or Alaska Native,No
Plan E,No,Sometimes,No,Never,1 time,1,Never,No,None,Sometimes,Sometimes,Never,Usually,5,No,None,9,Yes,Sometimes,Usually,Yes,Never,2,Good,Fair,Yes,No,No,Yes,75 or older,Female,Some high school,Yes,American Indian or Alaska Native,Yes
Plan D,Yes,Usually,No,Never,None,3,Never,Yes,4,Usually,Always,Usually,Sometimes,2,Yes,1 specialist,8,No,Sometimes,Always,No,Usually,10,Poor,Excellent,Yes,No,No,Yes,35 to 44,Male,More than 4-year college degree,No,American Indian or Alaska Native,No
Plan A,No,Never,Yes,Usually,None,4,Always,No,2,Always,Sometimes,Sometimes,Sometimes,9,No,3,5,No,Sometimes,Never,Yes,Never,5,Very good,Very good,No,No,Yes,No,45 to 54,Male,High school graduate or GED,No,White,No
Plan D,Yes,Usually,Yes,Always,None,6,Usually,No,5 to 9,Always,Usually,Always,Always,8,No,1 specialist,7,No,Usually,Never,No,Never,6,Fair,Excellent,No,No,No,No,25 to 34,Female,8th grade or less,No,American Indian or Alaska Native,Yes
Plan C,Yes,Sometimes,No,Sometimes,3,0,Sometimes,Yes,3,Never,Never,Never,Usually,9,Yes,2,6,No,Always,Usually,No,Always,10,Good,Excellent,No,No,No,No,25 to 34,Female,Some college or 2-year degree,Yes,Native Hawaiian or Other Pacific Islander,Yes
Plan B,Yes,Never,No,Sometimes,3,9,Always,No,2,Always,Always,Sometimes,Sometimes,9,No,None,4,Yes,Sometimes,Usually,Yes,Sometimes,7,Very good,Very good,No,No,Yes,Yes,65 to 74,Male,More than 4-year college degree,Yes,American Indian or Alaska Native,Yes
Plan E,Yes,Never,No,Never,3,9,Always,Yes,1 time,Never,Usually,Always,Usually,2,No,1 specialist,0,Yes,Never,Sometimes,No,Sometimes,2,Poor,Excellent,No,Yes,Yes,Yes,18 to 24,Male,Some high school,No,Other,Yes
Plan C,Yes,Always,Yes,Usually,None,1,Never,Yes,10 or more times,Usually,Sometimes,Usually,Usually,7,No,2,0,Yes,Usually,Always,No,Always,3,Very good,Good,Yes,No,No,Yes,75 or older,Female,More than 4-year college degree,No,White,Yes
Plan E,Yes,Always,No,Always,1 time,6,Always,No,10 or more times,Sometimes,Usually,Never,Never,10,Yes,3,10,No,Never,Always,Yes,Always,8,Good,Very good,No,No,Yes,Yes,45 to 54,Male,Some college or 2-year degree,No,Asian,Yes
Plan E,Yes,Sometimes,Yes,Usually,3,6,Always,Yes,3,Always,Always,Sometimes,Always,9,No,5 or more specialists,3,No,Usually,Sometimes,No,Usually,1,Good,Very good,Yes,Yes,No,No,45 to 54,Female,8th grade or less,Yes,Black or African American,No
Plan B,Yes,Never,No,Usually,10 or more times,2,Never,Yes,1 time,Sometimes,Usually,Always,Sometimes,9,No,None,6,No,Always,Sometimes,No,Always,7,Poor,Fair,Yes,No,Yes,No,45 to 54,Male,High school graduate or GED,Yes,American Indian or Alaska Native,Yes
Plan C,No,Never,Yes,Never,3,1,Always,No,10 or more times,Sometimes,Never,Never,Sometimes,5,Yes,1 specialist,1,Yes,Usually,Always,No,Always,4,Poor,Fair,Yes,No,Yes,No,18 to 24,Female,8th grade or less,No,Asian,Yes
Plan C,Yes,Usually,Yes,Sometimes,4,10,Never,No,10 or more times,Always,Usually,Never,Always,0,Yes,3,9,No,Never,Always,Yes,Sometimes,7,Excellent,Very good,No,No,No,No,18 to 24,Male,8th grade or less,No,American Indian or Alaska Native,No
Plan C,No,Always,No,Never,2,6,Sometimes,Yes,10 or more times,Always,Sometimes,Sometimes,Always,2,No,2,8,Yes,Sometimes,Usually,No,Never,5,Fair,Good,Yes,Yes,Yes,No,25 to 34,Female,Some college or 2-year degree,Yes,Black or African American,No
Plan D,No,Never,No,Always,1 time,9,Never,No,1 time,Sometimes,Never,Always,Always,6,No,4,0,No,Usually,Usually,Yes,Usually,9,Good,Excellent,Yes,Yes,Yes,Yes,18 to 24,Female,Some high school,Yes,American Indian or Alaska Native,Yes
Plan E,No,Usually,No,Always,10 or more times,10,Sometimes,No,10 or more times,Usually,Usually,Usually,Usually,10,No,None,1,Yes,Sometimes,Always,Yes,Never,9,Excellent,Excellent,Yes,No,No,Yes,45 to 54,Male,Some college or 2-year degree,No,Other,No
Plan C,Yes,Sometimes,Yes,Always,None,5,Usually,No,None,Sometimes,Usually,Never,Always,10,Yes,None,7,No,Usually,Never,No,Usually,6,Good,Poor,No,Yes,No,No,65 to 74,Male,High school graduate or GED,Yes,Native Hawaiian or Other Pacific Islander,Yes
Plan C,No,Sometimes,Yes,Sometimes,None,0,Never,Yes,1 time,Always,Sometimes,Sometimes,Never,8,No,None,5,No,Usually,Sometimes,No,Usually,0,Poor,Fair,No,Yes,No,Yes,75 or older,Female,Some high school,Yes,Native Hawaiian or Other Pacific Islander,No
Plan C,No,Never,Yes,Always,4,3,Never,No,2,Always,Usually,Usually,Always,3,No,4,9,No,Never,Sometimes,Yes,Always,0,Poor,Fair,Yes,No,Yes,No,65 to 74,Male,8th grade or less,Yes,Other,Yes
Plan A,No,Usually,Yes,Usually,2,10,Always,No,2,Usually,Sometimes,Never,Never,3,Yes,3,5,No,Never,Usually,Yes,Always,0,Good,Fair,No,No,Yes,No,65 to 74,Male,More than 4-year college degree,No,American Indian or Alaska Native,No
Plan E,No,Always,Yes,Usually,1 time,0,Usually,No,4,Always,Sometimes,Sometimes,Usually,8,No,3,10,No,Never,Sometimes,Yes,Always,2,Poor,Fair,Yes,Yes,Yes,Yes,18 to 24,Female,High school graduate or GED,Yes,Other,Yes
Plan D,Yes,Always,Yes,Usually,None,7,Usually,No,1 time,Usually,Sometimes,Never,Usually,6,No,None,2,No,Sometimes,Sometimes,Yes,Never,1,Very good,Fair,Yes,No,Yes,No,75 or older,Male,Some college or 2-year degree,Yes,Asian,No
Plan E,Yes,Usually,No,Always,1 time,7,Sometimes,No,10 or more times,Always,Always,Usually,Sometimes,9,Yes,2,10,No,Sometimes,Never,No,Sometimes,2,Very good,Very good,Yes,Yes,No,No,75 or older,Male,4-year college graduate,Yes,Native Hawaiian or Other Pacific Islander,No
Plan B,No,Always,Yes,Always,3,7,Always,No,10 or more times,Always,Never,Usually,Never,4,No,4,3,No,Sometimes,Usually,No,Usually,1,Excellent,Excellent,Yes,Yes,No,No,35 to 44,Female,Some high school,No,White,Yes
Plan B,No,Always,No,Sometimes,None,0,Usually,No,1 time,Always,Always,Usually,Usually,10,No,5 or more specialists,3,No,Usually,Sometimes,No,Never,5,Poor,Poor,Yes,No,Yes,No,65 to 74,Male,Some college or 2-year degree,No,American Indian or Alaska Native,Yes
Plan C,No,Never,No,Always,None,1,Usually,Yes,10 or more times,Never,Sometimes,Sometimes,Usually,3,Yes,2,8,Yes,Never,Never,No,Always,1,Excellent,Excellent,Yes,No,Yes,Yes,65 to 74,Male,More than 4-year college degree,Yes,Asian,Yes
Plan A,No,Sometimes,Yes,Always,None,2,Usually,No,10 or more times,Usually,Usually,Sometimes,Always,1,No,5 or more specialists,9,No,Always,Usually,Yes,Always,6,Very good,Very good,Yes,Yes,No,No,55 to 64,Male,Some high school,No,White,Yes
Plan C,Yes,Never,Yes,Sometimes,1 time,2,Never,Yes,2,Never,Never,Never,Usually,8,Yes,2,6,No,Never,Sometimes,No,Always,6,Fair,Very good,No,Yes,No,No,65 to 74,Male,Some high school,No,Black or African American,Yes
Plan C,Yes,Always,Yes,Usually,10 or more times,4,Always,Yes,5 to 9,Always,Never,Usually,Always,5,Yes,5 or more specialists,9,Yes,Sometimes,Sometimes,No,Always,5,Fair,Good,No,No,Yes,No,35 to 44,Female,Some high school,Yes,American Indian or Alaska Native,Yes
Plan B,No,Usually,No,Sometimes,4,6,Sometimes,Yes,10 or more times,Never,Never,Always,Sometimes,10,No,1 specialist,1,Yes,Always,Always,Yes,Usually,5,Very good,Good,Yes,No,Yes,Yes,55 to 64,Male,Some college or 2-year degree,No,Native Hawaiian or Other Pacific Islander,Yes
Plan C,Yes,Never,No,Always,2,5,Always,No,None,Sometimes,Always,Usually,Usually,10,No,3,8,No,Always,Sometimes,No,Always,3,Poor,Fair,Yes,Yes,Yes,No,18 to 24,Male,More than 4-year college degree,Yes,Other,No
Plan C,No,Usually,No,Sometimes,1 time,3,Sometimes,No,10 or more times,Sometimes,Never,Always,Never,7,No,2,7,Yes,Usually,Usually,Yes,Always,7,Very good,Very good,Yes,Yes,No,Yes,25 to 34,Male,Some college or 2-year degree,Yes,American Indian or Alaska Native,No
Plan B,Yes,Always,No,Always,1 time,7,Always,Yes,2,Never,Usually,Usually,Never,6,Yes,None,10,Yes,Always,Never,Yes,Always,7,Excellent,Excellent,No,No,Yes,Yes,75 or older,Male,Some high school,Yes,Native Hawaiian or Other Pacific Islander,Yes
Plan E,Yes,Sometimes,No,Usually,3,7,Always,Yes,4,Never,Never,Usually,Sometimes,10,Yes,4,3,Yes,Sometimes,Always,No,Never,5,Good,Very good,Yes,Yes,No,No,65 to 74,Male,High school graduate or GED,Yes,American Indian or Alaska Native,Yes
Plan E,No,Always,Yes,Usually,5 to 9,5,Sometimes,No,10 or more times,Sometimes,Always,Sometimes,Always,4,Yes,1 specialist,8,Yes,Usually,Always,No,Sometimes,4,Excellent,Excellent,No,No,No,Yes,75 or older,Male,High school graduate or GED,No,Other,No
Plan A,Yes,Never,Yes,Sometimes,10 or more times,3,Never,Yes,3,Always,Always,Sometimes,Sometimes,1,No,1 specialist,1,No,Sometimes,Always,Yes,Usually,9,Very good,Fair,Yes,No,No,No,65 to 74,Male,More than 4-year college degree,No,Other,Yes
Plan D,No,Sometimes,No,Sometimes,1 time,8,Never,No,10 or more times,Never,Sometimes,Always,Sometimes,10,No,2,5,No,Always,Sometimes,No,Never,10,Very good,Excellent,No,No,No,No,55 to 64,Male,4-year college graduate,Yes,Asian,No
Plan C,No,Usually,Yes,Never,None,7,Usually,No,5 to 9,Sometimes,Usually,Usually,Never,3,No,None,1,Yes,Usually,Always,No,Never,7,Fair,Good,Yes,No,No,Yes,18 to 24,Male,Some college or 2-year degree,No,Native Hawaiian or Other Pacific Islander,No
Plan A,Yes,Usually,Yes,Sometimes,3,0,Usually,Yes,4,Sometimes,Never,Always,Sometimes,3,No,4,3,Yes,Always,Always,Yes,Always,2,Very good,Very good,No,Yes,Yes,No,25 to 34,Male,8th grade or less,No,White,No
Plan D,No,Always,Yes,Never,4,3,Sometimes,Yes,1 time,Always,Usually,Usually,Never,3,Yes,1 specialist,6,Yes,Never,Usually,Yes,Usually,1,Good,Excellent,No,No,Yes,No,65 to 74,Male,4-year college graduate,No,Other,No
Plan D,Yes,Never,No,Always,3,7,Sometimes,Yes,1 time,Usually,Never,Always,Sometimes,7,No,2,9,Yes,Sometimes,Always,Yes,Always,2,Good,Very good,Yes,No,Yes,Yes,35 to 44,Male,4-year college graduate,Yes,American Indian or Alaska Native,No
Plan C,No,Usually,No,Never,4,0,Never,Yes,1 time,Always,Sometimes,Never,Always,2,No,5 or more specialists,0,No,Usually,Never,No,Sometimes,3,Fair,Fair,No,Yes,No,No,65 to 74,Male,High school graduate or GED,No,Other,No
Plan A,Yes,Always,Yes,Usually,3,9,Usually,Yes,3,Sometimes,Sometimes,Usually,Sometimes,4,No,2,10,No,Always,Always,No,Usually,4,Fair,Poor,No,Yes,No,No,35 to 44,Male,4-year college graduate,Yes,Black or African American,Yes
Plan C,Yes,Always,Yes,Usually,None,5,Always,Yes,2,Sometimes,Always,Sometimes,Usually,2,Yes,5 or more specialists,7,Yes,Usually,Usually,No,Sometimes,10,Excellent,Good,No,Yes,No,Yes,35 to 44,Female,Some college or 2-year degree,No,American Indian or Alaska Native,Yes
Plan B,Yes,Always,Yes,Always,5 to 9,9,Usually,No,5 to 9,Never,Sometimes,Never,Always,7,No,None,1,Yes,Never,Usually,No,Usually,8,Excellent,Excellent,Yes,Yes,No,No,35 to 44,Male,More than 4-year college degree,No,Other,No
Plan B,Yes,Usually,No,Never,2,6,Usually,Yes,None,Always,Usually,Sometimes,Sometimes,6,Yes,None,9,No,Usually,Sometimes,No,Never,10,Excellent,Good,No,No,Yes,Yes,25 to 34,Male,8th grade or less,Yes,Other,No
Plan D,No,Usually,Yes,Sometimes,2,9,Usually,Yes,None,Sometimes,Sometimes,Sometimes,Sometimes,0,No,4,9,No,Usually,Never,No,Usually,7,Very good,Excellent,Yes,No,No,No,18 to 24,Female,Some high school,Yes,Native Hawaiian or Other Pacific Islander,Yes
Plan D,Yes,Usually,Yes,Usually,None,2,Always,No,10 or more times,Usually,Always,Always,Always,3,Yes,4,10,No,Always,Never,No,Never,8,Very good,Good,Yes,No,No,Yes,55 to 64,Female,Some high school,No,American Indian or Alaska Native,Yes
Plan C,Yes,Always,No,Never,4,3,Usually,Yes,2,Never,Always,Usually,Usually,1,Yes,2,1,Yes,Always,Always,No,Never,0,Excellent,Poor,No,Yes,No,No,45 to 54,Female,8th grade or less,No,Black or African American,No
Plan A,No,Sometimes,No,Sometimes,1 time,4,Always,No,4,Always,Never,Always,Always,10,Yes,1 specialist,10,No,Always,Sometimes,Yes,Never,2,Poor,Poor,No,Yes,No,No,18 to 24,Male,Some college or 2-year degree,No,Other,No
Plan A,No,Always,Yes,Never,10 or more times,0,Sometimes,Yes,4,Usually,Always,Always,Always,5,No,2,6,No,Never,Always,Yes,Always,1,Excellent,Excellent,Yes,Yes,No,No,65 to 74,Female,More than 4-year college degree,Yes,Other,No
Plan B,Yes,Sometimes,Yes,Never,10 or more times,5,Usually,No,3,Never,Never,Sometimes,Sometimes,6,No,2,2,Yes,Sometimes,Sometimes,No,Usually,8,Excellent,Good,Yes,No,No,No,35 to 44,Female,Some high school,Yes,Native Hawaiian or Other Pacific Islander,No
Plan D,Yes,Usually,No,Always,2,4,Usually,No,4,Usually,Never,Sometimes,Usually,2,Yes,5 or more specialists,0,No,Usually,Never,No,Always,10,Fair,Poor,Yes,Yes,No,No,45 to 54,Female,More than 4-year college degree,Yes,Black or African American,Yes
Plan E,No,Never,No,Sometimes,3,8,Always,Yes,4,Never,Usually,Sometimes,Never,4,No,3,9,No,Usually,Always,Yes,Never,2,Fair,Poor,No,No,No,Yes,65 to 74,Female,Some college or 2-year degree,No,Black or African American,Yes
Plan A,No,Sometimes,No,Always,4,6,Sometimes,No,5 to 9,Always,Usually,Sometimes,Never,8,No,5 or more specialists,4,No,Sometimes,Sometimes,No,Never,10,Poor,Poor,Yes,Yes,Yes,No,75 or older,Male,8th grade or less,No,American Indian or Alaska Native,Yes
Plan E,No,Usually,No,Sometimes,1 time,2,Never,No,3,Never,Never,Never,Always,3,No,None,10,No,Never,Never,Yes,Always,10,Poor,Very good,Yes,Yes,No,No,55 to 64,Male,Some college or 2-year degree,No,American Indian or Alaska Native,Yes
Plan C,Yes,Usually,No,Always,1 time,7,Always,No,3,Never,Sometimes,Never,Usually,10,Yes,1 specialist,6,No,Never,Never,No,Usually,9,Fair,Excellent,No,Yes,Yes,Yes,45 to 54,Female,Some high school,Yes,White,No
Plan A,Yes,Never,No,Usually,5 to 9,2,Usually,Yes,1 time,Sometimes,Always,Never,Sometimes,1,Yes,4,0,No,Always,Sometimes,No,Never,5,Fair,Good,No,Yes,No,No,35 to 44,Male,8th grade or less,No,Black or African American,Yes
Plan B,No,Never,Yes,Usually,3,0,Always,No,2,Always,Always,Sometimes,Always,4,No,5 or more specialists,9,No,Usually,Never,Yes,Never,8,Very good,Good,No,No,Yes,Yes,35 to 44,Male,High school graduate or GED,No,Native Hawaiian or Other Pacific Islander,No
Plan E,No,Never,No,Never,3,5,Always,No,3,Always,Usually,Always,Never,5,No,2,8,No,Sometimes,Never,No,Sometimes,3,Poor,Very good,No,Yes,Yes,Yes,65 to 74,Male,8th grade or less,No,Black or African American,No
Plan C,No,Usually,No,Usually,None,9,Always,No,3,Usually,Sometimes,Usually,Never,6,Yes,4,8,Yes,Never,Always,No,Sometimes,8,Good,Very good,Yes,No,Yes,No,35 to 44,Female,More than 4-year college degree,Yes,Native Hawaiian or Other Pacific Islander,No
Plan D,No,Never,No,Sometimes,1 time,10,Usually,Yes,10 or more times,Usually,Never,Never,Sometimes,6,No,3,9,Yes,Always,Never,Yes,Usually,7,Very good,Fair,No,No,Yes,No,25 to 34,Female,High school graduate or GED,Yes,White,No
Plan C,No,Always,Yes,Never,1 time,5,Always,No,3,Sometimes,Usually,Usually,Usually,3,Yes,1 specialist,2,Yes,Never,Sometimes,No,Never,7,Fair,Fair,No,Yes,No,Yes,55 to 64,Male,Some high school,No,Other,No
Plan D,No,Sometimes,Yes,Sometimes,4,5,Usually,Yes,2,Usually,Always,Always,Sometimes,2,No,None,10,Yes,Always,Sometimes,Yes,Never,9,Excellent,Fair,No,Yes,No,No,45 to 54,Female,8th grade or less,No,Other,No
Plan A,Yes,Usually,No,Always,1 time,6,Always,Yes,4,Always,Never,Usually,Always,9,No,None,2,No,Sometimes,Always,Yes,Sometimes,4,Excellent,Fair,No,No,Yes,Yes,55 to 64,Female,Some high school,Yes,American Indian or Alaska Native,No
Plan E,No,Always,No,Usually,10 or more times,1,Always,No,4,Sometimes,Usually,Sometimes,Never,4,No,2,7,No,Always,Sometimes,Yes,Never,5,Excellent,Poor,Yes,No,Yes,No,45 to 54,Female,Some college or 2-year degree,Yes,Other,Yes
Plan C,Yes,Sometimes,No,Usually,1 time,5,Never,No,10 or more times,Never,Usually,Sometimes,Always,10,Yes,5 or more specialists,10,Yes,Always,Always,No,Usually,9,Good,Poor,No,Yes,Yes,No,75 or older,Female,Some high school,No,American Indian or Alaska Native,Yes
Plan C,Yes,Never,Yes,Always,5 to 9,3,Usually,No,3,Always,Always,Never,Never,1,Yes,5 or more specialists,5,Yes,Sometimes,Never,Yes,Usually,4,Very good,Poor,Yes,No,Yes,Yes,65 to 74,Male,4-year college graduate,No,Other,Yes
Plan C,No,Sometimes,Yes,Always,3,8,Never,Yes,2,Always,Sometimes,Never,Usually,2,No,1 specialist,2,No,Sometimes,Always,No,Never,4,Very good,Good,No,Yes,Yes,No,55 to 64,Female,Some college or 2-year degree,No,Asian,Yes
Plan A,Yes,Sometimes,Yes,Usually,4,5,Always,No,2,Sometimes,Sometimes,Never,Always,1,Yes,3,5,No,Never,Always,Yes,Sometimes,5,Good,Excellent,No,No,No,No,25 to 34,Male,High school graduate or GED,No,American Indian or Alaska Native,Yes
Plan A,Yes,Usually,No,Sometimes,1 time,4,Usually,Yes,10 or more times,Usually,Never,Usually,Always,6,Yes,2,6,Yes,Always,Always,No,Usually,4,Very good,Very good,No,No,Yes,Yes,75 or older,Male,Some college or 2-year degree,Yes,White,No
Plan C,No,Sometimes,No,Usually,2,3,Usually,No,1 time,Never,Sometimes,Never,Usually,8,Yes,4,9,Yes,Usually,Sometimes,Yes,Always,0,Very good,Excellent,Yes,Yes,Yes,Yes,18 to 24,Female,More than 4-year college degree,Yes,Native Hawaiian or Other Pacific Islander,Yes
Plan D,Yes,Usually,No,Always,5 to 9,8,Sometimes,Yes,10 or more times,Sometimes,Always,Never,Usually,2,Yes,5 or more specialists,6,Yes,Usually,Sometimes,Yes,Always,9,Very good,Fair,Yes,Yes,Yes,No,55 to 64,Female,4-year college graduate,No,American Indian or Alaska Native,Yes
Plan A,Yes,Always,Yes,Never,1 time,0,Usually,Yes,None,Never,Usually,Usually,Always,0,Yes,3,3,Yes,Always,Usually,No,Always,6,Fair,Poor,Yes,Yes,Yes,Yes,65 to 74,Female,4-year college graduate,No,Asian,No
Plan E,No,Never,Yes,Sometimes,10 or more times,10,Usually,Yes,5 to 9,Never,Usually,Usually,Never,3,Yes,2,6,Yes,Never,Always,No,Always,3,Poor,Excellent,Yes,No,Yes,Yes,18 to 24,Male,High school graduate or GED,Yes,White,No
Plan D,No,Sometimes,No,Never,1 time,7,Always,Yes,2,Never,Usually,Always,Always,5,Yes,1 specialist,2,No,Sometimes,Never,No,Usually,0,Fair,Poor,No,Yes,Yes,Yes,18 to 24,Female,Some high school,Yes,Asian,No
Plan C,Yes,Never,Yes,Usually,3,2,Always,No,5 to 9,Always,Sometimes,Always,Always,1,No,5 or more specialists,6,Yes,Usually,Usually,No,Never,3,Fair,Excellent,Yes,No,Yes,Yes,18 to 24,Female,8th grade or less,Yes,Asian,No
Plan E,Yes,Sometimes,Yes,Never,1 time,0,Never,Yes,2,Sometimes,Never,Never,Never,2,No,4,1,Yes,Sometimes,Never,Yes,Usually,6,Good,Poor,No,No,Yes,Yes,75 or older,Female,High school graduate or GED,Yes,White,Yes
Plan B,No,Always,No,Always,4,10,Usually,Yes,3,Always,Never,Usually,Never,6,No,1 specialist,3,Yes,Always,Always,Yes,Usually,2,Fair,Very good,Yes,Yes,Yes,No,75 or older,Female,More than 4-year college degree,No,Black or African American,No
Plan B,No,Always,Yes,Never,5 to 9,3,Always,No,2,Sometimes,Usually,Always,Always,4,Yes,1 specialist,10,Yes,Usually,Always,No,Always,5,Excellent,Poor,Yes,Yes,No,No,18 to 24,Male,8th grade or less,No,White,Yes
Plan A,Yes,Never,Yes,Never,None,4,Never,No,4,Never,Usually,Never,Always,3,No,5 or more specialists,8,Yes,Usually,Usually,No,Usually,5,Fair,Excellent,Yes,No,No,No,65 to 74,Female,More than 4-year college degree,No,Asian,No
Plan E,Yes,Sometimes,No,Usually,3,1,Always,No,None,Usually,Sometimes,Always,Sometimes,0,Yes,3,7,Yes,Always,Sometimes,Yes,Always,3,Excellent,Poor,No,No,Yes,Yes,55 to 64,Female,4-year college graduate,Yes,Asian,Yes
Plan C,No,Sometimes,Yes,Sometimes,None,3,Always,No,5 to 9,Never,Always,Sometimes,Never,2,No,3,2,Yes,Never,Always,Yes,Sometimes,9,Excellent,Excellent,No,No,Yes,No,65 to 74,Female,Some college or 2-year degree,No,Other,Yes
Plan C,No,Usually,No,Never,4,9,Usually,Yes,5 to 9,Always,Always,Always,Usually,6,No,4,5,Yes,Always,Never,No,Usually,0,Very good,Good,Yes,Yes,No,No,18 to 24,Female,8th grade or less,No,Asian,No
Plan E,Yes,Sometimes,No,Never,1 time,8,Usually,Yes,4,Never,Sometimes,Usually,Never,5,No,None,8,Yes,Sometimes,Sometimes,Yes,Never,2,Excellent,Poor,Yes,No,No,No,18 to 24,Female,High school graduate or GED,Yes,Native Hawaiian or Other Pacific Islander,Yes
Plan D,Yes,Never,No,Never,None,7,Never,No,5 to 9,Always,Never,Usually,Always,5,No,1 specialist,9,Yes,Always,Never,No,Never,1,Poor,Good,Yes,Yes,Yes,No,55 to 64,Female,Some college or 2-year degree,No,White,No
Plan D,No,Usually,Yes,Sometimes,10 or more times,9,Never,Yes,5 to 9,Usually,Never,Usually,Sometimes,10,Yes,None,6,No,Never,Usually,Yes,Always,6,Good,Fair,Yes,No,No,Yes,18 to 24,Female,High school graduate or GED,No,Black or African American,No
Plan C,No,Never,No,Usually,5 to 9,3,Usually,Yes,1 time,Usually,Always,Sometimes,Usually,6,No,2,4,Yes,Sometimes,Always,No,Usually,1,Very good,Good,Yes,Yes,No,No,45 to 54,Female,More than 4-year college degree,No,Asian,No
Plan D,Yes,Sometimes,Yes,Usually,5 to 9,5,Never,Yes,1 time,Usually,Usually,Never,Sometimes,6,Yes,4,1,Yes,Sometimes,Always,Yes,Never,6,Very good,Very good,Yes,Yes,No,Yes,25 to 34,Female,High school graduate or GED,No,White,Yes
Plan E,No,Always,Yes,Never,4,10,Never,No,5 to 9,Usually,Sometimes,Always,Sometimes,5,No,None,4,Yes,Sometimes,Usually,No,Never,3,Poor,Good,No,No,No,Yes,45 to 54,Female,4-year college graduate,No,White,Yes
Plan D,No,Usually,Yes,Sometimes,10 or more times,10,Never,Yes,None,Always,Sometimes,Always,Sometimes,8,Yes,5 or more specialists,5,Yes,Always,Never,Yes,Sometimes,8,Good,Poor,Yes,Yes,No,Yes,75 or older,Male,Some high school,Yes,Other,No
Plan D,No,Sometimes,Yes,Sometimes,None,4,Usually,Yes,5 to 9,Usually,Never,Never,Usually,0,No,4,5,Yes,Never,Sometimes,No,Usually,0,Very good,Good,Yes,No,Yes,Yes,75 or older,Female,Some high school,No,Black or African American,Yes
Plan D,Yes,Usually,Yes,Always,None,0,Usually,No,2,Sometimes,Always,Usually,Always,2,No,None,3,Yes,Always,Always,No,Sometimes,5,Good,Very good,No,No,Yes,Yes,65 to 74,Male,Some high school,Yes,Black or African American,Yes
Plan A,No,Never,No,Sometimes,4,3,Never,Yes,5 to 9,Always,Usually,Always,Sometimes,7,No,3,1,Yes,Usually,Always,No,Always,0,Very good,Poor,No,No,Yes,No,55 to 64,Female,Some high school,No,Other,No
Plan A,Yes,Never,Yes,Never,5 to 9,3,Usually,Yes,3,Never,Never,Always,Always,2,Yes,1 specialist,4,Yes,Never,Never,No,Always,6,Fair,Excellent,No,Yes,Yes,No,25 to 34,Female,4-year college graduate,Yes,White,Yes
Plan B,No,Always,No,Sometimes,4,5,Never,Yes,5 to 9,Usually,Always,Sometimes,Usually,9,No,1 specialist,2,No,Sometimes,Never,Yes,Always,3,Good,Poor,Yes,Yes,Yes,No,35 to 44,Male,High school graduate or GED,Yes,Black or African American,Yes
Plan D,No,Usually,No,Always,4,5,Usually,No,2,Usually,Sometimes,Sometimes,Sometimes,9,Yes,4,5,Yes,Never,Never,Yes,Sometimes,3,Good,Excellent,No,No,Yes,No,25 to 34,Female,8th grade or less,Yes,Black or African American,No
Plan E,Yes,Sometimes,Yes,Usually,None,5,Usually,No,None,Never,Always,Usually,Usually,0,No,1 specialist,0,Yes,Sometimes,Usually,Yes,Sometimes,1,Fair,Fair,Yes,No,No,No,45 to 54,Female,Some college or 2-year degree,No,Asian,Yes
Plan B,No,Always,No,Never,4,8,Sometimes,Yes,4,Sometimes,Sometimes,Always,Sometimes,5,Yes,5 or more specialists,6,No,Usually,Usually,No,Never,0,Poor,Very good,No,Yes,No,Yes,18 to 24,Female,High school graduate or GED,No,American Indian or Alaska Native,No
Plan E,No,Always,Yes,Never,4,3,Always,Yes,3,Usually,Usually,Always,Always,2,No,5 or more specialists,3,Yes,Usually,Sometimes,No,Sometimes,9,Fair,Fair,No,Yes,Yes,Yes,18 to 24,Male,Some high school,No,Other,No
Plan E,No,Always,No,Usually,5 to 9,5,Always,No,5 to 9,Usually,Always,Always,Sometimes,2,No,1 specialist,5,Yes,Usually,Never,Yes,Always,0,Fair,Good,No,Yes,Yes,Yes,65 to 74,Male,More than 4-year college degree,Yes,Other,No
Plan E,No,Usually,No,Sometimes,5 to 9,3,Never,No,None,Never,Usually,Sometimes,Usually,3,No,3,8,Yes,Always,Never,Yes,Never,9,Excellent,Poor,Yes,No,No,No,18 to 24,Male,Some high school,Yes,Black or African American,No
Plan E,Yes,Always,Yes,Always,5 to 9,7,Sometimes,Yes,5 to 9,Sometimes,Usually,Sometimes,Sometimes,0,No,None,10,No,Always,Never,Yes,Always,8,Fair,Excellent,Yes,No,No,No,25 to 34,Female,Some college or 2-year degree,No,Other,Yes
Plan D,Yes,Never,Yes,Usually,4,0,Usually,No,4,Always,Sometimes,Sometimes,Usually,1,No,4,2,No,Never,Never,Yes,Usually,7,Excellent,Poor,Yes,Yes,Yes,Yes,55 to 64,Male,High school graduate or GED,No,Other,Yes
Plan B,No,Sometimes,No,Sometimes,10 or more times,8,Sometimes,Yes,2,Sometimes,Never,Always,Never,4,Yes,5 or more specialists,6,No,Sometimes,Sometimes,Yes,Always,4,Good,Excellent,Yes,No,No,No,18 to 24,Female,High school graduate or GED,Yes,Black or African American,No
Plan B,Yes,Never,No,Always,4,6,Always,Yes,10 or more times,Usually,Never,Sometimes,Sometimes,1,No,2,3,No,Always,Always,No,Never,9,Good,Excellent,No,Yes,Yes,No,45 to 54,Female,High school graduate or GED,Yes,Black or African American,Yes
Plan D,Yes,Never,Yes,Sometimes,5 to 9,0,Sometimes,Yes,None,Sometimes,Always,Never,Always,2,No,1 specialist,8,No,Never,Usually,No,Usually,6,Good,Poor,No,Yes,Yes,Yes,55 to 64,Female,4-year college graduate,Yes,Native Hawaiian or Other Pacific Islander,Yes
Plan E,Yes,Always,No,Usually,2,7,Sometimes,Yes,3,Always,Never,Sometimes,Sometimes,4,Yes,4,4,No,Always,Always,No,Always,8,Very good,Fair,No,No,No,No,65 to 74,Male,4-year college graduate,No,American Indian or Alaska Native,No
Plan A,No,Usually,Yes,Never,5 to 9,8,Sometimes,Yes,1 time,Usually,Usually,Sometimes,Always,3,No,5 or more specialists,7,No,Sometimes,Never,Yes,Sometimes,7,Good,Very good,No,No,Yes,No,25 to 34,Female,More than 4-year college degree,Yes,White,No
Plan D,Yes,Sometimes,No,Never,10 or more times,6,Usually,No,2,Usually,Sometimes,Always,Usually,3,Yes,1 specialist,5,Yes,Never,Always,Yes,Always,5,Very good,Good,No,No,No,Yes,75 or older,Male,High school graduate or GED,Yes,American Indian or Alaska Native,No
Plan D,No,Sometimes,No,Never,2,10,Usually,No,None,Never,Never,Never,Usually,6,Yes,3,2,Yes,Always,Always,Yes,Always,9,Very good,Excellent,Yes,No,No,Yes,35 to 44,Male,8th grade or less,Yes,Native Hawaiian or Other Pacific Islander,Yes
Plan E,No,Never,Yes,Never,10 or more times,7,Never,No,1 time,Sometimes,Never,Never,Usually,8,No,2,9,Yes,Sometimes,Usually,No,Usually,9,Good,Very good,Yes,Yes,Yes,No,45 to 54,Female,8th grade or less,Yes,Native Hawaiian or Other Pacific Islander,Yes
Plan C,No,Never,No,Sometimes,4,1,Never,Yes,1 time,Usually,Always,Sometimes,Always,6,No,3,5,Yes,Sometimes,Never,Yes,Always,2,Good,Good,No,Yes,Yes,Yes,75 or older,Male,8th grade or less,No,Asian,Yes
Plan B,No,Sometimes,Yes,Always,10 or more times,10,Usually,Yes,None,Never,Usually,Sometimes,Usually,6,No,3,3,No,Always,Always,Yes,Usually,5,Good,Poor,Yes,No,Yes,No,25 to 34,Female,High school graduate or GED,Yes,Native Hawaiian or Other Pacific Islander,Yes
Plan B,No,Never,No,Usually,1 time,10,Always,No,2,Sometimes,Always,Sometimes,Sometimes,3,Yes,2,4,No,Sometimes,Never,Yes,Sometimes,0,Poor,Poor,Yes,Yes,Yes,No,35 to 44,Female,More than 4-year college degree,No,Black or African American,Yes
Plan D,Yes,Always,Yes,Never,2,9,Always,Yes,1 time,Sometimes,Never,Sometimes,Never,1,Yes,4,5,No,Sometimes,Usually,Yes,Never,2,Good,Excellent,Yes,Yes,No,No,55 to 64,Female,High school graduate or GED,No,White,Yes
Plan A,No,Never,No,Always,10 or more times,10,Always,No,10 or more times,Always,Always,Never,Usually,6,No,4,9,Yes,Sometimes,Always,Yes,Never,3,Good,Excellent,No,No,Yes,No,55 to 64,Male,Some college or 2-year degree,Yes,Black or African American,Yes
Plan B,Yes,Never,Yes,Usually,5 to 9,1,Always,No,3,Usually,Never,Never,Usually,1,Yes,5 or more specialists,10,Yes,Usually,Sometimes,No,Sometimes,1,Very good,Good,No,No,No,No,65 to 74,Female,Some college or 2-year degree,Yes,American Indian or Alaska Native,Yes
Plan C,No,Usually,Yes,Always,4,2,Never,Yes,5 to 9,Never,Never,Always,Always,8,Yes,4,7,No,Usually,Sometimes,Yes,Usually,1,Fair,Very good,No,Yes,No,No,55 to 64,Female,More than 4-year college degree,No,Native Hawaiian or Other Pacific Islander,No
Plan D,Yes,Usually,No,Never,10 or more times,2,Usually,Yes,1 time,Always,Sometimes,Always,Never,3,Yes,5 or more specialists,0,Yes,Usually,Never,No,Usually,0,Fair,Excellent,Yes,No,No,Yes,45 to 54,Female,Some college or 2-year degree,Yes,Other,Yes
Plan A,Yes,Always,No,Sometimes,3,0,Usually,No,4,Never,Usually,Always,Sometimes,5,No,4,0,No,Never,Usually,Yes,Always,7,Excellent,Very good,No,Yes,No,Yes,55 to 64,Female,8th grade or less,Yes,Other,Yes
Plan E,No,Always,Yes,Sometimes,3,8,Never,Yes,None,Usually,Never,Usually,Never,9,Yes,4,6,No,Sometimes,Always,Yes,Never,7,Good,Very good,Yes,No,No,No,18 to 24,Female,High school graduate or GED,Yes,Black or African American,Yes
Plan A,No,Never,No,Usually,4,10,Never,No,1 time,Never,Never,Always,Never,6,No,5 or more specialists,10,Yes,Sometimes,Sometimes,No,Never,10,Good,Very good,Yes,No,No,Yes,35 to 44,Male,4-year college graduate,No,White,Yes
Plan D,No,Usually,Yes,Always,None,8,Always,No,2,Sometimes,Always,Usually,Never,5,Yes,3,3,Yes,Sometimes,Usually,Yes,Sometimes,5,Excellent,Fair,No,Yes,No,Yes,35 to 44,Female,High school graduate or GED,No,White,Yes
Plan A,Yes,Sometimes,No,Sometimes,2,10,Usually,Yes,5 to 9,Usually,Sometimes,Sometimes,Always,3,Yes,5 or more specialists,0,Yes,Never,Usually,No,Sometimes,8,Poor,Good,No,Yes,Yes,Yes,35 to 44,Female,8th grade or less,No,American Indian or Alaska Native,No
Plan B,No,Usually,No,Never,3,0,Never,Yes,4,Always,Never,Always,Always,9,Yes,None,7,No,Never,Sometimes,No,Always,6,Good,Poor,No,Yes,No,Yes,18 to 24,Female,4-year college graduate,Yes,Native Hawaiian or Other Pacific Islander,Yes
Plan D,Yes,Never,Yes,Never,None,9,Sometimes,No,2,Always,Never,Usually,Usually,10,Yes,None,3,Yes,Always,Never,Yes,Never,1,Good,Very good,No,No,No,Yes,45 to 54,Male,4-year college graduate,No,Other,No
Plan B,Yes,Sometimes,No,Never,4,9,Usually,No,4,Never,Always,Never,Always,7,Yes,5 or more specialists,5,Yes,Never,Usually,No,Always,7,Excellent,Fair,No,No,Yes,Yes,75 or older,Male,Some college or 2-year degree,No,Black or African American,No
Plan B,Yes,Sometimes,No,Usually,5 to 9,8,Sometimes,No,3,Usually,Sometimes,Sometimes,Never,9,Yes,5 or more specialists,0,No,Always,Usually,Yes,Sometimes,0,Good,Excellent,No,Yes,No,Yes,55 to 64,Male,Some high school,No,Native Hawaiian or Other Pacific Islander,Yes
Plan C,No,Always,No,Usually,5 to 9,7,Sometimes,Yes,5 to 9,Sometimes,Always,Never,Never,0,Yes,None,9,No,Sometimes,Sometimes,No,Usually,4,Fair,Poor,Yes,No,Yes,No,18 to 24,Female,8th grade or less,No,Black or African American,Yes
Plan D,No,Always,Yes,Never,3,9,Never,No,None,Sometimes,Usually,Never,Sometimes,0,No,1 specialist,4,No,Sometimes,Sometimes,Yes,Never,4,Good,Good,Yes,Yes,No,No,55 to 64,Male,4-year college graduate,No,American Indian or Alaska Native,No
Plan A,No,Sometimes,No,Always,5 to 9,10,Sometimes,Yes,5 to 9,Never,Always,Always,Sometimes,1,No,None,6,No,Always,Always,Yes,Never,3,Very good,Excellent,No,No,Yes,No,65 to 74,Female,More than 4-year college degree,No,Black or African American,No
Plan A,No,Sometimes,Yes,Usually,2,3,Sometimes,Yes,2,Usually,Always,Never,Usually,7,No,5 or more specialists,3,Yes,Never,Always,Yes,Sometimes,1,Excellent,Excellent,Yes,Yes,No,No,75 or older,Male,More than 4-year college degree,Yes,Asian,Yes
Plan A,No,Usually,No,Never,1 time,2,Always,Yes,1 time,Always,Sometimes,Sometimes,Sometimes,6,Yes,None,1,Yes,Usually,Always,No,Usually,5,Very good,Fair,Yes,No,No,No,25 to 34,Female,8th grade or less,Yes,American Indian or Alaska Native,No
Plan E,Yes,Sometimes,Yes,Sometimes,None,10,Usually,No,4,Always,Sometimes,Sometimes,Always,1,Yes,1 specialist,10,Yes,Always,Sometimes,No,Always,4,Fair,Excellent,No,Yes,No,No,65 to 74,Female,8th grade or less,No,American Indian or Alaska Native,No
Plan E,Yes,Always,No,Sometimes,1 time,7,Sometimes,Yes,3,Usually,Always,Sometimes,Always,6,No,5 or more specialists,4,No,Always,Never,Yes,Always,0,Fair,Fair,No,No,No,Yes,35 to 44,Male,Some college or 2-year degree,No,Native Hawaiian or Other Pacific Islander,Yes
Plan C,Yes,Sometimes,No,Always,1 time,3,Sometimes,No,2,Usually,Usually,Usually,Always,7,Yes,1 specialist,5,No,Never,Always,Yes,Never,10,Poor,Good,No,No,No,No,75 or older,Male,Some high school,Yes,Other,Yes
Plan A,No,Always,No,Always,2,5,Never,No,1 time,Usually,Usually,Sometimes,Sometimes,4,No,5 or more specialists,5,No,Never,Usually,No,Never,4,Excellent,Poor,Yes,No,No,Yes,65 to 74,Female,4-year college graduate,No,Asian,No
Plan D,Yes,Never,Yes,Always,4,7,Sometimes,Yes,5 to 9,Never,Sometimes,Never,Usually,8,No,4,10,Yes,Sometimes,Sometimes,No,Never,9,Very good,Poor,No,No,Yes,Yes,65 to 74,Female,8th grade or less,No,Native Hawaiian or Other Pacific Islander,Yes
Plan A,Yes,Always,Yes,Always,10 or more times,10,Always,Yes,1 time,Always,Sometimes,Sometimes,Usually,2,No,5 or more specialists,2,No,Never,Usually,No,Usually,8,Very good,Poor,No,Yes,No,No,25 to 34,Female,High school graduate or GED,No,Black or African American,No
Plan B,Yes,Usually,Yes,Never,2,4,Never,No,10 or more times,Sometimes,Usually,Always,Usually,3,No,1 specialist,9,Yes,Sometimes,Sometimes,No,Always,7,Excellent,Very good,Yes,No,No,Yes,75 or older,Female,Some high school,No,White,Yes
Plan B,Yes,Always,Yes,Sometimes,5 to 9,6,Never,Yes,4,Sometimes,Never,Always,Usually,0,No,2,5,No,Always,Never,Yes,Never,9,Good,Excellent,Yes,Yes,Yes,No,25 to 34,Male,Some college or 2-year degree,No,Native Hawaiian or Other Pacific Islander,No
Plan D,No,Sometimes,No,Never,3,1,Sometimes,Yes,3,Never,Never,Always,Always,4,Yes,5 or more specialists,2,Yes,Usually,Never,No,Never,2,Good,Fair,Yes,No,Yes,Yes,65 to 74,Male,Some high school,Yes,Native Hawaiian or Other Pacific Islander,No
Plan C,No,Never,Yes,Sometimes,10 or more times,6,Usually,Yes,10 or more times,Sometimes,Never,Never,Never,10,No,5 or more specialists,5,No,Never,Sometimes,No,Always,8,Very good,Fair,Yes,No,No,Yes,65 to 74,Female,Some high school,Yes,Black or African American,No
Plan D,Yes,Usually,No,Usually,4,3,Usually,No,1 time,Usually,Always,Usually,Always,4,Yes,None,5,Yes,Sometimes,Never,Yes,Usually,8,Poor,Very good,No,No,No,Yes,35 to 44,Male,More than 4-year college degree,No,Other,No
Plan C,No,Always,No,Always,4,7,Sometimes,No,10 or more times,Sometimes,Never,Always,Sometimes,5,No,2,4,Yes,Always,Usually,No,Sometimes,1,Fair,Very good,No,Yes,Yes,Yes,65 to 74,Male,Some college or 2-year degree,Yes,American Indian or Alaska Native,Yes
Plan C,No,Usually,No,Always,2,9,Always,No,2,Never,Sometimes,Usually,Never,9,Yes,3,10,No,Usually,Always,Yes,Usually,5,Poor,Good,Yes,No,Yes,No,45 to 54,Male,More than 4-year college degree,Yes,White,No
Plan C,Yes,Sometimes,Yes,Always,None,5,Always,Yes,2,Usually,Never,Always,Usually,3,Yes,2,9,Yes,Always,Never,Yes,Never,6,Poor,Fair,Yes,Yes,No,Yes,45 to 54,Female,Some college or 2-year degree,Yes,Native Hawaiian or Other Pacific Islander,No
Plan E,No,Always,Yes,Usually,1 time,3,Never,No,1 time,Always,Sometimes,Usually,Usually,5,Yes,5 or more specialists,1,No,Sometimes,Always,No,Sometimes,6,Excellent,Excellent,Yes,Yes,No,Yes,35 to 44,Male,4-year college graduate,No,Black or African American,No
Plan A,No,Never,No,Never,10 or more times,7,Always,No,10 or more times,Usually,Sometimes,Sometimes,Never,7,Yes,1 specialist,4,Yes,Never,Sometimes,Yes,Never,6,Very good,Fair,Yes,No,No,No,25 to 34,Female,High school graduate or GED,No,Other,No
Plan E,Yes,Never,No,Sometimes,10 or more times,10,Never,Yes,4,Usually,Sometimes,Usually,Always,7,No,4,1,Yes,Usually,Always,No,Sometimes,5,Fair,Excellent,Yes,Yes,No,No,75 or older,Male,High school graduate or GED,Yes,Asian,No
Plan A,Yes,Never,No,Always,None,2,Usually,No,None,Sometimes,Sometimes,Always,Always,1,Yes,None,9,Yes,Never,Never,Yes,Never,10,Very good,Poor,No,Yes,Yes,Yes,45 to 54,Female,4-year college graduate,No,Black or African American,No
Plan B,Yes,Never,No,Usually,5 to 9,2,Always,Yes,10 or more times,Usually,Never,Sometimes,Usually,2,Yes,None,3,Yes,Always,Sometimes,No,Never,6,Fair,Fair,Yes,Yes,Yes,Yes,45 to 54,Female,8th grade or less,No,Native Hawaiian or Other Pacific Islander,No
Plan D,Yes,Usually,Yes,Never,4,6,Never,Yes,5 to 9,Sometimes,Never,Usually,Never,8,Yes,1 specialist,1,Yes,Usually,Usually,No,Sometimes,0,Good,Very good,Yes,No,Yes,No,18 to 24,Female,8th grade or less,Yes,Native Hawaiian or Other Pacific Islander,Yes
Plan A,Yes,Always,Yes,Never,2,10,Never,Yes,None,Never,Never,Always,Usually,1,No,4,5,No,Usually,Never,Yes,Always,9,Excellent,Good,No,Yes,No,Yes,25 to 34,Male,8th grade or less,No,Asian,No
Plan B,Yes,Never,Yes,Never,2,0,Usually,Yes,3,Usually,Always,Sometimes,Never,4,No,5 or more specialists,9,Yes,Usually,Never,Yes,Sometimes,7,Good,Fair,No,No,No,Yes,55 to 64,Male,8th grade or less,No,American Indian or Alaska Native,No
Plan C,Yes,Sometimes,No,Never,1 time,0,Sometimes,No,3,Sometimes,Sometimes,Never,Always,8,No,2,3,Yes,Never,Sometimes,Yes,Usually,7,Poor,Poor,Yes,Yes,Yes,Yes,45 to 54,Female,High school graduate or GED,Yes,Other,Yes
Plan C,No,Never,No,Never,10 or more times,7,Sometimes,Yes,5 to 9,Always,Always,Usually,Never,0,No,None,1,Yes,Usually,Sometimes,No,Sometimes,2,Excellent,Fair,No,Yes,Yes,No,45 to 54,Female,More than 4-year college degree,No,White,No
Plan C,Yes,Never,Yes,Usually,3,10,Never,No,10 or more times,Never,Sometimes,Usually,Sometimes,0,No,4,8,No,Always,Always,No,Usually,0,Good,Good,No,No,Yes,No,18 to 24,Female,Some college or 2-year degree,No,Other,Yes
Plan E,No,Never,No,Never,4,7,Never,Yes,4,Always,Sometimes,Usually,Usually,5,No,2,9,No,Always,Never,Yes,Sometimes,6,Excellent,Good,Yes,No,Yes,Yes,75 or older,Female,More than 4-year college degree,No,Other,Yes
Plan E,No,Always,No,Always,10 or more times,0,Sometimes,No,1 time,Usually,Sometimes,Never,Always,6,No,4,1,No,Sometimes,Always,No,Never,10,Good,Very good,No,Yes,Yes,Yes,75 or older,Male,More than 4-year college degree,Yes,Other,No
Plan A,No,Usually,Yes,Usually,4,9,Sometimes,Yes,None,Never,Sometimes,Usually,Sometimes,9,Yes,2,6,Yes,Sometimes,Usually,No,Always,5,Poor,Excellent,Yes,No,Yes,No,25 to 34,Male,More than 4-year college degree,No,Black or African American,Yes
Plan C,Yes,Usually,Yes,Sometimes,3,8,Always,Yes,10 or more times,Always,Sometimes,Always,Sometimes,2,No,3,10,No,Never,Sometimes,Yes,Never,5,Good,Good,Yes,No,Yes,No,65 to 74,Male,4-year college graduate,Yes,American Indian or Alaska Native,No
Plan E,No,Never,No,Always,None,0,Sometimes,No,2,Sometimes,Usually,Always,Always,6,No,1 specialist,1,No,Sometimes,Always,No,Never,0,Very good,Poor,Yes,No,No,Yes,65 to 74,Male,4-year college graduate,Yes,Black or African American,No
Plan D,No,Usually,No,Always,1 time,5,Usually,No,None,Usually,Usually,Usually,Sometimes,0,Yes,4,9,Yes,Always,Usually,No,Sometimes,7,Fair,Fair,No,Yes,Yes,Yes,18 to 24,Male,High school graduate or GED,Yes,Other,No
Plan C,No,Sometimes,No,Always,5 to 9,1,Always,Yes,4,Sometimes,Always,Never,Sometimes,3,No,4,2,Yes,Never,Never,No,Sometimes,9,Good,Very good,Yes,Yes,Yes,Yes,65 to 74,Male,Some high school,No,American Indian or Alaska Native,Yes
Plan C,No,Sometimes,Yes,Usually,2,9,Never,No,5 to 9,Usually,Always,Never,Always,3,Yes,2,0,Yes,Always,Never,Yes,Always,10,Excellent,Poor,No,No,Yes,Yes,65 to 74,Male,High school graduate or GED,No,Native Hawaiian or Other Pacific Islander,No
Plan A,No,Always,Yes,Never,None,0,Never,Yes,1 time,Sometimes,Always,Never,Sometimes,6,No,4,6,No,Usually,Sometimes,No,Sometimes,1,Good,Fair,Yes,No,Yes,No,75 or older,Male,Some high school,Yes,American Indian or Alaska Native,No
Plan C,No,Always,No,Usually,5 to 9,8,Sometimes,No,4,Usually,Sometimes,Sometimes,Never,9,Yes,4,3,Yes,Always,Always,No,Usually,1,Poor,Fair,No,No,Yes,Yes,25 to 34,Female,8th grade or less,No,Asian,No
Plan D,No,Sometimes,No,Sometimes,2,1,Sometimes,Yes,1 time,Sometimes,Always,Never,Usually,3,No,5 or more specialists,6,No,Never,Always,Yes,Sometimes,3,Fair,Excellent,No,No,No,No,65 to 74,Female,More than 4-year college degree,Yes,Black or African American,No
Plan A,No,Always,No,Usually,3,8,Sometimes,Yes,2,Sometimes,Always,Never,Sometimes,1,No,5 or more specialists,9,No,Never,Always,Yes,Always,4,Poor,Good,Yes,No,No,No,45 to 54,Male,8th grade or less,No,American Indian or Alaska Native,No
Plan E,Yes,Sometimes,Yes,Never,3,5,Usually,Yes,3,Never,Sometimes,Always,Sometimes,2,Yes,5 or more specialists,0,No,Usually,Always,No,Usually,7,Poor,Excellent,No,No,No,Yes,55 to 64,Male,4-year college graduate,Yes,Black or African American,No
Plan C,Yes,Never,No,Always,1 time,10,Never,No,5 to 9,Usually,Never,Always,Always,10,Yes,None,0,No,Sometimes,Sometimes,Yes,Sometimes,3,Good,Excellent,Yes,Yes,Yes,No,75 or older,Female,Some high school,No,Native Hawaiian or Other Pacific Islander,No
Plan A,Yes,Always,No,Always,1 time,0,Always,No,2,Always,Never,Usually,Never,5,Yes,4,0,Yes,Never,Never,Yes,Never,6,Poor,Fair,Yes,No,No,Yes,75 or older,Male,High school graduate or GED,Yes,Black or African American,Yes
Plan D,Yes,Never,No,Always,4,7,Usually,No,4,Usually,Always,Sometimes,Never,6,Yes,5 or more specialists,7,No,Never,Always,Yes,Sometimes,3,Excellent,Excellent,No,Yes,Yes,Yes,25 to 34,Female,Some high school,Yes,Asian,Yes
Plan A,No,Always,Yes,Never,1 time,8,Always,No,2,Always,Sometimes,Always,Always,8,No,4,8,No,Sometimes,Sometimes,Yes,Always,3,Very good,Very good,Yes,Yes,No,Yes,55 to 64,Female,Some high school,Yes,Black or African American,No
Plan B,No,Sometimes,No,Usually,5 to 9,10,Always,Yes,4,Usually,Sometimes,Usually,Sometimes,5,No,4,7,No,Usually,Sometimes,No,Always,6,Fair,Very good,Yes,No,No,No,45 to 54,Female,8th grade or less,No,Black or African American,No
Plan B,Yes,Usually,No,Usually,3,8,Sometimes,No,3,Sometimes,Sometimes,Never,Usually,3,No,4,9,No,Sometimes,Usually,Yes,Never,5,Very good,Very good,Yes,No,Yes,Yes,25 to 34,Male,High school graduate or GED,No,American Indian or Alaska Native,Yes
Plan E,Yes,Never,Yes,Usually,2,3,Usually,Yes,1 time,Never,Always,Usually,Sometimes,5,No,3,2,No,Never,Usually,No,Sometimes,9,Poor,Good,Yes,Yes,Yes,No,75 or older,Female,Some college or 2-year degree,Yes,Black or African American,No
Plan B,No,Always,No,Sometimes,3,1,Usually,No,1 time,Usually,Never,Sometimes,Usually,10,No,2,5,Yes,Never,Usually,No,Sometimes,9,Poor,Very good,Yes,No,No,Yes,25 to 34,Male,Some college or 2-year degree,Yes,Black or African American,Yes
Plan A,Yes,Sometimes,No,Sometimes,3,8,Always,No,3,Never,Usually,Always,Sometimes,5,No,None,4,No,Never,Never,Yes,Sometimes,5,Excellent,Good,Yes,No,No,Yes,25 to 34,Male,High school graduate or GED,Yes,White,Yes
Plan C,No,Always,Yes,Always,10 or more times,1,Always,No,5 to 9,Never,Sometimes,Usually,Never,4,No,1 specialist,5,No,Usually,Never,Yes,Usually,1,Poor,Poor,No,Yes,No,Yes,35 to 44,Male,Some college or 2-year degree,Yes,American Indian or Alaska Native,Yes
Plan A,No,Always,No,Never,1 time,9,Always,Yes,2,Never,Always,Sometimes,Never,0,No,None,0,Yes,Sometimes,Never,Yes,Always,1,Fair,Poor,No,Yes,Yes,No,18 to 24,Female,4-year college graduate,Yes,Asian,Yes
Plan D,No,Usually,Yes,Never,1 time,6,Always,No,5 to 9,Always,Sometimes,Always,Usually,0,No,4,8,Yes,Always,Never,No,Usually,7,Very good,Very good,Yes,Yes,No,Yes,25 to 34,Female,8th grade or less,No,Other,Yes
Plan E,Yes,Always,No,Usually,1 time,3,Usually,No,2,Usually,Never,Usually,Never,3,No,5 or more specialists,6,No,Usually,Sometimes,No,Sometimes,2,Good,Poor,No,Yes,No,Yes,25 to 34,Male,High school graduate or GED,Yes,Black or African American,No
Plan A,Yes,Never,No,Sometimes,10 or more times,1,Sometimes,Yes,5 to 9,Sometimes,Always,Sometimes,Always,5,No,None,3,Yes,Never,Never,Yes,Usually,10,Good,Excellent,No,Yes,No,Yes,75 or older,Male,Some college or 2-year degree,No,Asian,No
Plan A,No,Always,Yes,Usually,3,5,Sometimes,Yes,5 to 9,Usually,Usually,Always,Never,7,Yes,3,0,No,Sometimes,Always,Yes,Sometimes,10,Fair,Good,No,Yes,No,No,18 to 24,Male,High school graduate or GED,No,American Indian or Alaska Native,No
Plan E,No,Never,Yes,Usually,2,3,Usually,Yes,None,Sometimes,Always,Usually,Sometimes,1,No,5 or more specialists,9,Yes,Sometimes,Never,Yes,Always,2,Good,Very good,No,Yes,No,No,75 or older,Male,Some high school,Yes,American Indian or Alaska Native,Yes
Plan B,Yes,Sometimes,Yes,Sometimes,2,6,Always,Yes,4,Always,Never,Never,Always,5,No,3,7,No,Never,Never,Yes,Never,6,Fair,Very good,Yes,No,Yes,No,65 to 74,Female,4-year college graduate,Yes,American Indian or Alaska Native,No
Plan E,Yes,Never,No,Always,None,7,Never,Yes,4,Always,Usually,Sometimes,Usually,1,Yes,4,2,No,Never,Always,Yes,Always,9,Very good,Poor,No,Yes,No,Yes,25 to 34,Male,Some college or 2-year degree,No,Other,Yes
Plan C,No,Never,No,Always,None,10,Sometimes,No,3,Usually,Never,Usually,Never,1,No,5 or more specialists,7,Yes,Usually,Sometimes,Yes,Always,10,Poor,Excellent,No,Yes,No,Yes,45 to 54,Female,Some high school,Yes,Other,Yes
Plan C,No,Sometimes,No,Always,5 to 9,2,Never,No,4,Sometimes,Sometimes,Sometimes,Always,2,No,5 or more specialists,6,No,Never,Always,Yes,Never,10,Very good,Fair,No,Yes,Yes,No,75 or older,Male,High school graduate or GED,No,White,Yes
Plan A,No,Usually,Yes,Usually,4,10,Usually,No,1 time,Always,Never,Usually,Sometimes,4,Yes,1 specialist,10,No,Always,Sometimes,Yes,Always,10,Very good,Fair,No,Yes,Yes,No,55 to 64,Male,High school graduate or GED,Yes,Asian,Yes
Plan C,No,Always,No,Always,3,1,Always,No,1 time,Usually,Always,Sometimes,Never,2,Yes,2,4,No,Always,Sometimes,Yes,Usually,3,Excellent,Poor,Yes,Yes,No,Yes,45 to 54,Male,High school graduate or GED,Yes,Other,Yes
Plan B,No,Always,No,Usually,5 to 9,2,Always,Yes,4,Sometimes,Sometimes,Usually,Usually,1,No,4,2,No,Never,Never,Yes,Never,1,Poor,Excellent,No,Yes,Yes,No,55 to 64,Female,4-year college graduate,Yes,Native Hawaiian or Other Pacific Islander,No
Plan B,No,Usually,No,Always,10 or more times,6,Always,Yes,4,Never,Sometimes,Never,Sometimes,2,No,5 or more specialists,1,No,Sometimes,Always,No,Never,0,Good,Excellent,Yes,No,Yes,No,25 to 34,Female,4-year college graduate,Yes,White,No
Plan C,No,Usually,Yes,Sometimes,3,2,Never,No,3,Sometimes,Usually,Always,Sometimes,3,No,2,7,No,Never,Sometimes,Yes,Always,3,Very good,Excellent,No,No,Yes,Yes,65 to 74,Female,Some college or 2-year degree,No,Native Hawaiian or Other Pacific Islander,Yes
Plan D,Yes,Always,No,Sometimes,5 to 9,4,Never,Yes,2,Always,Sometimes,Usually,Sometimes,7,Yes,None,10,Yes,Always,Usually,Yes,Sometimes,3,Excellent,Excellent,Yes,Yes,Yes,No,75 or older,Male,8th grade or less,No,Native Hawaiian or Other Pacific Islander,Yes
Plan D,Yes,Always,Yes,Usually,2,6,Usually,No,None,Never,Always,Always,Usually,1,No,3,8,Yes,Usually,Sometimes,Yes,Usually,10,Excellent,Fair,Yes,Yes,No,No,65 to 74,Female,High school graduate or GED,No,Native Hawaiian or Other Pacific Islander,Yes
Plan A,Yes,Sometimes,No,Never,1 time,8,Always,Yes,None,Usually,Sometimes,Always,Sometimes,9,No,2,3,Yes,Never,Never,Yes,Usually,10,Good,Fair,Yes,Yes,No,Yes,75 or older,Female,8th grade or less,No,Native Hawaiian or Other Pacific Islander,No
Plan D,No,Never,Yes,Never,2,7,Always,Yes,5 to 9,Usually,Always,Usually,Never,8,No,None,7,Yes,Sometimes,Never,Yes,Sometimes,5,Excellent,Very good,No,Yes,No,No,75 or older,Female,8th grade or less,Yes,White,No
Plan E,No,Never,No,Always,3,1,Sometimes,No,None,Always,Always,Sometimes,Always,9,No,3,6,No,Always,Always,No,Sometimes,10,Fair,Good,No,Yes,No,No,75 or older,Female,More than 4-year college degree,Yes,American Indian or Alaska Native,No
Plan E,No,Usually,Yes,Never,2,3,Sometimes,Yes,2,Always,Sometimes,Usually,Always,9,No,None,3,No,Sometimes,Sometimes,Yes,Sometimes,9,Good,Very good,Yes,Yes,No,Yes,35 to 44,Female,More than 4-year college degree,No,Other,Yes
Plan E,Yes,Usually,Yes,Never,10 or more times,0,Sometimes,Yes,2,Always,Never,Never,Sometimes,2,No,5 or more specialists,0,No,Never,Usually,No,Always,0,Very good,Poor,No,Yes,Yes,Yes,75 or older,Female,Some high school,Yes,American Indian or Alaska Native,Yes
Plan D,No,Sometimes,No,Always,10 or more times,3,Always,No,3,Usually,Always,Never,Sometimes,10,No,3,6,Yes,Usually,Usually,Yes,Usually,1,Very good,Good,Yes,No,No,Yes,18 to 24,Female,Some college or 2-year degree,No,Black or African American,Yes
Plan B,Yes,Usually,Yes,Never,4,3,Never,No,None,Always,Never,Always,Always,4,Yes,5 or more specialists,7,Yes,Sometimes,Never,Yes,Usually,4,Very good,Poor,Yes,No,Yes,No,18 to 24,Male,Some college or 2-year degree,Yes,Native Hawaiian or Other Pacific Islander,No
Plan C,No,Never,No,Usually,1 time,7,Always,No,5 to 9,Never,Usually,Never,Never,9,No,5 or more specialists,10,Yes,Always,Never,No,Usually,0,Fair,Excellent,Yes,Yes,No,Yes,75 or older,Male,High school graduate or GED,No,Black or African American,No
Plan D,No,Never,No,Never,4,4,Sometimes,No,2,Never,Always,Usually,Always,10,Yes,3,6,Yes,Sometimes,Usually,Yes,Usually,4,Good,Poor,Yes,No,Yes,Yes,25 to 34,Female,Some high school,Yes,Asian,No
Plan C,No,Always,Yes,Never,3,2,Usually,No,1 time,Sometimes,Never,Always,Usually,0,No,5 or more specialists,0,Yes,Usually,Usually,Yes,Sometimes,4,Very good,Excellent,Yes,No,No,Yes,65 to 74,Male,Some college or 2-year degree,No,White,No
Plan A,Yes,Sometimes,No,Usually,None,4,Always,Yes,None,Always,Always,Sometimes,Always,4,No,4,1,Yes,Usually,Sometimes,Yes,Always,0,Very good,Excellent,Yes,No,Yes,No,35 to 44,Male,4-year college graduate,No,White,No
Plan C,Yes,Never,Yes,Never,10 or more times,2,Always,No,2,Never,Usually,Usually,Never,9,Yes,1 specialist,7,Yes,Sometimes,Never,No,Never,5,Very good,Excellent,No,No,No,No,55 to 64,Female,8th grade or less,Yes,Other,Yes
Plan B,Yes,Sometimes,Yes,Always,2,2,Never,Yes,1 time,Always,Usually,Usually,Sometimes,6,No,2,7,No,Usually,Sometimes,Yes,Always,1,Good,Very good,No,No,No,Yes,25 to 34,Male,More than 4-year college degree,Yes,Black or African American,Yes
Plan B,No,Always,No,Sometimes,1 time,7,Never,Yes,None,Never,Never,Never,Usually,10,No,1 specialist,2,No,Always,Never,Yes,Sometimes,3,Good,Excellent,Yes,No,No,No,35 to 44,Male,Some high school,Yes,American Indian or Alaska Native,No
Plan D,Yes,Always,Yes,Sometimes,5 to 9,1,Sometimes,No,5 to 9,Usually,Always,Never,Always,10,Yes,3,9,Yes,Never,Never,No,Never,7,Good,Excellent,Yes,Yes,Yes,Yes,75 or older,Female,High school graduate or GED,No,American Indian or Alaska Native,No
Plan B,Yes,Never,No,Sometimes,2,9,Usually,No,1 time,Usually,Never,Sometimes,Usually,8,No,2,0,Yes,Always,Always,No,Always,0,Excellent,Excellent,No,Yes,No,No,45 to 54,Female,More than 4-year college degree,Yes,Native Hawaiian or Other Pacific Islander,Yes
Plan B,No,Sometimes,Yes,Always,4,5,Usually,Yes,3,Usually,Usually,Never,Never,2,No,1 specialist,6,Yes,Usually,Never,Yes,Sometimes,0,Good,Fair,No,Yes,No,Yes,18 to 24,Female,Some high school,Yes,Black or African American,Yes
Plan A,Yes,Never,No,Usually,10 or more times,4,Always,Yes,10 or more times,Never,Always,Sometimes,Never,6,Yes,3,7,No,Usually,Never,Yes,Usually,10,Good,Fair,No,Yes,Yes,Yes,75 or older,Male,More than 4-year college degree,No,Black or African American,Yes
Plan D,Yes,Always,No,Never,3,5,Usually,Yes,None,Always,Usually,Never,Sometimes,3,Yes,None,6,No,Usually,Always,Yes,Sometimes,0,Very good,Fair,No,Yes,Yes,Yes,65 to 74,Male,High school graduate or GED,No,Black or African American,No
Plan D,No,Usually,No,Always,None,1,Never,No,10 or more times,Always,Usually,Never,Never,9,Yes,4,8,Yes,Usually,Always,No,Sometimes,5,Good,Poor,No,Yes,Yes,Yes,45 to 54,Female,Some high school,Yes,American Indian or Alaska Native,No
Plan E,Yes,Sometimes,No,Never,4,9,Usually,Yes,1 time,Never,Always,Usually,Never,6,No,None,3,No,Usually,Usually,No,Never,4,Excellent,Good,No,No,Yes,No,65 to 74,Male,More than 4-year college degree,Yes,Native Hawaiian or Other Pacific Islander,No
Plan A,No,Always,Yes,Sometimes,3,5,Sometimes,Yes,None,Never,Always,Sometimes,Sometimes,4,Yes,4,7,No,Always,Sometimes,Yes,Usually,4,Fair,Very good,Yes,No,No,No,65 to 74,Male,More than 4-year college degree,No,White,Yes
Plan A,Yes,Sometimes,No,Always,2,7,Always,Yes,2,Sometimes,Sometimes,Always,Usually,9,Yes,5 or more specialists,7,No,Sometimes,Usually,No,Never,10,Very good,Fair,No,Yes,Yes,No,55 to 64,Female,4-year college graduate,No,Asian,Yes
Plan A,Yes,Sometimes,No,Never,2,7,Always,No,2,Never,Always,Never,Never,5,Yes,5 or more specialists,0,Yes,Sometimes,Never,No,Always,2,Good,Poor,No,No,No,No,45 to 54,Male,Some college or 2-year degree,No,Asian,Yes
Plan C,Yes,Usually,No,Usually,None,10,Always,Yes,5 to 9,Always,Usually,Never,Never,7,Yes,3,6,Yes,Never,Usually,No,Always,10,Poor,Fair,No,No,No,No,18 to 24,Male,4-year college graduate,Yes,Asian,No
Plan E,Yes,Sometimes,No,Usually,None,2,Always,No,3,Sometimes,Sometimes,Usually,Always,0,Yes,2,5,Yes,Never,Usually,No,Sometimes,4,Fair,Poor,No,Yes,No,No,35 to 44,Female,8th grade or less,No,White,No
Plan C,No,Never,No,Sometimes,2,2,Sometimes,Yes,2,Never,Sometimes,Usually,Never,6,No,None,10,Yes,Usually,Never,Yes,Always,8,Fair,Excellent,No,No,No,No,75 or older,Female,High school graduate or GED,Yes,Black or African American,No
Plan B,Yes,Sometimes,No,Always,2,5,Usually,No,3,Sometimes,Always,Never,Sometimes,4,Yes,2,3,No,Sometimes,Usually,Yes,Usually,7,Fair,Excellent,Yes,Yes,Yes,No,25 to 34,Female,High school graduate or GED,No,Other,Yes
Plan B,No,Always,No,Always,None,6,Sometimes,No,4,Never,Sometimes,Usually,Never,4,Yes,None,4,Yes,Sometimes,Never,No,Never,5,Good,Excellent,No,No,Yes,No,75 or older,Female,More than 4-year college degree,Yes,American Indian or Alaska Native,Yes
Plan E,Yes,Always,Yes,Always,5 to 9,2,Usually,Yes,4,Always,Always,Sometimes,Never,10,No,None,6,Yes,Always,Usually,Yes,Always,1,Very good,Good,No,Yes,No,Yes,35 to 44,Female,High school graduate or GED,Yes,Asian,Yes
Plan C,Yes,Never,Yes,Sometimes,4,6,Usually,No,3,Always,Always,Never,Never,1,No,None,9,No,Usually,Never,No,Usually,2,Very good,Very good,No,Yes,Yes,Yes,65 to 74,Male,8th grade or less,Yes,Other,No
Plan C,No,Usually,No,Sometimes,5 to 9,0,Usually,No,10 or more times,Always,Never,Always,Never,1,Yes,1 specialist,9,Yes,Never,Usually,No,Always,7,Good,Excellent,Yes,Yes,No,Yes,75 or older,Male,4-year college graduate,No,White,No
Plan A,No,Sometimes,Yes,Usually,2,5,Always,Yes,4,Always,Usually,Usually,Never,1,Yes,1 specialist,10,Yes,Sometimes,Usually,No,Never,8,Excellent,Poor,Yes,Yes,No,No,75 or older,Female,4-year college graduate,No,White,No
Plan B,Yes,Never,Yes,Sometimes,4,5,Always,Yes,4,Usually,Sometimes,Never,Usually,9,No,None,4,Yes,Usually,Usually,No,Usually,1,Excellent,Excellent,No,No,Yes,No,35 to 44,Female,8th grade or less,No,Other,No
Plan C,Yes,Usually,Yes,Always,2,9,Sometimes,No,2,Always,Always,Usually,Always,1,No,None,1,No,Always,Usually,No,Sometimes,10,Good,Excellent,No,Yes,Yes,No,55 to 64,Female,Some high school,No,Native Hawaiian or Other Pacific Islander,Yes
Plan B,Yes,Always,Yes,Never,3,7,Usually,No,4,Always,Usually,Never,Sometimes,6,Yes,5 or more specialists,7,No,Sometimes,Always,No,Sometimes,3,Excellent,Excellent,No,Yes,No,No,75 or older,Female,Some college or 2-year degree,Yes,Black or African American,Yes
Plan A,No,Always,No,Usually,5 to 9,4,Never,No,10 or more times,Never,Usually,Usually,Never,5,Yes,2,5,No,Sometimes,Never,No,Sometimes,5,Fair,Poor,No,No,No,No,65 to 74,Female,Some high school,Yes,White,Yes
Plan D,No,Sometimes,Yes,Usually,4,5,Always,No,5 to 9,Never,Usually,Never,Sometimes,8,Yes,5 or more specialists,9,Yes,Sometimes,Never,Yes,Never,3,Fair,Good,No,Yes,No,Yes,45 to 54,Female,4-year college graduate,No,Black or African American,No
Plan E,No,Never,Yes,Sometimes,None,8,Sometimes,No,1 time,Sometimes,Never,Sometimes,Never,1,Yes,1 specialist,7,Yes,Sometimes,Never,No,Usually,3,Very good,Fair,Yes,No,Yes,No,35 to 44,Male,More than 4-year college degree,Yes,American Indian or Alaska Native,No
Plan E,No,Usually,No,Sometimes,2,10,Usually,Yes,10 or more times,Sometimes,Always,Sometimes,Never,5,No,5 or more specialists,7,Yes,Usually,Sometimes,No,Sometimes,7,Good,Poor,Yes,Yes,No,No,25 to 34,Female,More than 4-year college degree,No,Black or African American,Yes
Plan A,Yes,Always,Yes,Usually,None,0,Usually,No,10 or more times,Usually,Never,Usually,Sometimes,2,No,1 specialist,8,Yes,Never,Usually,Yes,Always,9,Fair,Poor,No,No,No,No,75 or older,Male,High school graduate or GED,Yes,Other,Yes
Plan D,No,Always,Yes,Usually,5 to 9,3,Usually,No,3,Always,Always,Never,Never,7,Yes,3,9,Yes,Always,Always,No,Never,6,Very good,Very good,No,No,Yes,No,25 to 34,Male,Some college or 2-year degree,No,Black or African American,No
Plan D,No,Always,Yes,Always,None,7,Usually,Yes,4,Always,Sometimes,Sometimes,Sometimes,3,No,3,0,Yes,Usually,Always,No,Sometimes,10,Very good,Excellent,No,No,Yes,Yes,18 to 24,Male,Some high school,Yes,Black or African American,No
Plan C,No,Usually,Yes,Never,None,7,Usually,No,3,Sometimes,Usually,Always,Sometimes,3,No,3,7,Yes,Usually,Always,Yes,Sometimes,4,Good,Fair,No,Yes,Yes,Yes,45 to 54,Female,4-year college graduate,Yes,Other,Yes
Plan C,Yes,Never,No,Sometimes,3,8,Always,Yes,None,Sometimes,Never,Usually,Usually,5,Yes,None,0,No,Always,Sometimes,No,Never,7,Excellent,Excellent,No,Yes,Yes,Yes,18 to 24,Male,Some high school,Yes,Native Hawaiian or Other Pacific Islander,Yes
Plan E,No,Never,Yes,Never,2,1,Usually,No,3,Usually,Sometimes,Never,Always,0,Yes,5 or more specialists,1,No,Usually,Usually,Yes,Usually,1,Poor,Fair,Yes,Yes,Yes,No,35 to 44,Female,Some college or 2-year degree,Yes,White,Yes
Plan C,Yes,Always,No,Never,3,8,Sometimes,No,3,Never,Always,Sometimes,Usually,0,Yes,4,4,Yes,Always,Sometimes,No,Usually,8,Excellent,Poor,Yes,Yes,No,No,65 to 74,Female,4-year college graduate,Yes,White,Yes
Plan B,Yes,Never,Yes,Never,5 to 9,0,Sometimes,No,2,Always,Always,Usually,Sometimes,10,Yes,5 or more specialists,2,Yes,Always,Never,Yes,Usually,2,Good,Poor,Yes,No,Yes,No,75 or older,Male,Some high school,No,Black or African American,Yes
Plan C,Yes,Always,No,Never,5 to 9,4,Always,No,None,Never,Never,Sometimes,Usually,0,No,5 or more specialists,4,Yes,Sometimes,Always,No,Never,1,Excellent,Poor,No,No,Yes,Yes,25 to 34,Male,Some college or 2-year degree,Yes,White,No
Plan D,No,Usually,No,Usually,5 to 9,2,Usually,No,10 or more times,Never,Never,Sometimes,Usually,0,Yes,1 specialist,1,No,Sometimes,Never,No,Always,6,Very good,Excellent,No,Yes,Yes,No,25 to 34,Male,High school graduate or GED,Yes,Native Hawaiian or Other Pacific Islander,Yes
Plan E,No,Always,No,Never,10 or more times,4,Always,Yes,5 to 9,Never,Usually,Always,Always,4,No,1 specialist,3,No,Usually,Always,Yes,Always,1,Fair,Poor,No,No,No,No,35 to 44,Female,Some high school,No,Black or African American,No
Plan A,No,Never,Yes,Always,10 or more times,0,Always,No,4,Never,Never,Never,Usually,10,Yes,4,7,Yes,Sometimes,Usually,Yes,Always,10,Fair,Good,No,Yes,Yes,Yes,35 to 44,Male,4-year college graduate,Yes,American Indian or Alaska Native,No
Plan D,No,Always,No,Usually,None,3,Sometimes,Yes,2,Usually,Always,Never,Never,7,Yes,4,0,Yes,Sometimes,Usually,No,Usually,4,Very good,Very good,Yes,No,No,Yes,35 to 44,Female,4-year college graduate,No,Asian,No
Plan A,Yes,Sometimes,Yes,Never,1 time,5,Always,Yes,4,Usually,Always,Sometimes,Never,10,No,None,9,No,Sometimes,Always,Yes,Sometimes,5,Poor,Excellent,Yes,Yes,No,No,65 to 74,Female,Some high school,No,White,No
Plan E,No,Sometimes,No,Never,None,6,Never,No,4,Sometimes,Usually,Always,Usually,5,Yes,4,8,No,Never,Usually,No,Always,5,Poor,Fair,Yes,Yes,Yes,Yes,55 to 64,Male,8th grade or less,Yes,Asian,Yes
Plan B,No,Always,No,Sometimes,4,2,Sometimes,No,10 or more times,Sometimes,Always,Usually,Sometimes,8,Yes,3,9,Yes,Always,Usually,Yes,Usually,8,Excellent,Poor,Yes,Yes,No,No,18 to 24,Female,Some high school,No,Black or African American,Yes
Plan E,No,Usually,Yes,Never,2,0,Never,No,3,Usually,Usually,Never,Sometimes,7,Yes,None,4,No,Usually,Always,No,Always,7,Fair,Excellent,No,Yes,No,No,45 to 54,Male,4-year college graduate,No,American Indian or Alaska Native,Yes
Plan E,Yes,Never,No,Sometimes,None,0,Never,Yes,4,Usually,Never,Usually,Usually,0,No,5 or more specialists,10,Yes,Never,Usually,No,Sometimes,3,Excellent,Very good,Yes,No,No,No,75 or older,Male,Some college or 2-year degree,No,American Indian or Alaska Native,No
Plan E,Yes,Sometimes,Yes,Never,2,5,Never,Yes,None,Always,Never,Sometimes,Usually,10,Yes,3,2,No,Sometimes,Usually,No,Always,5,Good,Fair,No,Yes,No,Yes,18 to 24,Female,High school graduate or GED,No,Other,Yes
Plan A,No,Usually,Yes,Usually,3,10,Always,Yes,5 to 9,Always,Usually,Always,Never,5,Yes,3,4,No,Sometimes,Always,No,Always,7,Good,Very good,Yes,Yes,No,No,35 to 44,Male,4-year college graduate,No,American Indian or Alaska Native,No
Plan D,Yes,Never,Yes,Sometimes,2,5,Never,No,3,Never,Sometimes,Sometimes,Always,8,Yes,4,2,Yes,Sometimes,Never,No,Always,0,Poor,Very good,No,Yes,Yes,No,25 to 34,Male,Some college or 2-year degree,No,American Indian or Alaska Native,No
Plan B,Yes,Usually,No,Never,10 or more times,8,Sometimes,No,None,Never,Always,Always,Never,4,Yes,2,0,Yes,Usually,Usually,Yes,Sometimes,10,Poor,Poor,Yes,No,Yes,No,45 to 54,Female,Some high school,Yes,American Indian or Alaska Native,Yes
Plan C,Yes,Usually,No,Usually,3,2,Usually,Yes,2,Usually,Always,Always,Usually,10,No,2,5,Yes,Usually,Never,Yes,Always,1,Very good,Excellent,Yes,Yes,Yes,Yes,25 to 34,Female,More than 4-year college degree,No,Black or African American,No
Plan A,No,Sometimes,Yes,Always,1 time,0,Always,No,5 to 9,Never,Never,Never,Sometimes,7,No,None,1,No,Sometimes,Always,Yes,Usually,8,Good,Poor,Yes,No,No,Yes,25 to 34,Male,More than 4-year college degree,No,Black or African American,Yes
Plan B,No,Usually,No,Sometimes,4,9,Never,No,4,Never,Usually,Always,Sometimes,2,Yes,1 specialist,7,No,Usually,Usually,No,Usually,4,Fair,Excellent,Yes,No,No,Yes,18 to 24,Male,4-year college graduate,Yes,Black or African American,Yes
Plan B,No,Always,Yes,Usually,5 to 9,10,Usually,Yes,2,Never,Sometimes,Never,Usually,3,Yes,5 or more specialists,10,Yes,Never,Always,Yes,Sometimes,1,Very good,Good,No,No,Yes,Yes,55 to 64,Male,High school graduate or GED,Yes,Asian,Yes
Plan A,No,Never,No,Usually,3,0,Usually,Yes,None,Always,Sometimes,Always,Usually,2,Yes,5 or more specialists,5,Yes,Never,Always,Yes,Never,3,Poor,Fair,Yes,No,Yes,Yes,25 to 34,Male,8th grade or less,No,White,Yes
Plan C,Yes,Always,No,Usually,1 time,4,Usually,No,3,Always,Sometimes,Always,Never,3,No,None,8,No,Sometimes,Usually,No,Never,1,Good,Excellent,Yes,Yes,No,Yes,45 to 54,Male,8th grade or less,No,Other,Yes
Plan B,No,Usually,Yes,Never,2,1,Never,Yes,10 or more times,Usually,Always,Sometimes,Never,7,Yes,1 specialist,5,Yes,Sometimes,Never,No,Always,5,Good,Very good,No,Yes,No,No,25 to 34,Male,More than 4-year college degree,Yes,American Indian or Alaska Native,Yes
Plan B,No,Sometimes,Yes,Never,None,0,Usually,No,10 or more times,Sometimes,Sometimes,Never,Always,0,No,2,6,Yes,Never,Always,Yes,Usually,7,Fair,Very good,No,Yes,No,Yes,55 to 64,Male,4-year college graduate,Yes,Other,No
Plan C,No,Always,Yes,Sometimes,2,2,Sometimes,Yes,4,Sometimes,Always,Usually,Sometimes,2,No,1 specialist,1,No,Always,Always,No,Sometimes,9,Poor,Poor,No,No,No,Yes,65 to 74,Female,More than 4-year college degree,No,White,Yes
Plan D,No,Always,No,Never,None,6,Sometimes,Yes,10 or more times,Always,Sometimes,Never,Never,7,No,3,5,No,Always,Always,Yes,Sometimes,10,Poor,Very good,Yes,Yes,Yes,Yes,35 to 44,Female,Some college or 2-year degree,No,Other,No
Plan B,No,Never,Yes,Never,4,1,Sometimes,No,1 time,Always,Usually,Usually,Always,4,No,4,6,Yes,Sometimes,Sometimes,Yes,Always,3,Good,Excellent,No,Yes,Yes,Yes,75 or older,Female,High school graduate or GED,No,American Indian or Alaska Native,Yes
Plan A,Yes,Usually,Yes,Never,2,3,Sometimes,Yes,3,Never,Never,Sometimes,Sometimes,7,No,5 or more specialists,7,No,Always,Always,Yes,Never,4,Poor,Very good,Yes,No,Yes,Yes,25 to 34,Female,Some college or 2-year degree,Yes,White,Yes
Plan B,Yes,Sometimes,No,Sometimes,None,8,Always,No,4,Usually,Always,Sometimes,Always,8,No,4,0,No,Always,Usually,Yes,Always,2,Poor,Very good,Yes,No,Yes,Yes,55 to 64,Female,More than 4-year college degree,Yes,Black or African American,No
Plan B,No,Usually,Yes,Never,10 or more times,2,Sometimes,Yes,1 time,Always,Never,Never,Never,8,No,5 or more specialists,4,Yes,Sometimes,Never,Yes,Usually,7,Very good,Poor,No,Yes,No,Yes,45 to 54,Female,More than 4-year college degree,Yes,Other,No
Plan B,Yes,Never,Yes,Sometimes,3,4,Usually,No,4,Always,Always,Sometimes,Sometimes,0,Yes,2,7,No,Always,Always,Yes,Sometimes,7,Good,Poor,Yes,No,Yes,No,25 to 34,Female,More than 4-year college degree,No,Native Hawaiian or Other Pacific Islander,Yes
Plan D,Yes,Always,No,Sometimes,1 time,1,Usually,Yes,3,Never,Sometimes,Sometimes,Always,0,Yes,4,9,Yes,Sometimes,Usually,Yes,Sometimes,3,Good,Fair,No,Yes,Yes,No,25 to 34,Female,4-year college graduate,No,Other,No
Plan A,No,Always,Yes,Never,5 to 9,5,Always,No,10 or more times,Always,Never,Usually,Sometimes,5,Yes,5 or more specialists,1,Yes,Never,Usually,No,Usually,8,Fair,Very good,Yes,No,No,Yes,75 or older,Male,High school graduate or GED,Yes,Black or African American,Yes
Plan A,No,Never,No,Never,2,2,Never,No,10 or more times,Never,Sometimes,Sometimes,Sometimes,0,Yes,2,6,No,Never,Usually,No,Always,1,Fair,Excellent,Yes,Yes,Yes,No,65 to 74,Male,8th grade or less,No,Native Hawaiian or Other Pacific Islander,No
Plan E,No,Usually,No,Always,1 time,8,Never,Yes,3,Usually,Never,Never,Always,4,No,2,5,Yes,Sometimes,Never,No,Always,9,Good,Poor,Yes,Yes,Yes,No,18 to 24,Male,More than 4-year college degree,No,Asian,No
Plan A,No,Always,No,Sometimes,4,9,Usually,No,3,Always,Sometimes,Sometimes,Never,8,No,2,10,No,Sometimes,Sometimes,Yes,Sometimes,2,Poor,Poor,No,No,No,Yes,18 to 24,Female,Some high school,Yes,Black or African American,No
Plan C,No,Always,No,Usually,4,4,Always,No,1 time,Never,Usually,Usually,Always,4,No,4,8,No,Always,Never,Yes,Never,4,Excellent,Very good,Yes,No,No,Yes,35 to 44,Female,Some high school,No,American Indian or Alaska Native,Yes
Plan A,Yes,Usually,Yes,Always,3,8,Usually,No,None,Usually,Usually,Usually,Sometimes,8,Yes,5 or more specialists,9,Yes,Sometimes,Always,No,Always,9,Poor,Very good,Yes,No,Yes,Yes,55 to 64,Female,Some college or 2-year degree,Yes,Native Hawaiian or Other Pacific Islander,No
Plan A,No,Usually,Yes,Never,4,6,Sometimes,Yes,None,Never,Usually,Never,Always,0,Yes,2,5,Yes,Usually,Always,No,Never,9,Good,Very good,No,No,Yes,Yes,75 or older,Female,8th grade or less,Yes,American Indian or Alaska Native,Yes
Plan C,Yes,Usually,Yes,Usually,2,6,Never,No,3,Usually,Usually,Usually,Sometimes,8,No,None,7,No,Never,Never,No,Sometimes,4,Excellent,Poor,No,No,No,Yes,25 to 34,Male,8th grade or less,No,American Indian or Alaska Native,No
Plan A,Yes,Always,No,Never,5 to 9,4,Sometimes,No,2,Always,Never,Usually,Usually,1,Yes,3,9,Yes,Always,Always,Yes,Always,5,Excellent,Fair,Yes,Yes,Yes,No,55 to 64,Male,More than 4-year college degree,Yes,Asian,Yes
Plan A,No,Usually,No,Always,None,10,Never,Yes,3,Sometimes,Sometimes,Never,Sometimes,3,No,3,7,Yes,Usually,Sometimes,Yes,Usually,8,Excellent,Excellent,Yes,Yes,Yes,No,35 to 44,Female,Some high school,Yes,Asian,No
Plan E,No,Usually,Yes,Never,5 to 9,3,Sometimes,Yes,4,Sometimes,Usually,Never,Sometimes,8,No,3,5,Yes,Usually,Never,Yes,Never,4,Very good,Good,No,No,No,Yes,45 to 54,Male,High school graduate or GED,No,Native Hawaiian or Other Pacific Islander,No
Plan B,Yes,Never,No,Never,None,0,Never,No,None,Usually,Sometimes,Usually,Usually,8,No,1 specialist,8,Yes,Always,Sometimes,Yes,Always,5,Excellent,Fair,Yes,No,Yes,Yes,35 to 44,Male,More than 4-year college degree,No,White,No
Plan E,No,Never,No,Never,2,9,Usually,No,2,Always,Usually,Usually,Sometimes,6,Yes,2,1,No,Usually,Always,Yes,Never,7,Poor,Excellent,No,Yes,No,Yes,35 to 44,Male,8th grade or less,No,Native Hawaiian or Other Pacific Islander,Yes
Plan D,Yes,Never,No,Never,2,9,Sometimes,No,3,Sometimes,Sometimes,Never,Sometimes,2,Yes,4,3,Yes,Usually,Always,No,Sometimes,0,Very good,Excellent,Yes,No,No,Yes,75 or older,Female,Some high school,Yes,Other,No
Plan E,No,Never,No,Always,5 to 9,8,Sometimes,No,2,Never,Never,Usually,Never,10,No,None,10,No,Sometimes,Never,No,Usually,6,Fair,Very good,Yes,No,Yes,No,75 or older,Female,More than 4-year college degree,No,Black or African American,No
Plan E,No,Always,Yes,Sometimes,3,8,Usually,Yes,None,Sometimes,Usually,Usually,Always,7,Yes,1 specialist,4,No,Sometimes,Never,Yes,Always,7,Good,Fair,Yes,Yes,No,Yes,55 to 64,Male,Some high school,Yes,Other,No
Plan D,Yes,Sometimes,Yes,Never,10 or more times,9,Never,Yes,4,Never,Usually,Usually,Usually,10,No,5 or more specialists,7,No,Never,Usually,No,Always,3,Good,Poor,No,Yes,No,Yes,18 to 24,Male,8th grade or less,Yes,Native Hawaiian or Other Pacific Islander,Yes
Plan C,No,Sometimes,No,Always,3,3,Sometimes,Yes,None,Usually,Never,Never,Always,8,Yes,None,6,No,Sometimes,Never,Yes,Never,4,Fair,Excellent,No,Yes,No,No,45 to 54,Female,Some high school,No,American Indian or Alaska Native,No
Plan E,Yes,Never,Yes,Usually,1 time,4,Always,Yes,5 to 9,Always,Sometimes,Usually,Always,10,Yes,4,8,No,Never,Never,Yes,Usually,5,Good,Poor,Yes,No,Yes,Yes,18 to 24,Female,8th grade or less,Yes,Other,No
Plan B,No,Never,Yes,Sometimes,10 or more times,8,Never,Yes,10 or more times,Never,Usually,Always,Always,5,No,3,2,No,Sometimes,Usually,Yes,Usually,2,Poor,Fair,No,Yes,No,Yes,18 to 24,Male,Some high school,No,Other,Yes
Plan D,No,Usually,No,Never,10 or more times,3,Sometimes,No,1 time,Usually,Never,Never,Usually,7,No,None,4,No,Always,Usually,Yes,Never,9,Poor,Good,Yes,No,No,Yes,65 to 74,Male,Some high school,No,White,No
Plan B,Yes,Sometimes,No,Sometimes,2,3,Always,No,4,Always,Sometimes,Usually,Sometimes,1,Yes,2,2,No,Never,Sometimes,No,Never,2,Very good,Excellent,Yes,Yes,No,No,75 or older,Female,Some college or 2-year degree,No,American Indian or Alaska Native,No
Plan B,No,Sometimes,No,Always,None,8,Always,No,2,Always,Sometimes,Always,Sometimes,6,Yes,None,1,No,Sometimes,Usually,Yes,Sometimes,10,Very good,Fair,No,Yes,Yes,No,35 to 44,Female,More than 4-year college degree,Yes,Black or African American,Yes
Plan A,Yes,Always,Yes,Never,10 or more times,10,Sometimes,No,3,Never,Usually,Sometimes,Sometimes,9,Yes,5 or more specialists,3,No,Sometimes,Always,No,Sometimes,7,Excellent,Excellent,No,Yes,No,Yes,65 to 74,Male,High school graduate or GED,Yes,White,Yes
Plan A,No,Sometimes,Yes,Never,None,7,Always,Yes,1 time,Sometimes,Sometimes,Never,Never,9,No,4,1,Yes,Usually,Always,No,Usually,2,Excellent,Fair,No,Yes,Yes,Yes,65 to 74,Female,Some college or 2-year degree,Yes,Asian,No
Plan C,Yes,Always,No,Usually,None,4,Always,No,4,Usually,Usually,Always,Never,3,Yes,4,4,Yes,Always,Never,No,Always,6,Excellent,Poor,No,Yes,Yes,No,18 to 24,Male,More than 4-year college degree,No,Black or African American,No
Plan A,No,Usually,No,Never,None,6,Sometimes,No,None,Never,Sometimes,Always,Usually,5,No,1 specialist,9,No,Usually,Usually,Yes,Sometimes,0,Good,Fair,Yes,Yes,Yes,No,75 or older,Female,Some high school,Yes,Asian,No
Plan B,No,Always,Yes,Always,4,8,Sometimes,Yes,10 or more times,Usually,Always,Usually,Never,7,Yes,1 specialist,5,Yes,Sometimes,Sometimes,Yes,Never,3,Poor,Very good,Yes,Yes,Yes,No,18 to 24,Female,Some college or 2-year degree,No,Other,No
Plan A,No,Sometimes,No,Never,1 time,3,Never,Yes,None,Always,Never,Never,Usually,0,No,5 or more specialists,3,No,Always,Never,No,Always,7,Good,Excellent,Yes,No,Yes,Yes,45 to 54,Male,8th grade or less,Yes,Black or African American,No
Plan B,No,Usually,No,Always,5 to 9,2,Usually,Yes,10 or more times,Never,Never,Always,Usually,3,Yes,1 specialist,3,Yes,Usually,Never,No,Sometimes,0,Good,Very good,Yes,No,No,No,45 to 54,Female,4-year college graduate,Yes,Black or African American,Yes
Plan C,Yes,Never,Yes,Usually,10 or more times,4,Always,Yes,4,Usually,Sometimes,Never,Sometimes,2,Yes,5 or more specialists,2,No,Sometimes,Always,Yes,Sometimes,2,Good,Poor,No,Yes,No,Yes,55 to 64,Female,8th grade or less,Yes,Asian,No
Plan E,No,Usually,Yes,Usually,None,7,Always,Yes,2,Sometimes,Usually,Always,Never,1,No,5 or more specialists,10,No,Usually,Usually,Yes,Never,6,Very good,Good,Yes,Yes,Yes,No,65 to 74,Female,Some high school,Yes,Black or African American,Yes
Plan B,Yes,Never,Yes,Always,5 to 9,4,Never,No,None,Always,Never,Usually,Usually,7,No,3,8,No,Always,Never,No,Never,3,Fair,Fair,Yes,No,Yes,No,45 to 54,Female,Some high school,No,Native Hawaiian or Other Pacific Islander,Yes
Plan A,No,Always,Yes,Always,5 to 9,0,Sometimes,Yes,1 time,Never,Usually,Always,Usually,4,Yes,2,6,Yes,Always,Always,No,Usually,6,Excellent,Fair,No,No,Yes,Yes,65 to 74,Female,4-year college graduate,Yes,Asian,No
Plan A,No,Always,No,Always,2,9,Sometimes,No,1 time,Usually,Always,Never,Usually,2,Yes,1 specialist,3,Yes,Usually,Usually,No,Always,8,Fair,Poor,No,Yes,No,Yes,45 to 54,Male,4-year college graduate,Yes,Native Hawaiian or Other Pacific Islander,Yes
Plan C,Yes,Never,Yes,Sometimes,4,1,Sometimes,Yes,2,Always,Always,Never,Sometimes,1,Yes,1 specialist,9,Yes,Sometimes,Always,Yes,Usually,10,Good,Fair,No,No,No,Yes,55 to 64,Male,Some college or 2-year degree,Yes,Native Hawaiian or Other Pacific Islander,Yes
Plan D,No,Always,Yes,Always,10 or more times,10,Never,No,None,Always,Usually,Never,Always,8,Yes,2,0,Yes,Sometimes,Always,Yes,Sometimes,3,Poor,Poor,Yes,No,No,Yes,25 to 34,Male,More than 4-year college degree,No,Asian,Yes
Plan C,Yes,Usually,No,Never,4,9,Never,No,5 to 9,Sometimes,Usually,Always,Usually,2,Yes,2,5,No,Never,Usually,No,Always,0,Very good,Poor,Yes,No,Yes,Yes,35 to 44,Female,Some high school,Yes,Native Hawaiian or Other Pacific Islander,Yes
Plan E,No,Usually,No,Never,5 to 9,2,Usually,No,4,Usually,Usually,Usually,Always,9,Yes,None,8,No,Never,Always,Yes,Sometimes,6,Good,Very good,No,Yes,Yes,Yes,75 or older,Female,Some college or 2-year degree,Yes,White,No
Plan A,No,Never,No,Always,None,7,Usually,Yes,1 time,Sometimes,Always,Always,Usually,7,No,1 specialist,0,No,Usually,Never,No,Never,1,Poor,Very good,Yes,Yes,No,No,45 to 54,Female,Some college or 2-year degree,Yes,Native Hawaiian or Other Pacific Islander,No
Plan A,No,Usually,Yes,Usually,2,5,Always,Yes,5 to 9,Never,Usually,Usually,Sometimes,9,Yes,None,1,No,Always,Sometimes,No,Never,4,Good,Good,Yes,Yes,No,No,55 to 64,Female,8th grade or less,No,Other,No
Plan D,No,Never,Yes,Always,5 to 9,5,Always,Yes,5 to 9,Always,Sometimes,Never,Sometimes,3,No,None,3,Yes,Always,Never,No,Never,1,Good,Very good,Yes,Yes,Yes,No,45 to 54,Male,Some high school,No,Black or African American,Yes
Plan E,Yes,Usually,Yes,Sometimes,5 to 9,0,Usually,Yes,4,Never,Always,Sometimes,Never,0,No,2,2,No,Usually,Sometimes,No,Never,8,Excellent,Poor,No,No,No,Yes,65 to 74,Male,More than 4-year college degree,Yes,Native Hawaiian or Other Pacific Islander,No
Plan C,No,Always,No,Always,4,4,Never,Yes,1 time,Sometimes,Sometimes,Never,Usually,1,Yes,1 specialist,6,Yes,Usually,Sometimes,No,Never,5,Excellent,Good,No,No,Yes,Yes,25 to 34,Female,Some high school,Yes,Black or African American,Yes
Plan B,No,Never,Yes,Always,3,6,Sometimes,Yes,10 or more times,Never,Never,Always,Usually,3,Yes,None,0,No,Usually,Never,No,Sometimes,2,Poor,Fair,No,Yes,No,No,65 to 74,Male,More than 4-year college degree,No,American Indian or Alaska Native,Yes
Plan D,Yes,Sometimes,Yes,Always,5 to 9,2,Never,Yes,1 time,Usually,Usually,Usually,Usually,7,No,None,6,No,Usually,Sometimes,No,Usually,0,Very good,Very good,No,No,No,No,55 to 64,Male,More than 4-year college degree,No,White,No
Plan E,Yes,Never,No,Usually,2,2,Never,Yes,None,Sometimes,Always,Always,Sometimes,6,Yes,2,0,Yes,Never,Never,No,Sometimes,0,Fair,Very good,No,Yes,Yes,Yes,75 or older,Male,Some college or 2-year degree,No,Native Hawaiian or Other Pacific Islander,No
Plan D,Yes,Always,Yes,Usually,3,2,Never,No,2,Sometimes,Never,Sometimes,Usually,7,No,4,4,No,Always,Always,No,Always,9,Good,Very good,Yes,No,No,No,45 to 54,Male,Some college or 2-year degree,Yes,Asian,No
Plan E,No,Sometimes,Yes,Always,None,0,Usually,No,5 to 9,Usually,Usually,Always,Sometimes,10,Yes,4,4,Yes,Always,Usually,Yes,Sometimes,2,Good,Very good,Yes,Yes,No,No,25 to 34,Male,8th grade or less,No,White,Yes
Plan C,Yes,Sometimes,No,Usually,10 or more times,4,Sometimes,Yes,2,Always,Usually,Never,Always,10,Yes,3,1,No,Sometimes,Never,No,Sometimes,1,Very good,Excellent,Yes,No,Yes,Yes,65 to 74,Male,4-year college graduate,Yes,White,No
Plan B,No,Never,Yes,Always,3,3,Usually,No,4,Never,Usually,Sometimes,Always,10,No,5 or more specialists,4,Yes,Always,Always,Yes,Usually,0,Poor,Very good,Yes,Yes,No,Yes,65 to 74,Female,Some high school,Yes,Native Hawaiian or Other Pacific Islander,No
Plan E,Yes,Never,Yes,Never,4,0,Sometimes,No,5 to 9,Sometimes,Sometimes,Never,Never,1,No,None,10,No,Always,Usually,Yes,Never,6,Poor,Poor,No,Yes,Yes,Yes,75 or older,Male,Some high school,Yes,Black or African American,No
Plan D,No,Always,No,Sometimes,3,2,Always,Yes,1 time,Always,Usually,Always,Sometimes,7,Yes,2,10,No,Always,Never,Yes,Always,9,Excellent,Very good,Yes,No,No,No,45 to 54,Female,High school graduate or GED,Yes,Asian,No
Plan B,No,Sometimes,Yes,Sometimes,4,2,Never,No,4,Usually,Usually,Usually,Sometimes,5,Yes,None,3,No,Always,Never,No,Always,9,Fair,Very good,Yes,Yes,No,No,55 to 64,Male,8th grade or less,Yes,Other,No
Plan D,Yes,Always,Yes,Usually,5 to 9,6,Usually,No,4,Never,Always,Never,Always,4,No,5 or more specialists,8,No,Usually,Sometimes,Yes,Always,7,Fair,Excellent,Yes,Yes,No,Yes,75 or older,Female,Some high school,No,Asian,No
Plan B,Yes,Sometimes,Yes,Usually,3,5,Always,Yes,3,Sometimes,Always,Sometimes,Always,9,No,4,1,Yes,Sometimes,Sometimes,Yes,Sometimes,6,Very good,Poor,Yes,Yes,Yes,No,18 to 24,Female,Some college or 2-year degree,No,Asian,No
Plan C,Yes,Usually,Yes,Sometimes,10 or more times,3,Always,No,10 or more times,Usually,Sometimes,Never,Usually,5,Yes,3,7,No,Usually,Sometimes,Yes,Sometimes,6,Good,Very good,No,No,Yes,No,55 to 64,Female,4-year college graduate,No,White,Yes
Plan D,No,Sometimes,No,Always,3,0,Sometimes,Yes,5 to 9,Sometimes,Never,Never,Never,4,Yes,5 or more specialists,9,Yes,Never,Never,No,Always,10,Very good,Fair,No,No,Yes,Yes,75 or older,Female,4-year college graduate,Yes,Native Hawaiian or Other Pacific Islander,Yes
Plan A,Yes,Usually,No,Sometimes,1 time,10,Usually,Yes,None,Never,Usually,Never,Never,7,Yes,5 or more specialists,0,Yes,Usually,Sometimes,No,Usually,7,Good,Poor,No,Yes,No,Yes,65 to 74,Male,Some high school,No,Other,No
Plan A,Yes,Usually,Yes,Sometimes,4,4,Never,Yes,5 to 9,Always,Sometimes,Never,Never,8,Yes,1 specialist,4,No,Sometimes,Usually,No,Always,6,Poor,Excellent,No,No,Yes,No,65 to 74,Female,Some college or 2-year degree,Yes,Native Hawaiian or Other Pacific Islander,Yes
Plan B,Yes,Usually,No,Never,4,1,Never,Yes,10 or more times,Always,Always,Usually,Sometimes,0,No,1 specialist,9,Yes,Never,Always,Yes,Never,10,Fair,Poor,No,No,Yes,No,45 to 54,Female,More than 4-year college degree,No,White,No
Plan C,No,Sometimes,Yes,Usually,2,4,Sometimes,Yes,1 time,Never,Sometimes,Usually,Never,7,No,2,9,Yes,Never,Sometimes,No,Always,5,Fair,Good,Yes,Yes,Yes,No,45 to 54,Female,More than 4-year college degree,No,White,No
Plan B,Yes,Sometimes,Yes,Usually,4,9,Sometimes,Yes,3,Sometimes,Always,Usually,Sometimes,5,Yes,None,1,Yes,Always,Usually,No,Sometimes,4,Very good,Excellent,Yes,Yes,Yes,No,55 to 64,Female,4-year college graduate,Yes,Black or African American,Yes
Plan A,No,Always,Yes,Always,10 or more times,7,Usually,No,1 time,Never,Always,Usually,Sometimes,9,Yes,1 specialist,1,No,Sometimes,Never,No,Always,1,Good,Fair,Yes,No,No,No,75 or older,Female,4-year college graduate,No,Native Hawaiian or Other Pacific Islander,No
Plan B,Yes,Sometimes,Yes,Always,4,10,Never,Yes,4,Never,Never,Always,Never,3,Yes,3,2,Yes,Usually,Sometimes,Yes,Usually,5,Very good,Excellent,Yes,Yes,No,Yes,75 or older,Female,4-year college graduate,Yes,American Indian or Alaska Native,Yes
Plan E,No,Never,No,Usually,1 time,9,Always,Yes,4,Usually,Never,Usually,Always,8,Yes,1 specialist,10,No,Usually,Never,Yes,Usually,6,Poor,Fair,Yes,Yes,No,No,45 to 54,Male,Some high school,No,American Indian or Alaska Native,Yes
Plan E,Yes,Never,Yes,Usually,3,10,Always,No,1 time,Usually,Sometimes,Never,Never,10,Yes,3,5,Yes,Always,Sometimes,Yes,Always,7,Very good,Poor,No,No,No,Yes,75 or older,Male,More than 4-year college degree,Yes,Black or African American,No
Plan D,Yes,Usually,Yes,Sometimes,5 to 9,8,Never,Yes,2,Usually,Sometimes,Always,Usually,6,Yes,1 specialist,1,Yes,Sometimes,Never,No,Always,7,Poor,Good,Yes,No,No,Yes,75 or older,Female,4-year college graduate,Yes,Native Hawaiian or Other Pacific Islander,Yes
Plan C,Yes,Always,No,Usually,4,8,Always,No,2,Always,Never,Always,Always,8,No,4,1,No,Always,Usually,Yes,Always,2,Poor,Good,No,No,No,Yes,25 to 34,Female,Some high school,No,American Indian or Alaska Native,No
Plan B,Yes,Sometimes,No,Sometimes,5 to 9,3,Sometimes,No,3,Always,Always,Sometimes,Never,10,Yes,4,0,Yes,Sometimes,Always,No,Never,10,Poor,Excellent,Yes,No,Yes,Yes,45 to 54,Male,More than 4-year college degree,Yes,Other,No
Plan A,No,Always,Yes,Usually,3,10,Always,No,1 time,Sometimes,Sometimes,Sometimes,Usually,8,Yes,None,7,Yes,Always,Never,No,Sometimes,8,Good,Good,Yes,Yes,Yes,Yes,35 to 44,Male,4-year college graduate,Yes,Other,No
Plan D,Yes,Usually,Yes,Never,2,10,Always,No,2,Sometimes,Usually,Usually,Always,10,No,3,5,No,Never,Never,Yes,Never,9,Excellent,Fair,No,Yes,No,No,45 to 54,Male,More than 4-year college degree,No,Native Hawaiian or Other Pacific Islander,Yes
Plan D,No,Usually,Yes,Sometimes,None,6,Never,No,1 time,Always,Sometimes,Always,Never,0,Yes,4,10,Yes,Never,Usually,No,Sometimes,0,Fair,Poor,Yes,Yes,Yes,Yes,75 or older,Male,4-year college graduate,No,American Indian or Alaska Native,Yes
Plan E,Yes,Never,Yes,Always,2,4,Usually,Yes,None,Usually,Never,Sometimes,Never,2,Yes,1 specialist,5,Yes,Always,Never,Yes,Never,1,Excellent,Poor,Yes,No,Yes,Yes,35 to 44,Female,Some high school,No,White,No
Plan C,Yes,Never,Yes,Usually,10 or more times,1,Usually,Yes,1 time,Never,Sometimes,Always,Always,0,No,1 specialist,5,Yes,Sometimes,Never,Yes,Usually,10,Good,Fair,Yes,Yes,Yes,Yes,35 to 44,Male,4-year college graduate,Yes,Asian,No
Plan A,No,Sometimes,Yes,Sometimes,None,0,Always,Yes,3,Always,Never,Sometimes,Always,9,Yes,5 or more specialists,8,Yes,Sometimes,Usually,Yes,Never,1,Poor,Very good,No,No,No,No,25 to 34,Female,8th grade or less,No,American Indian or Alaska Native,Yes
Plan A,Yes,Usually,Yes,Sometimes,None,5,Sometimes,No,1 time,Usually,Sometimes,Sometimes,Sometimes,3,Yes,4,5,Yes,Sometimes,Sometimes,Yes,Usually,0,Very good,Very good,Yes,Yes,Yes,No,35 to 44,Male,Some high school,No,Asian,Yes
Plan C,Yes,Never,No,Never,5 to 9,5,Always,Yes,1 time,Always,Always,Always,Usually,4,No,5 or more specialists,9,Yes,Sometimes,Never,No,Usually,5,Excellent,Poor,Yes,No,Yes,Yes,55 to 64,Male,High school graduate or GED,No,Asian,Yes
Plan E,Yes,Sometimes,Yes,Sometimes,2,9,Never,Yes,2,Sometimes,Usually,Always,Always,0,No,3,7,Yes,Usually,Usually,Yes,Usually,4,Very good,Excellent,No,No,Yes,No,75 or older,Male,Some college or 2-year degree,No,Native Hawaiian or Other Pacific Islander,No
Plan C,No,Sometimes,No,Always,1 time,2,Sometimes,Yes,2,Always,Usually,Never,Usually,8,No,1 specialist,3,No,Never,Always,Yes,Sometimes,9,Very good,Fair,No,Yes,Yes,No,55 to 64,Female,Some college or 2-year degree,Yes,Asian,No
Plan B,Yes,Usually,No,Usually,3,3,Never,No,2,Never,Never,Sometimes,Usually,8,No,1 specialist,7,Yes,Always,Never,Yes,Always,0,Poor,Excellent,Yes,No,No,No,65 to 74,Male,Some high school,No,Black or African American,Yes
Plan A,No,Never,Yes,Usually,2,1,Sometimes,No,3,Sometimes,Always,Sometimes,Usually,0,No,5 or more specialists,5,Yes,Sometimes,Usually,Yes,Always,7,Good,Excellent,Yes,No,No,No,65 to 74,Male,4-year college graduate,Yes,Black or African American,Yes
Plan A,Yes,Usually,Yes,Sometimes,4,9,Sometimes,Yes,4,Usually,Sometimes,Always,Usually,8,No,5 or more specialists,9,Yes,Sometimes,Usually,No,Never,10,Fair,Good,Yes,Yes,No,Yes,65 to 74,Female,Some high school,No,American Indian or Alaska Native,No
Plan B,Yes,Always,Yes,Never,4,7,Sometimes,Yes,3,Usually,Sometimes,Always,Usually,5,Yes,1 specialist,2,No,Usually,Always,Yes,Sometimes,3,Fair,Poor,No,Yes,No,No,75 or older,Female,Some college or 2-year degree,No,American Indian or Alaska Native,No
Plan B,No,Never,Yes,Never,5 to 9,8,Usually,Yes,None,Never,Always,Never,Never,4,Yes,3,9,Yes,Always,Always,Yes,Sometimes,4,Very good,Good,No,Yes,Yes,Yes,25 to 34,Female,High school graduate or GED,No,Native Hawaiian or Other Pacific Islander,Yes
Plan A,Yes,Never,No,Never,10 or more times,4,Usually,Yes,2,Always,Usually,Always,Never,8,No,1 specialist,1,No,Sometimes,Sometimes,Yes,Sometimes,2,Poor,Fair,Yes,No,Yes,No,25 to 34,Male,4-year college graduate,Yes,White,No
Plan E,Yes,Never,Yes,Sometimes,5 to 9,3,Never,No,1 time,Never,Sometimes,Never,Sometimes,6,No,1 specialist,8,Yes,Always,Always,No,Never,3,Good,Fair,No,Yes,No,Yes,18 to 24,Male,High school graduate or GED,Yes,Asian,Yes
Plan E,Yes,Usually,No,Always,1 time,9,Always,No,3,Always,Usually,Sometimes,Sometimes,1,Yes,4,9,Yes,Usually,Usually,Yes,Always,3,Poor,Poor,No,No,Yes,Yes,65 to 74,Female,8th grade or less,No,Other,No
Plan C,No,Never,Yes,Usually,4,1,Always,Yes,5 to 9,Usually,Never,Always,Sometimes,3,No,5 or more specialists,5,No,Never,Never,No,Sometimes,4,Fair,Excellent,Yes,No,No,No,65 to 74,Male,More than 4-year college degree,Yes,American Indian or Alaska Native,Yes
Plan A,Yes,Sometimes,No,Always,4,0,Never,Yes,2,Always,Never,Sometimes,Always,4,No,5 or more specialists,8,No,Usually,Always,No,Never,1,Fair,Fair,Yes,No,Yes,No,25 to 34,Female,More than 4-year college degree,Yes,White,No
Plan C,No,Never,No,Sometimes,4,10,Sometimes,No,4,Never,Sometimes,Usually,Sometimes,5,No,2,4,Yes,Always,Usually,No,Sometimes,6,Very good,Poor,Yes,No,Yes,Yes,35 to 44,Male,High school graduate or GED,No,Black or African American,Yes
Plan C,No,Sometimes,No,Usually,4,5,Always,No,5 to 9,Usually,Sometimes,Sometimes,Usually,1,No,4,9,Yes,Never,Usually,Yes,Sometimes,8,Poor,Good,Yes,Yes,No,No,35 to 44,Male,Some high school,No,Black or African American,Yes
Plan D,Yes,Usually,Yes,Sometimes,5 to 9,10,Usually,No,5 to 9,Always,Always,Always,Always,3,No,3,6,Yes,Sometimes,Sometimes,No,Sometimes,7,Poor,Excellent,Yes,Yes,Yes,Yes,75 or older,Female,8th grade or less,No,White,No
Plan C,No,Always,No,Usually,4,9,Usually,No,None,Usually,Always,Never,Usually,2,Yes,3,7,No,Sometimes,Sometimes,No,Usually,3,Excellent,Poor,Yes,Yes,No,No,55 to 64,Male,8th grade or less,Yes,Black or African American,Yes
Plan E,No,Usually,No,Sometimes,2,9,Usually,Yes,3,Sometimes,Never,Always,Usually,7,No,4,8,Yes,Always,Sometimes,No,Always,7,Very good,Good,No,Yes,Yes,No,18 to 24,Male,8th grade or less,No,American Indian or Alaska Native,No
Plan B,No,Sometimes,No,Sometimes,3,6,Sometimes,No,10 or more times,Usually,Usually,Sometimes,Usually,1,No,5 or more specialists,5,Yes,Never,Always,No,Always,5,Fair,Poor,Yes,No,Yes,No,35 to 44,Male,Some high school,Yes,Asian,No
Plan A,Yes,Always,Yes,Sometimes,3,1,Usually,No,5 to 9,Never,Never,Usually,Usually,9,No,1 specialist,9,Yes,Sometimes,Never,Yes,Always,10,Fair,Good,Yes,Yes,No,Yes,35 to 44,Male,More than 4-year college degree,No,American Indian or Alaska Native,No
Plan D,Yes,Never,Yes,Always,3,1,Usually,Yes,None,Never,Always,Never,Always,0,No,3,6,Yes,Always,Sometimes,No,Usually,0,Poor,Poor,No,Yes,Yes,Yes,45 to 54,Female,4-year college graduate,Yes,Native Hawaiian or Other Pacific Islander,No
Plan A,Yes,Sometimes,Yes,Usually,1 time,4,Sometimes,No,1 time,Always,Always,Usually,Sometimes,1,No,3,7,Yes,Always,Never,Yes,Sometimes,4,Very good,Very good,Yes,Yes,No,No,75 or older,Female,Some high school,No,Other,No
Plan B,Yes,Usually,Yes,Usually,1 time,8,Usually,No,10 or more times,Usually,Usually,Usually,Sometimes,7,No,None,8,Yes,Always,Never,No,Always,2,Good,Good,No,No,Yes,No,45 to 54,Male,Some high school,No,Native Hawaiian or Other Pacific Islander,No
Plan D,Yes,Never,Yes,Never,1 time,3,Sometimes,Yes,2,Never,Never,Usually,Never,7,Yes,1 specialist,5,No,Sometimes,Usually,No,Never,4,Excellent,Good,No,Yes,No,Yes,55 to 64,Female,8th grade or less,No,Black or African American,Yes
Plan C,Yes,Usually,No,Usually,3,0,Never,No,10 or more times,Always,Never,Sometimes,Usually,7,No,3,5,No,Usually,Sometimes,Yes,Never,8,Very good,Very good,Yes,No,Yes,No,65 to 74,Female,Some college or 2-year degree,Yes,Other,Yes
Plan D,No,Always,No,Always,4,10,Never,Yes,2,Always,Never,Sometimes,Never,3,Yes,4,5,No,Sometimes,Never,Yes,Usually,0,Good,Very good,No,Yes,Yes,No,35 to 44,Female,Some high school,No,White,No
Plan A,No,Never,No,Never,4,1,Usually,Yes,10 or more times,Never,Usually,Never,Never,0,Yes,5 or more specialists,10,Yes,Sometimes,Sometimes,No,Usually,3,Very good,Poor,No,Yes,Yes,Yes,25 to 34,Male,Some college or 2-year degree,No,White,Yes
Plan D,Yes,Sometimes,No,Never,3,3,Sometimes,Yes,10 or more times,Always,Always,Never,Always,9,No,None,3,No,Sometimes,Sometimes,No,Never,5,Good,Excellent,No,No,Yes,Yes,55 to 64,Female,High school graduate or GED,Yes,Other,No
Plan C,Yes,Sometimes,Yes,Sometimes,4,7,Sometimes,Yes,10 or more times,Always,Sometimes,Always,Always,3,Yes,4,0,Yes,Sometimes,Never,No,Sometimes,0,Very good,Very good,No,Yes,Yes,Yes,45 to 54,Female,More than 4-year college degree,No,Black or African American,Yes
Plan B,Yes,Always,Yes,Always,1 time,6,Usually,No,None,Always,Always,Usually,Usually,4,No,5 or more specialists,3,No,Sometimes,Always,No,Usually,8,Fair,Very good,Yes,No,Yes,Yes,75 or older,Female,Some high school,Yes,Black or African American,Yes
Plan B,Yes,Sometimes,No,Sometimes,2,8,Always,No,2,Usually,Usually,Usually,Sometimes,8,No,None,1,Yes,Never,Usually,No,Always,6,Very good,Poor,No,No,No,Yes,35 to 44,Female,Some college or 2-year degree,Yes,Other,No
Plan C,Yes,Usually,No,Sometimes,4,6,Usually,Yes,2,Always,Never,Always,Usually,10,Yes,None,4,Yes,Always,Always,Yes,Sometimes,9,Very good,Very good,Yes,No,No,Yes,45 to 54,Female,4-year college graduate,Yes,White,Yes
Plan B,Yes,Sometimes,No,Never,None,1,Always,No,None,Usually,Sometimes,Always,Never,0,No,4,2,No,Never,Never,Yes,Always,8,Poor,Poor,No,No,Yes,Yes,55 to 64,Male,High school graduate or GED,No,Other,No
Plan D,Yes,Never,No,Always,None,8,Never,Yes,1 time,Usually,Always,Never,Never,9,Yes,3,4,No,Always,Usually,Yes,Sometimes,1,Fair,Good,No,No,No,No,18 to 24,Male,Some high school,No,Native Hawaiian or Other Pacific Islander,No
Plan E,No,Always,No,Always,4,2,Never,Yes,2,Always,Never,Never,Usually,1,No,2,5,Yes,Usually,Never,Yes,Never,1,Good,Excellent,No,No,No,No,75 or older,Female,High school graduate or GED,Yes,Other,Yes
Plan C,Yes,Always,No,Never,3,7,Sometimes,Yes,1 time,Usually,Sometimes,Sometimes,Usually,4,No,2,3,No,Sometimes,Never,No,Sometimes,2,Excellent,Poor,No,No,No,Yes,55 to 64,Male,Some high school,No,Other,No
Plan E,No,Always,No,Never,2,1,Always,No,5 to 9,Never,Never,Never,Never,6,Yes,5 or more specialists,3,No,Never,Usually,No,Never,8,Fair,Fair,Yes,No,No,No,75 or older,Male,4-year college graduate,No,Native Hawaiian or Other Pacific Islander,Yes
Plan C,Yes,Usually,No,Never,4,10,Usually,Yes,3,Always,Usually,Usually,Usually,9,Yes,4,9,Yes,Usually,Usually,No,Usually,0,Good,Fair,No,No,Yes,No,45 to 54,Female,More than 4-year college degree,Yes,American Indian or Alaska Native,Yes
Plan A,No,Sometimes,No,Always,2,8,Usually,Yes,4,Never,Sometimes,Always,Always,3,No,3,10,No,Always,Sometimes,Yes,Always,0,Poor,Poor,No,Yes,No,Yes,45 to 54,Male,More than 4-year college degree,Yes,Other,No
Plan D,Yes,Always,Yes,Never,None,7,Always,Yes,None,Never,Usually,Usually,Always,6,No,2,10,Yes,Never,Usually,Yes,Never,0,Poor,Poor,No,Yes,Yes,Yes,45 to 54,Female,More than 4-year college degree,No,Other,No
Plan B,Yes,Usually,Yes,Sometimes,5 to 9,5,Never,No,10 or more times,Sometimes,Always,Always,Always,5,No,2,8,No,Never,Usually,Yes,Never,7,Excellent,Good,Yes,No,Yes,Yes,55 to 64,Male,8th grade or less,No,Black or African American,Yes
Plan B,No,Always,No,Usually,2,2,Never,Yes,2,Never,Never,Always,Usually,5,Yes,None,10,Yes,Usually,Never,No,Sometimes,6,Fair,Good,No,Yes,No,No,55 to 64,Female,8th grade or less,No,American Indian or Alaska Native,No
Plan E,Yes,Never,No,Never,3,6,Always,Yes,3,Sometimes,Sometimes,Never,Sometimes,9,No,None,10,Yes,Sometimes,Sometimes,No,Never,7,Poor,Poor,No,Yes,No,No,45 to 54,Female,8th grade or less,No,Black or African American,No
Plan E,Yes,Usually,Yes,Usually,3,0,Always,No,5 to 9,Always,Sometimes,Sometimes,Never,6,Yes,4,0,Yes,Sometimes,Sometimes,Yes,Always,0,Excellent,Excellent,Yes,Yes,Yes,Yes,25 to 34,Male,4-year college graduate,Yes,Black or African American,Yes
Plan D,No,Sometimes,No,Never,5 to 9,6,Never,Yes,None,Sometimes,Never,Always,Usually,3,Yes,1 specialist,10,No,Usually,Always,No,Sometimes,8,Fair,Poor,No,Yes,No,Yes,25 to 34,Female,High school graduate or GED,No,White,Yes
Plan D,No,Sometimes,Yes,Usually,10 or more times,1,Always,Yes,2,Usually,Never,Never,Sometimes,10,Yes,5 or more specialists,4,Yes,Sometimes,Sometimes,No,Never,3,Excellent,Excellent,No,No,Yes,Yes,35 to 44,Female,High school graduate or GED,Yes,Native Hawaiian or Other Pacific Islander,Yes
Plan A,Yes,Always,Yes,Never,5 to 9,2,Sometimes,Yes,3,Never,Sometimes,Sometimes,Usually,9,Yes,4,4,No,Never,Always,Yes,Usually,1,Fair,Very good,Yes,No,Yes,Yes,35 to 44,Female,High school graduate or GED,No,White,Yes
Plan E,Yes,Never,Yes,Sometimes,2,5,Always,Yes,4,Sometimes,Usually,Never,Usually,6,No,4,3,Yes,Usually,Never,Yes,Never,9,Very good,Very good,Yes,No,Yes,Yes,45 to 54,Male,Some college or 2-year degree,No,White,No
Plan A,No,Always,No,Sometimes,10 or more times,0,Usually,Yes,2,Usually,Never,Never,Never,3,No,4,5,No,Always,Sometimes,Yes,Sometimes,6,Excellent,Poor,Yes,No,No,Yes,75 or older,Female,High school graduate or GED,Yes,Black or African American,Yes
Plan C,Yes,Sometimes,No,Sometimes,5 to 9,3,Sometimes,No,3,Usually,Always,Sometimes,Sometimes,8,Yes,4,1,Yes,Never,Never,No,Sometimes,6,Good,Very good,Yes,No,No,No,18 to 24,Male,High school graduate or GED,Yes,Other,No
Plan D,Yes,Sometimes,No,Sometimes,5 to 9,8,Usually,Yes,1 time,Sometimes,Never,Always,Never,2,Yes,1 specialist,10,Yes,Always,Never,Yes,Usually,6,Good,Poor,No,No,No,No,18 to 24,Male,4-year college graduate,Yes,White,Yes
Plan A,Yes,Always,Yes,Sometimes,1 time,3,Usually,Yes,4,Usually,Never,Always,Sometimes,0,No,4,6,Yes,Usually,Sometimes,No,Always,10,Good,Fair,No,No,Yes,No,25 to 34,Female,More than 4-year college degree,Yes,Native Hawaiian or Other Pacific Islander,No
Plan E,Yes,Usually,No,Never,5 to 9,4,Sometimes,No,5 to 9,Never,Usually,Usually,Never,1,Yes,1 specialist,3,Yes,Usually,Always,No,Always,10,Poor,Poor,Yes,Yes,Yes,No,65 to 74,Male,High school graduate or GED,Yes,Asian,Yes
Plan D,Yes,Always,No,Sometimes,None,10,Sometimes,No,3,Always,Always,Usually,Usually,6,No,4,4,No,Sometimes,Always,No,Never,9,Excellent,Excellent,Yes,No,Yes,No,18 to 24,Female,More than 4-year college degree,Yes,White,Yes
Plan D,No,Sometimes,No,Always,1 time,9,Always,No,4,Sometimes,Never,Always,Always,8,No,1 specialist,4,Yes,Usually,Usually,Yes,Usually,9,Very good,Fair,Yes,Yes,No,Yes,75 or older,Female,Some college or 2-year degree,No,Other,No
Plan D,Yes,Usually,No,Sometimes,3,1,Never,No,10 or more times,Never,Never,Always,Usually,3,Yes,1 specialist,5,No,Never,Sometimes,Yes,Sometimes,3,Good,Excellent,Yes,No,Yes,Yes,45 to 54,Female,Some college or 2-year degree,Yes,Other,No
Plan A,Yes,Sometimes,Yes,Always,5 to 9,5,Always,Yes,2,Never,Never,Usually,Sometimes,9,No,1 specialist,8,No,Sometimes,Usually,Yes,Sometimes,6,Good,Poor,Yes,Yes,No,Yes,35 to 44,Female,8th grade or less,No,Asian,No
Plan B,Yes,Never,No,Sometimes,None,8,Usually,No,2,Always,Sometimes,Never,Always,6,Yes,4,1,Yes,Usually,Usually,Yes,Usually,10,Good,Excellent,Yes,Yes,Yes,Yes,55 to 64,Female,8th grade or less,Yes,White,Yes
Plan C,Yes,Never,Yes,Never,None,5,Never,Yes,1 time,Always,Always,Usually,Never,4,No,1 specialist,9,Yes,Never,Sometimes,No,Always,6,Fair,Good,No,No,No,No,75 or older,Male,Some college or 2-year degree,Yes,White,No
Plan B,Yes,Sometimes,Yes,Always,None,9,Always,No,3,Never,Never,Sometimes,Sometimes,6,Yes,3,6,No,Sometimes,Usually,Yes,Always,5,Very good,Excellent,Yes,No,No,No,45 to 54,Female,Some high school,No,Asian,No
Plan E,Yes,Sometimes,Yes,Sometimes,10 or more times,9,Always,Yes,5 to 9,Never,Usually,Never,Sometimes,7,Yes,5 or more specialists,9,Yes,Sometimes,Usually,Yes,Sometimes,5,Fair,Very good,Yes,Yes,No,No,65 to 74,Male,Some high school,Yes,Native Hawaiian or Other Pacific Islander,Yes
Plan C,Yes,Always,Yes,Always,3,3,Never,No,1 time,Sometimes,Always,Usually,Sometimes,2,No,2,2,Yes,Sometimes,Always,No,Never,3,Poor,Good,No,Yes,No,Yes,35 to 44,Male,8th grade or less,Yes,Asian,Yes
Plan D,No,Always,Yes,Never,1 time,2,Sometimes,No,1 time,Never,Never,Sometimes,Sometimes,8,Yes,None,7,No,Sometimes,Always,No,Never,7,Fair,Good,No,Yes,Yes,Yes,75 or older,Male,Some college or 2-year degree,No,Asian,No
Plan E,Yes,Always,Yes,Never,4,7,Sometimes,Yes,1 time,Always,Always,Sometimes,Never,1,No,5 or more specialists,10,Yes,Never,Never,Yes,Never,1,Poor,Poor,Yes,No,No,Yes,75 or older,Female,More than 4-year college degree,No,White,No
Plan C,No,Usually,Yes,Usually,10 or more times,8,Always,No,3,Never,Always,Always,Usually,4,Yes,1 specialist,1,Yes,Always,Sometimes,No,Never,7,Good,Poor,No,Yes,No,Yes,35 to 44,Male,High school graduate or GED,Yes,Black or African American,No
Plan A,Yes,Always,No,Never,None,3,Usually,Yes,3,Always,Usually,Usually,Always,4,Yes,1 specialist,10,Yes,Never,Usually,No,Always,2,Very good,Good,Yes,Yes,Yes,No,35 to 44,Female,8th grade or less,Yes,Other,No
Plan C,Yes,Always,No,Sometimes,4,6,Always,Yes,None,Always,Sometimes,Sometimes,Usually,5,No,None,4,No,Always,Always,Yes,Sometimes,2,Very good,Very good,Yes,No,No,No,75 or older,Male,More than 4-year college degree,Yes,Other,Yes
Plan D,No,Usually,No,Usually,5 to 9,1,Never,No,10 or more times,Usually,Sometimes,Never,Always,9,No,5 or more specialists,0,No,Usually,Usually,Yes,Sometimes,9,Very good,Good,Yes,No,Yes,Yes,75 or older,Male,8th grade or less,No,Asian,Yes
Plan C,Yes,Sometimes,No,Sometimes,3,5,Always,Yes,10 or more times,Sometimes,Never,Usually,Usually,4,No,3,3,Yes,Never,Sometimes,No,Never,9,Excellent,Fair,No,No,No,No,35 to 44,Male,High school graduate or GED,No,Asian,Yes
Plan E,Yes,Always,No,Always,1 time,2,Always,No,1 time,Never,Never,Always,Never,4,Yes,4,2,Yes,Sometimes,Always,No,Always,1,Poor,Poor,No,Yes,Yes,Yes,65 to 74,Male,4-year college graduate,Yes,White,No
Plan E,Yes,Never,Yes,Sometimes,3,9,Sometimes,Yes,1 time,Never,Never,Sometimes,Sometimes,8,Yes,2,3,No,Usually,Always,Yes,Sometimes,7,Excellent,Very good,Yes,Yes,No,No,75 or older,Male,More than 4-year college degree,No,Other,Yes
Plan B,Yes,Always,Yes,Sometimes,2,3,Usually,No,None,Sometimes,Always,Usually,Always,3,No,4,6,Yes,Sometimes,Never,No,Never,8,Very good,Poor,No,Yes,Yes,No,18 to 24,Male,More than 4-year college degree,No,Asian,No
Plan E,No,Always,No,Always,5 to 9,10,Usually,Yes,1 time,Sometimes,Usually,Usually,Never,0,No,2,3,No,Sometimes,Sometimes,No,Sometimes,0,Fair,Very good,No,Yes,No,Yes,75 or older,Male,4-year college graduate,No,Native Hawaiian or Other Pacific Islander,No
Plan E,Yes,Sometimes,No,Usually,2,3,Never,Yes,10 or more times,Sometimes,Always,Always,Usually,10,Yes,5 or more specialists,6,Yes,Sometimes,Sometimes,Yes,Always,5,Poor,Very good,Yes,No,No,No,18 to 24,Male,8th grade or less,Yes,Other,Yes
Plan B,Yes,Never,Yes,Sometimes,1 time,0,Never,No,5 to 9,Usually,Usually,Always,Usually,3,Yes,5 or more specialists,6,Yes,Never,Never,Yes,Usually,6,Fair,Excellent,No,No,Yes,Yes,35 to 44,Female,High school graduate or GED,Yes,Native Hawaiian or Other Pacific Islander,Yes
Plan C,No,Never,Yes,Always,None,9,Usually,No,3,Usually,Usually,Usually,Usually,0,No,1 specialist,2,No,Usually,Always,Yes,Sometimes,7,Excellent,Very good,No,No,No,Yes,25 to 34,Male,More than 4-year college degree,Yes,Asian,No
Plan B,Yes,Sometimes,No,Never,None,10,Always,Yes,10 or more times,Always,Usually,Sometimes,Never,4,No,5 or more specialists,7,No,Sometimes,Always,No,Sometimes,9,Poor,Fair,Yes,No,No,No,18 to 24,Male,4-year college graduate,Yes,Native Hawaiian or Other Pacific Islander,Yes
Plan B,Yes,Sometimes,No,Usually,5 to 9,8,Always,Yes,1 time,Usually,Sometimes,Sometimes,Always,8,Yes,5 or more specialists,10,Yes,Always,Sometimes,No,Sometimes,10,Poor,Very good,Yes,No,No,No,25 to 34,Male,8th grade or less,Yes,White,No
Plan B,No,Usually,Yes,Always,2,10,Always,No,1 time,Usually,Sometimes,Usually,Never,4,No,2,5,No,Usually,Always,Yes,Usually,1,Good,Poor,No,Yes,No,Yes,65 to 74,Female,8th grade or less,No,Other,Yes
Plan B,Yes,Always,Yes,Never,4,4,Always,Yes,10 or more times,Usually,Always,Always,Never,8,Yes,None,10,Yes,Usually,Never,Yes,Always,1,Poor,Fair,No,No,No,No,35 to 44,Male,8th grade or less,No,Other,No
Plan B,Yes,Usually,Yes,Sometimes,None,5,Always,No,2,Usually,Sometimes,Always,Always,7,Yes,1 specialist,8,No,Never,Always,No,Sometimes,8,Excellent,Poor,No,Yes,Yes,Yes,35 to 44,Female,More than 4-year college degree,No,Black or African American,No
Plan E,No,Always,Yes,Never,10 or more times,7,Usually,Yes,2,Usually,Always,Always,Never,2,No,2,3,No,Never,Usually,Yes,Always,9,Very good,Poor,No,Yes,Yes,Yes,25 to 34,Male,4-year college graduate,Yes,Asian,No
Plan B,No,Never,Yes,Always,10 or more times,4,Usually,Yes,10 or more times,Always,Never,Usually,Always,8,No,2,7,No,Always,Sometimes,Yes,Sometimes,4,Very good,Fair,Yes,No,Yes,No,75 or older,Male,4-year college graduate,Yes,Other,Yes
Plan B,Yes,Usually,Yes,Sometimes,10 or more times,6,Always,No,2,Sometimes,Always,Sometimes,Always,9,No,1 specialist,0,No,Never,Never,Yes,Usually,0,Good,Poor,Yes,Yes,Yes,No,65 to 74,Female,4-year college graduate,No,American Indian or Alaska Native,No
Plan C,Yes,Never,No,Sometimes,2,4,Always,No,5 to 9,Always,Sometimes,Sometimes,Never,6,No,2,1,No,Usually,Sometimes,No,Sometimes,10,Excellent,Very good,No,Yes,No,No,35 to 44,Male,4-year college graduate,No,Black or African American,No
Plan A,No,Sometimes,No,Sometimes,5 to 9,6,Always,No,4,Never,Always,Never,Sometimes,3,Yes,None,5,Yes,Usually,Sometimes,Yes,Sometimes,2,Poor,Very good,No,No,Yes,No,35 to 44,Female,4-year college graduate,No,White,No
Plan C,No,Sometimes,Yes,Never,2,7,Usually,Yes,3,Always,Usually,Usually,Sometimes,7,Yes,4,5,Yes,Sometimes,Always,No,Never,10,Good,Poor,No,No,Yes,No,35 to 44,Male,High school graduate or GED,Yes,Asian,No
Plan D,No,Sometimes,Yes,Sometimes,4,3,Usually,No,3,Sometimes,Usually,Never,Always,1,Yes,1 specialist,8,Yes,Sometimes,Never,No,Never,4,Good,Excellent,Yes,No,No,No,18 to 24,Male,High school graduate or GED,No,American Indian or Alaska Native,Yes
Plan D,No,Never,No,Sometimes,2,9,Usually,No,10 or more times,Sometimes,Always,Always,Usually,5,Yes,1 specialist,10,Yes,Usually,Sometimes,No,Usually,4,Poor,Excellent,Yes,No,Yes,Yes,18 to 24,Female,Some college or 2-year degree,No,American Indian or Alaska Native,Yes
Plan E,Yes,Usually,Yes,Always,None,2,Usually,No,10 or more times,Always,Never,Always,Always,8,Yes,2,9,No,Usually,Sometimes,No,Never,3,Very good,Fair,Yes,Yes,Yes,Yes,35 to 44,Female,4-year college graduate,Yes,White,No
Plan B,No,Sometimes,No,Never,1 time,6,Sometimes,No,None,Usually,Sometimes,Never,Sometimes,4,No,3,8,Yes,Usually,Usually,Yes,Usually,1,Fair,Poor,No,No,No,Yes,65 to 74,Male,High school graduate or GED,No,Other,No
Plan A,No,Sometimes,No,Sometimes,5 to 9,3,Sometimes,Yes,1 time,Always,Sometimes,Sometimes,Usually,3,Yes,4,5,No,Always,Never,Yes,Never,9,Good,Poor,Yes,Yes,Yes,Yes,75 or older,Male,8th grade or less,No,Other,No
Plan D,Yes,Always,No,Usually,2,4,Never,No,1 time,Sometimes,Usually,Always,Never,7,Yes,2,1,No,Sometimes,Never,Yes,Usually,6,Good,Very good,No,No,No,Yes,25 to 34,Male,High school graduate or GED,Yes,Native Hawaiian or Other Pacific Islander,Yes
Plan E,No,Always,Yes,Sometimes,4,5,Never,Yes,None,Usually,Usually,Always,Usually,7,No,4,0,No,Sometimes,Always,Yes,Never,10,Good,Excellent,Yes,Yes,Yes,No,18 to 24,Male,Some high school,No,Asian,No
Plan C,No,Always,No,Sometimes,2,3,Always,Yes,1 time,Always,Usually,Never,Sometimes,5,No,1 specialist,2,No,Always,Always,Yes,Never,1,Fair,Fair,No,Yes,Yes,Yes,35 to 44,Female,8th grade or less,No,Other,Yes
Plan A,Yes,Usually,No,Always,4,10,Never,Yes,4,Sometimes,Sometimes,Usually,Always,1,No,4,6,No,Usually,Sometimes,Yes,Always,3,Fair,Very good,Yes,Yes,Yes,Yes,45 to 54,Female,4-year college graduate,Yes,American Indian or Alaska Native,Yes
Plan D,No,Sometimes,Yes,Sometimes,10 or more times,3,Sometimes,Yes,None,Never,Always,Always,Always,5,No,None,3,Yes,Always,Always,No,Usually,2,Fair,Fair,No,Yes,Yes,No,35 to 44,Male,High school graduate or GED,No,Asian,No
Plan B,No,Always,No,Never,None,0,Sometimes,No,2,Sometimes,Always,Usually,Never,9,Yes,1 specialist,9,Yes,Always,Sometimes,No,Usually,6,Excellent,Fair,Yes,No,No,No,45 to 54,Female,8th grade or less,No,American Indian or Alaska Native,No
Plan B,Yes,Always,No,Sometimes,3,10,Sometimes,Yes,4,Usually,Never,Sometimes,Never,2,Yes,2,1,No,Never,Usually,Yes,Usually,1,Excellent,Excellent,Yes,Yes,Yes,Yes,45 to 54,Female,Some college or 2-year degree,Yes,Native Hawaiian or Other Pacific Islander,No
Plan C,Yes,Sometimes,No,Usually,3,5,Usually,Yes,5 to 9,Usually,Sometimes,Never,Never,5,Yes,1 specialist,1,Yes,Always,Never,Yes,Usually,9,Fair,Very good,No,No,Yes,Yes,55 to 64,Female,More than 4-year college degree,Yes,White,No
Plan B,No,Never,No,Usually,1 time,3,Usually,No,2,Never,Sometimes,Always,Never,6,No,2,5,No,Never,Sometimes,No,Always,9,Excellent,Poor,No,No,Yes,Yes,25 to 34,Male,High school graduate or GED,No,Native Hawaiian or Other Pacific Islander,No
Plan C,No,Usually,No,Never,None,5,Always,Yes,1 time,Always,Sometimes,Never,Sometimes,3,Yes,4,4,Yes,Usually,Usually,Yes,Always,0,Fair,Fair,No,No,No,No,45 to 54,Male,Some high school,No,American Indian or Alaska Native,No
Plan D,No,Always,No,Always,5 to 9,7,Always,No,4,Always,Always,Usually,Always,9,No,5 or more specialists,6,Yes,Sometimes,Sometimes,No,Never,9,Very good,Excellent,Yes,Yes,No,No,35 to 44,Male,Some high school,Yes,American Indian or Alaska Native,Yes
Plan C,Yes,Never,No,Always,5 to 9,1,Usually,No,2,Always,Usually,Sometimes,Sometimes,10,No,4,3,Yes,Sometimes,Always,Yes,Never,8,Good,Fair,No,No,Yes,No,25 to 34,Male,8th grade or less,No,Other,No
Plan A,No,Always,Yes,Sometimes,3,5,Always,Yes,None,Sometimes,Sometimes,Usually,Never,0,Yes,1 specialist,7,Yes,Usually,Sometimes,Yes,Usually,5,Very good,Poor,No,No,Yes,Yes,18 to 24,Male,More than 4-year college degree,Yes,Asian,Yes
Plan C,No,Usually,No,Always,4,2,Always,No,None,Never,Sometimes,Always,Always,4,No,5 or more specialists,0,No,Usually,Never,Yes,Always,9,Excellent,Fair,Yes,Yes,Yes,No,25 to 34,Female,High school graduate or GED,Yes,Native Hawaiian or Other Pacific Islander,Yes
Plan A,No,Sometimes,Yes,Sometimes,3,2,Always,Yes,None,Never,Usually,Always,Usually,1,Yes,3,8,No,Usually,Never,No,Sometimes,8,Poor,Poor,No,Yes,No,No,65 to 74,Female,More than 4-year college degree,No,Other,Yes
Plan C,Yes,Sometimes,No,Sometimes,3,7,Sometimes,No,2,Sometimes,Never,Never,Usually,9,Yes,4,0,Yes,Sometimes,Usually,No,Usually,10,Poor,Excellent,No,Yes,No,No,75 or older,Female,8th grade or less,No,Asian,No
Plan C,No,Sometimes,Yes,Sometimes,3,0,Usually,No,10 or more times,Sometimes,Never,Sometimes,Never,2,No,None,1,No,Never,Never,Yes,Usually,1,Excellent,Good,Yes,Yes,Yes,No,45 to 54,Male,More than 4-year college degree,No,Other,No
Plan D,No,Usually,No,Always,3,2,Usually,Yes,3,Usually,Sometimes,Never,Sometimes,6,No,2,6,No,Always,Always,No,Sometimes,1,Good,Fair,No,No,Yes,No,75 or older,Male,Some college or 2-year degree,No,Asian,Yes
Plan C,No,Always,No,Always,1 time,7,Never,Yes,1 time,Usually,Sometimes,Usually,Usually,6,Yes,1 specialist,2,No,Always,Sometimes,Yes,Always,4,Fair,Excellent,Yes,No,No,Yes,55 to 64,Female,8th grade or less,Yes,Black or African American,Yes
Plan A,No,Never,No,Usually,2,9,Never,No,4,Never,Always,Never,Usually,1,Yes,3,1,No,Never,Sometimes,Yes,Always,9,Very good,Very good,Yes,No,Yes,Yes,18 to 24,Male,More than 4-year college degree,No,American Indian or Alaska Native,Yes
Plan C,No,Usually,Yes,Always,5 to 9,3,Sometimes,Yes,5 to 9,Usually,Never,Never,Always,1,No,5 or more specialists,4,No,Always,Never,No,Usually,1,Fair,Very good,No,No,Yes,No,75 or older,Female,More than 4-year college degree,No,American Indian or Alaska Native,Yes
Plan D,No,Sometimes,Yes,Never,None,2,Usually,No,4,Never,Always,Usually,Sometimes,5,Yes,4,9,No,Never,Always,Yes,Sometimes,4,Good,Fair,Yes,No,Yes,No,75 or older,Male,More than 4-year college degree,Yes,White,No
Plan E,Yes,Usually,No,Never,None,4,Sometimes,No,3,Sometimes,Sometimes,Sometimes,Sometimes,4,Yes,2,1,No,Always,Usually,Yes,Never,0,Excellent,Fair,No,Yes,Yes,No,75 or older,Male,Some college or 2-year degree,Yes,American Indian or Alaska Native,No
Plan C,Yes,Never,No,Always,None,6,Sometimes,No,4,Never,Sometimes,Never,Usually,6,No,5 or more specialists,6,No,Never,Never,No,Sometimes,1,Poor,Excellent,No,No,Yes,No,35 to 44,Female,Some college or 2-year degree,No,White,Yes
Plan C,No,Never,No,Never,3,1,Never,No,1 time,Never,Usually,Never,Sometimes,2,No,1 specialist,9,No,Always,Sometimes,No,Always,7,Very good,Fair,No,Yes,No,No,55 to 64,Male,8th grade or less,No,Asian,Yes
Plan C,Yes,Sometimes,Yes,Always,3,2,Never,Yes,2,Sometimes,Always,Always,Sometimes,4,Yes,4,4,No,Always,Always,Yes,Sometimes,3,Fair,Very good,Yes,No,Yes,Yes,65 to 74,Male,Some high school,Yes,Native Hawaiian or Other Pacific Islander,Yes
Plan A,No,Never,Yes,Always,2,7,Sometimes,Yes,4,Always,Always,Never,Never,9,Yes,1 specialist,5,No,Always,Sometimes,Yes,Always,6,Fair,Poor,Yes,Yes,No,Yes,25 to 34,Female,8th grade or less,Yes,Asian,Yes
Plan B,Yes,Usually,No,Never,None,3,Sometimes,Yes,2,Never,Sometimes,Never,Sometimes,5,No,3,9,Yes,Always,Usually,Yes,Never,0,Very good,Poor,No,Yes,Yes,Yes,25 to 34,Female,More than 4-year college degree,No,American Indian or Alaska Native,No
Plan C,No,Usually,No,Never,10 or more times,9,Usually,No,4,Usually,Sometimes,Sometimes,Never,9,Yes,2,2,No,Usually,Usually,Yes,Never,10,Good,Very good,Yes,No,No,No,25 to 34,Female,Some college or 2-year degree,Yes,Black or African American,No
Plan A,Yes,Usually,No,Never,1 time,3,Usually,Yes,1 time,Sometimes,Usually,Sometimes,Always,1,No,2,5,Yes,Always,Always,No,Usually,3,Very good,Fair,No,No,Yes,No,75 or older,Male,High school graduate or GED,Yes,Native Hawaiian or Other Pacific Islander,Yes
Plan C,No,Never,Yes,Never,10 or more times,0,Never,Yes,4,Sometimes,Usually,Never,Sometimes,0,Yes,5 or more specialists,3,Yes,Never,Always,Yes,Always,9,Poor,Excellent,No,Yes,No,No,45 to 54,Female,4-year college graduate,No,Native Hawaiian or Other Pacific Islander,No
Plan A,No,Always,Yes,Usually,1 time,6,Sometimes,Yes,3,Sometimes,Sometimes,Sometimes,Sometimes,9,Yes,2,3,Yes,Sometimes,Usually,No,Always,7,Poor,Fair,Yes,No,Yes,Yes,75 or older,Female,4-year college graduate,No,American Indian or Alaska Native,Yes
Plan C,No,Sometimes,No,Never,None,5,Usually,No,2,Sometimes,Never,Sometimes,Never,4,No,1 specialist,2,No,Always,Usually,Yes,Never,6,Very good,Good,Yes,Yes,No,Yes,45 to 54,Female,Some high school,No,Asian,No
Plan B,Yes,Always,Yes,Never,None,3,Always,No,5 to 9,Always,Never,Always,Always,6,No,4,9,Yes,Sometimes,Always,Yes,Always,1,Excellent,Excellent,Yes,Yes,No,Yes,65 to 74,Male,Some high school,No,Black or African American,No
Plan E,No,Sometimes,Yes,Always,10 or more times,9,Sometimes,No,10 or more times,Never,Never,Usually,Sometimes,9,No,None,2,Yes,Never,Never,No,Sometimes,0,Fair,Poor,No,Yes,No,No,75 or older,Male,8th grade or less,Yes,Other,No
Plan A,Yes,Always,Yes,Usually,3,10,Sometimes,No,1 time,Always,Always,Never,Sometimes,0,No,2,10,No,Sometimes,Always,Yes,Usually,10,Good,Very good,Yes,Yes,Yes,No,18 to 24,Female,Some college or 2-year degree,Yes,Other,Yes
Plan E,No,Always,No,Usually,2,5,Never,No,1 time,Usually,Sometimes,Never,Never,10,Yes,4,4,Yes,Always,Never,No,Usually,5,Poor,Very good,No,No,Yes,Yes,65 to 74,Male,More than 4-year college degree,No,American Indian or Alaska Native,Yes
Plan B,No,Always,No,Usually,10 or more times,3,Usually,Yes,3,Sometimes,Never,Sometimes,Sometimes,5,No,None,1,Yes,Never,Never,No,Usually,1,Fair,Very good,No,No,Yes,Yes,65 to 74,Male,4-year college graduate,No,White,No
Plan A,Yes,Sometimes,No,Always,None,4,Sometimes,Yes,10 or more times,Usually,Always,Sometimes,Usually,10,Yes,1 specialist,3,No,Sometimes,Never,Yes,Never,0,Excellent,Very good,Yes,Yes,Yes,No,18 to 24,Female,More than 4-year college degree,No,Black or African American,No
Plan A,Yes,Usually,No,Usually,None,8,Usually,Yes,3,Usually,Always,Never,Always,9,No,None,10,No,Never,Usually,No,Always,3,Good,Very good,No,Yes,No,No,18 to 24,Male,Some high school,Yes,American Indian or Alaska Native,No
Plan D,Yes,Never,Yes,Always,4,9,Never,No,None,Always,Usually,Sometimes,Sometimes,8,No,3,3,No,Usually,Usually,Yes,Never,4,Fair,Excellent,No,Yes,Yes,No,55 to 64,Male,8th grade or less,No,Native Hawaiian or Other Pacific Islander,Yes
Plan E,No,Usually,No,Sometimes,5 to 9,1,Always,No,10 or more times,Sometimes,Sometimes,Never,Usually,9,No,4,10,No,Never,Sometimes,No,Never,9,Poor,Fair,Yes,No,No,No,35 to 44,Male,4-year college graduate,No,American Indian or Alaska Native,No
Plan B,No,Sometimes,Yes,Always,None,10,Sometimes,Yes,5 to 9,Usually,Sometimes,Sometimes,Sometimes,4,Yes,2,5,No,Never,Always,No,Usually,10,Fair,Excellent,No,No,Yes,No,65 to 74,Male,High school graduate or GED,Yes,Other,Yes
Plan A,No,Always,No,Never,10 or more times,3,Usually,No,None,Usually,Never,Always,Always,2,Yes,3,1,No,Never,Never,No,Never,1,Excellent,Very good,No,Yes,No,No,75 or older,Female,4-year college graduate,No,Native Hawaiian or Other Pacific Islander,Yes
Plan E,No,Sometimes,Yes,Sometimes,5 to 9,0,Usually,Yes,3,Always,Usually,Usually,Always,9,No,5 or more specialists,8,Yes,Sometimes,Never,No,Usually,2,Excellent,Poor,Yes,Yes,Yes,No,65 to 74,Female,High school graduate or GED,No,Asian,No
Plan B,Yes,Always,No,Never,None,9,Always,Yes,4,Usually,Never,Usually,Usually,7,Yes,3,9,Yes,Usually,Usually,No,Always,2,Excellent,Fair,No,Yes,No,Yes,35 to 44,Female,High school graduate or GED,No,White,Yes
Plan A,Yes,Sometimes,Yes,Sometimes,4,7,Never,Yes,5 to 9,Never,Sometimes,Usually,Sometimes,6,No,2,0,Yes,Usually,Usually,No,Never,6,Very good,Good,Yes,No,Yes,Yes,55 to 64,Female,Some college or 2-year degree,No,Asian,No
Plan C,No,Usually,Yes,Usually,4,0,Always,No,5 to 9,Always,Never,Always,Sometimes,3,No,1 specialist,1,Yes,Never,Always,No,Usually,2,Fair,Poor,No,No,No,No,18 to 24,Female,High school graduate or GED,No,Asian,Yes
Plan D,Yes,Never,Yes,Usually,None,9,Sometimes,No,4,Usually,Sometimes,Never,Sometimes,2,Yes,2,7,Yes,Sometimes,Never,Yes,Always,7,Very good,Good,Yes,Yes,No,No,45 to 54,Male,4-year college graduate,No,White,Yes
Plan B,Yes,Always,Yes,Always,1 time,0,Never,No,2,Sometimes,Sometimes,Always,Never,7,Yes,None,4,No,Always,Sometimes,No,Always,0,Fair,Poor,Yes,Yes,No,Yes,75 or older,Female,More than 4-year college degree,Yes,American Indian or Alaska Native,Yes
Plan A,Yes,Usually,No,Usually,3,0,Always,No,3,Sometimes,Sometimes,Usually,Usually,8,Yes,5 or more specialists,7,Yes,Usually,Always,No,Never,10,Good,Fair,No,Yes,No,Yes,45 to 54,Female,8th grade or less,Yes,Native Hawaiian or Other Pacific Islander,No
Plan E,Yes,Never,Yes,Always,None,0,Sometimes,Yes,4,Usually,Usually,Never,Always,4,Yes,None,1,Yes,Never,Sometimes,Yes,Usually,6,Very good,Very good,Yes,Yes,Yes,No,18 to 24,Female,8th grade or less,No,Native Hawaiian or Other Pacific Islander,Yes
Plan C,No,Always,Yes,Sometimes,4,2,Never,No,1 time,Usually,Always,Never,Never,10,No,None,5,No,Never,Sometimes,Yes,Sometimes,6,Good,Good,Yes,No,Yes,No,55 to 64,Male,4-year college graduate,Yes,American Indian or Alaska Native,Yes
Plan D,Yes,Always,No,Sometimes,3,10,Never,No,None,Usually,Usually,Always,Sometimes,3,No,3,2,Yes,Never,Usually,Yes,Always,8,Poor,Poor,No,Yes,No,Yes,35 to 44,Male,Some college or 2-year degree,Yes,White,No
Plan C,No,Always,No,Never,1 time,2,Never,No,10 or more times,Always,Always,Always,Usually,10,No,5 or more specialists,6,Yes,Usually,Always,No,Sometimes,7,Very good,Very good,Yes,Yes,Yes,Yes,75 or older,Female,Some college or 2-year degree,No,Native Hawaiian or Other Pacific Islander,No
Plan D,No,Always,No,Never,4,6,Usually,No,3,Usually,Always,Usually,Never,1,No,3,9,No,Sometimes,Usually,No,Never,9,Poor,Good,No,No,No,No,18 to 24,Female,High school graduate or GED,No,Asian,No
Plan C,Yes,Sometimes,Yes,Never,10 or more times,2,Never,Yes,3,Usually,Sometimes,Usually,Always,1,No,None,7,No,Never,Usually,Yes,Usually,2,Excellent,Very good,Yes,No,No,Yes,55 to 64,Male,4-year college graduate,Yes,American Indian or Alaska Native,Yes
Plan B,No,Sometimes,No,Always,3,8,Always,No,3,Usually,Usually,Sometimes,Sometimes,1,No,4,1,Yes,Never,Always,Yes,Always,1,Very good,Excellent,Yes,No,Yes,Yes,55 to 64,Male,High school graduate or GED,No,Black or African American,Yes
Plan C,Yes,Usually,No,Never,10 or more times,9,Usually,No,1 time,Always,Always,Sometimes,Sometimes,4,Yes,4,5,Yes,Sometimes,Always,No,Never,7,Good,Fair,No,No,Yes,Yes,18 to 24,Female,Some high school,No,Native Hawaiian or Other Pacific Islander,No
Plan D,Yes,Always,Yes,Sometimes,10 or more times,10,Always,Yes,None,Sometimes,Never,Always,Usually,7,Yes,2,0,Yes,Usually,Never,Yes,Always,8,Good,Poor,No,Yes,Yes,No,35 to 44,Female,4-year college graduate,Yes,Asian,No
Plan B,No,Always,No,Never,2,1,Sometimes,Yes,5 to 9,Sometimes,Sometimes,Sometimes,Usually,3,Yes,1 specialist,6,Yes,Sometimes,Usually,No,Always,2,Very good,Fair,Yes,Yes,Yes,No,45 to 54,Female,More than 4-year college degree,Yes,Black or African American,Yes
Plan E,No,Usually,Yes,Sometimes,3,5,Always,No,10 or more times,Always,Never,Always,Always,5,Yes,1 specialist,2,Yes,Usually,Usually,Yes,Never,6,Good,Very good,Yes,Yes,Yes,Yes,25 to 34,Female,Some college or 2-year degree,No,American Indian or Alaska Native,No
Plan A,Yes,Always,Yes,Never,2,10,Usually,Yes,None,Sometimes,Never,Always,Usually,1,No,4,8,Yes,Always,Sometimes,Yes,Always,10,Poor,Fair,No,No,Yes,No,25 to 34,Female,High school graduate or GED,No,White,Yes
Plan A,No,Never,No,Usually,None,3,Always,No,3,Sometimes,Always,Sometimes,Usually,9,Yes,4,10,No,Sometimes,Usually,Yes,Sometimes,9,Excellent,Poor,No,No,No,Yes,55 to 64,Male,Some college or 2-year degree,No,Native Hawaiian or Other Pacific Islander,Yes
Plan A,Yes,Always,No,Usually,5 to 9,6,Sometimes,No,5 to 9,Never,Always,Never,Never,7,Yes,1 specialist,4,No,Usually,Sometimes,Yes,Always,10,Very good,Poor,No,No,Yes,No,18 to 24,Male,Some high school,Yes,Other,No
Plan E,No,Sometimes,Yes,Usually,3,1,Always,No,5 to 9,Never,Always,Usually,Always,6,Yes,3,6,Yes,Never,Always,No,Never,10,Very good,Fair,Yes,Yes,No,Yes,35 to 44,Male,Some college or 2-year degree,No,American Indian or Alaska Native,No
Plan B,No,Usually,Yes,Usually,2,1,Sometimes,Yes,10 or more times,Always,Usually,Usually,Usually,6,No,4,2,Yes,Usually,Sometimes,Yes,Sometimes,8,Poor,Excellent,No,Yes,Yes,Yes,18 to 24,Female,4-year college graduate,No,Asian,Yes
Plan A,No,Sometimes,No,Usually,1 time,10,Sometimes,No,1 time,Usually,Sometimes,Never,Always,9,No,5 or more specialists,3,Yes,Always,Always,Yes,Always,2,Fair,Poor,No,Yes,Yes,Yes,75 or older,Female,4-year college graduate,No,Native Hawaiian or Other Pacific Islander,Yes
Plan A,No,Never,Yes,Usually,10 or more times,5,Usually,Yes,5 to 9,Never,Usually,Never,Usually,10,No,4,0,Yes,Sometimes,Sometimes,No,Always,0,Good,Fair,Yes,Yes,Yes,Yes,65 to 74,Male,4-year college graduate,Yes,Other,No
Plan A,No,Sometimes,Yes,Always,4,7,Always,No,1 time,Sometimes,Usually,Always,Sometimes,10,Yes,2,0,No,Sometimes,Never,Yes,Sometimes,2,Very good,Very good,No,No,No,No,65 to 74,Female,4-year college graduate,Yes,American Indian or Alaska Native,No
Plan D,Yes,Usually,No,Sometimes,5 to 9,0,Always,No,5 to 9,Always,Usually,Usually,Never,0,No,3,4,Yes,Always,Never,Yes,Always,1,Poor,Fair,Yes,No,Yes,Yes,65 to 74,Male,Some high school,No,White,Yes
Plan B,No,Usually,Yes,Always,4,7,Sometimes,No,2,Never,Always,Never,Always,0,Yes,5 or more specialists,4,No,Never,Usually,Yes,Sometimes,1,Fair,Good,Yes,Yes,No,Yes,45 to 54,Male,More than 4-year college degree,Yes,Black or African American,Yes
Plan E,Yes,Always,No,Always,4,4,Never,Yes,2,Sometimes,Sometimes,Always,Never,5,Yes,None,6,Yes,Usually,Usually,Yes,Always,0,Poor,Good,Yes,No,Yes,Yes,55 to 64,Female,Some high school,No,Black or African American,No
Plan E,No,Always,No,Never,1 time,6,Usually,Yes,None,Sometimes,Sometimes,Sometimes,Sometimes,2,No,1 specialist,4,No,Always,Always,Yes,Usually,4,Fair,Very good,No,Yes,Yes,No,55 to 64,Female,Some high school,No,Black or African American,No
Plan B,No,Never,Yes,Sometimes,3,7,Sometimes,Yes,4,Always,Always,Always,Always,1,No,4,0,No,Usually,Sometimes,No,Usually,8,Poor,Poor,Yes,Yes,No,No,25 to 34,Male,8th grade or less,No,Asian,No
Plan D,No,Usually,Yes,Usually,5 to 9,3,Sometimes,Yes,5 to 9,Never,Usually,Usually,Never,2,Yes,None,8,Yes,Never,Sometimes,No,Usually,0,Fair,Fair,Yes,Yes,Yes,Yes,18 to 24,Female,4-year college graduate,No,American Indian or Alaska Native,Yes
Plan E,Yes,Usually,Yes,Usually,5 to 9,2,Sometimes,Yes,4,Usually,Never,Usually,Always,6,Yes,4,10,No,Always,Usually,Yes,Always,9,Very good,Fair,Yes,No,No,No,18 to 24,Male,More than 4-year college degree,No,American Indian or Alaska Native,Yes
Plan D,No,Usually,Yes,Sometimes,10 or more times,9,Never,No,None,Never,Always,Never,Never,8,Yes,None,4,Yes,Never,Always,No,Always,5,Very good,Poor,No,No,Yes,Yes,35 to 44,Female,High school graduate or GED,Yes,White,Yes
Plan D,No,Usually,No,Always,10 or more times,9,Never,No,None,Sometimes,Sometimes,Usually,Always,8,Yes,3,7,Yes,Usually,Usually,Yes,Usually,7,Fair,Fair,Yes,Yes,No,Yes,65 to 74,Female,Some high school,Yes,White,No
Plan A,Yes,Always,Yes,Usually,5 to 9,3,Always,No,3,Usually,Sometimes,Always,Usually,9,No,2,10,Yes,Never,Usually,Yes,Sometimes,3,Excellent,Very good,Yes,Yes,No,No,35 to 44,Female,Some high school,Yes,Native Hawaiian or Other Pacific Islander,Yes
Plan C,No,Usually,No,Usually,None,2,Always,Yes,5 to 9,Sometimes,Never,Never,Always,1,No,2,7,Yes,Never,Usually,No,Sometimes,4,Poor,Very good,No,Yes,No,No,55 to 64,Female,Some high school,No,Native Hawaiian or Other Pacific Islander,Yes
Plan C,No,Usually,Yes,Sometimes,2,6,Usually,No,10 or more times,Always,Never,Never,Never,6,No,1 specialist,1,No,Usually,Sometimes,Yes,Always,9,Fair,Fair,Yes,Yes,Yes,Yes,25 to 34,Male,Some college or 2-year degree,Yes,Black or African American,Yes
Plan A,No,Sometimes,No,Sometimes,2,7,Sometimes,Yes,3,Usually,Usually,Sometimes,Always,4,Yes,1 specialist,7,Yes,Always,Always,No,Sometimes,1,Excellent,Fair,No,No,No,No,45 to 54,Male,4-year college graduate,Yes,American Indian or Alaska Native,No
Plan A,No,Sometimes,Yes,Sometimes,4,1,Sometimes,Yes,10 or more times,Sometimes,Always,Never,Always,0,No,4,2,Yes,Usually,Usually,Yes,Usually,9,Poor,Very good,Yes,No,No,Yes,65 to 74,Male,More than 4-year college degree,Yes,Black or African American,Yes
Plan B,No,Sometimes,No,Sometimes,3,8,Sometimes,Yes,3,Sometimes,Never,Sometimes,Never,2,Yes,None,5,Yes,Sometimes,Always,No,Never,5,Good,Poor,No,Yes,No,No,25 to 34,Female,4-year college graduate,Yes,American Indian or Alaska Native,No
Plan D,Yes,Usually,Yes,Usually,10 or more times,2,Never,Yes,2,Always,Always,Always,Never,3,Yes,2,0,No,Always,Sometimes,No,Usually,9,Very good,Very good,Yes,No,Yes,No,75 or older,Male,High school graduate or GED,Yes,American Indian or Alaska Native,Yes
Plan C,Yes,Sometimes,No,Never,4,5,Usually,No,5 to 9,Always,Usually,Always,Sometimes,6,No,5 or more specialists,1,No,Sometimes,Sometimes,No,Usually,5,Fair,Good,No,No,No,Yes,75 or older,Male,More than 4-year college degree,No,Black or African American,Yes
Plan C,No,Sometimes,Yes,Sometimes,4,2,Never,No,2,Usually,Usually,Never,Usually,2,Yes,4,2,Yes,Sometimes,Always,No,Usually,0,Excellent,Good,No,Yes,No,Yes,55 to 64,Female,8th grade or less,Yes,White,Yes
Plan D,No,Usually,No,Usually,2,2,Usually,Yes,4,Always,Sometimes,Usually,Usually,4,No,1 specialist,2,Yes,Never,Always,No,Never,7,Good,Fair,No,Yes,Yes,Yes,45 to 54,Female,8th grade or less,No,Other,No
Plan A,Yes,Never,No,Never,2,2,Never,No,2,Always,Never,Usually,Usually,1,No,1 specialist,3,No,Usually,Never,No,Always,1,Fair,Good,No,No,No,No,18 to 24,Male,Some college or 2-year degree,No,Black or African American,Yes
Plan B,Yes,Sometimes,Yes,Usually,None,2,Sometimes,Yes,10 or more times,Sometimes,Sometimes,Usually,Sometimes,8,No,None,6,No,Always,Usually,No,Never,5,Fair,Poor,Yes,No,No,Yes,45 to 54,Male,4-year college graduate,Yes,White,No
Plan E,No,Sometimes,Yes,Sometimes,10 or more times,4,Never,No,2,Usually,Never,Always,Sometimes,10,No,3,6,Yes,Always,Usually,No,Never,9,Very good,Very good,No,No,No,Yes,18 to 24,Female,8th grade or less,No,White,Yes
Plan A,Yes,Always,No,Never,None,7,Sometimes,No,3,Never,Always,Never,Never,9,No,4,6,Yes,Usually,Usually,No,Never,2,Excellent,Good,No,No,Yes,Yes,55 to 64,Female,4-year college graduate,Yes,Other,No
Plan B,Yes,Usually,No,Sometimes,5 to 9,1,Never,No,None,Usually,Usually,Sometimes,Always,5,Yes,4,3,No,Usually,Usually,Yes,Always,0,Good,Fair,No,No,No,Yes,45 to 54,Male,Some high school,No,American Indian or Alaska Native,No
Plan B,No,Usually,No,Usually,4,3,Never,No,2,Sometimes,Always,Usually,Always,7,Yes,3,2,No,Always,Sometimes,No,Sometimes,10,Excellent,Poor,Yes,Yes,Yes,No,45 to 54,Female,Some college or 2-year degree,Yes,Black or African American,No
Plan B,No,Sometimes,Yes,Always,4,7,Always,No,10 or more times,Usually,Usually,Always,Usually,6,No,5 or more specialists,4,No,Usually,Always,No,Never,6,Very good,Fair,Yes,No,Yes,No,18 to 24,Female,8th grade or less,Yes,Asian,Yes
Plan B,Yes,Usually,Yes,Usually,2,4,Sometimes,No,5 to 9,Usually,Never,Always,Sometimes,10,No,1 specialist,10,No,Sometimes,Usually,Yes,Always,4,Fair,Excellent,No,Yes,No,Yes,35 to 44,Female,High school graduate or GED,No,American Indian or Alaska Native,Yes
Plan A,No,Usually,No,Sometimes,1 time,3,Sometimes,Yes,1 time,Never,Usually,Sometimes,Usually,10,No,4,0,Yes,Usually,Usually,Yes,Never,3,Fair,Good,Yes,Yes,Yes,No,45 to 54,Male,High school graduate or GED,Yes,Asian,Yes
Plan C,No,Always,No,Sometimes,5 to 9,3,Sometimes,No,10 or more times,Sometimes,Never,Sometimes,Always,6,No,1 specialist,5,No,Sometimes,Sometimes,Yes,Always,7,Poor,Very good,No,Yes,Yes,No,25 to 34,Male,4-year college graduate,Yes,White,Yes
Plan C,Yes,Usually,Yes,Sometimes,2,2,Always,Yes,10 or more times,Always,Sometimes,Always,Never,6,No,4,4,Yes,Usually,Never,No,Never,8,Fair,Good,Yes,Yes,No,No,65 to 74,Female,Some high school,No,Black or African American,Yes
Plan D,No,Never,Yes,Sometimes,5 to 9,7,Never,No,3,Usually,Always,Always,Sometimes,0,No,None,0,Yes,Sometimes,Always,Yes,Never,1,Very good,Fair,No,Yes,Yes,No,18 to 24,Female,8th grade or less,Yes,White,No
Plan A,No,Sometimes,Yes,Usually,3,2,Never,Yes,1 time,Usually,Sometimes,Sometimes,Usually,0,Yes,5 or more specialists,1,No,Always,Always,No,Sometimes,8,Excellent,Very good,No,No,Yes,No,55 to 64,Male,High school graduate or GED,No,Black or African American,Yes
Plan C,Yes,Usually,No,Never,None,7,Always,No,4,Never,Sometimes,Always,Usually,10,No,2,3,No,Never,Never,No,Always,1,Poor,Very good,Yes,Yes,No,Yes,25 to 34,Male,More than 4-year college degree,Yes,American Indian or Alaska Native,No
Plan C,No,Usually,Yes,Sometimes,4,5,Always,Yes,5 to 9,Usually,Always,Usually,Never,0,Yes,3,9,No,Sometimes,Never,Yes,Usually,0,Very good,Poor,Yes,Yes,No,No,18 to 24,Female,More than 4-year college degree,No,Asian,No
Plan E,Yes,Sometimes,No,Never,5 to 9,5,Sometimes,No,1 time,Sometimes,Never,Sometimes,Never,2,Yes,3,9,No,Never,Usually,Yes,Sometimes,3,Fair,Fair,No,Yes,No,Yes,25 to 34,Male,High school graduate or GED,No,Asian,Yes
Plan D,No,Never,No,Never,5 to 9,8,Sometimes,No,4,Sometimes,Never,Sometimes,Never,5,No,5 or more specialists,1,Yes,Usually,Always,No,Usually,2,Very good,Fair,No,No,No,Yes,18 to 24,Male,8th grade or less,Yes,Native Hawaiian or Other Pacific Islander,No
Plan C,No,Sometimes,Yes,Never,10 or more times,9,Never,No,4,Sometimes,Never,Sometimes,Sometimes,5,Yes,2,4,Yes,Usually,Always,Yes,Always,9,Good,Good,No,No,No,No,55 to 64,Male,8th grade or less,Yes,Black or African American,Yes
Plan D,No,Never,Yes,Never,None,3,Sometimes,No,2,Usually,Sometimes,Never,Always,7,Yes,4,2,Yes,Always,Usually,No,Never,6,Good,Poor,No,No,No,Yes,65 to 74,Male,4-year college graduate,No,Asian,No
Plan C,No,Usually,Yes,Usually,10 or more times,10,Sometimes,Yes,2,Always,Never,Usually,Never,5,No,2,3,No,Usually,Always,Yes,Never,8,Very good,Excellent,Yes,No,Yes,No,75 or older,Male,High school graduate or GED,Yes,Native Hawaiian or Other Pacific Islander,No
Plan E,Yes,Usually,No,Never,2,0,Usually,No,1 time,Never,Always,Never,Usually,5,No,2,6,No,Usually,Usually,No,Sometimes,3,Poor,Fair,Yes,Yes,No,No,18 to 24,Male,More than 4-year college degree,Yes,Native Hawaiian or Other Pacific Islander,No
Plan E,No,Usually,No,Never,10 or more times,10,Never,Yes,2,Never,Never,Usually,Usually,9,No,2,7,No,Usually,Always,Yes,Sometimes,9,Poor,Very good,No,No,No,Yes,25 to 34,Female,High school graduate or GED,Yes,Asian,Yes
Plan A,No,Always,No,Never,5 to 9,3,Always,Yes,2,Usually,Never,Usually,Usually,6,No,3,1,No,Sometimes,Sometimes,Yes,Always,4,Good,Very good,No,Yes,Yes,Yes,35 to 44,Female,4-year college graduate,No,Native Hawaiian or Other Pacific Islander,Yes
Plan B,Yes,Never,Yes,Usually,1 time,9,Usually,No,5 to 9,Usually,Sometimes,Sometimes,Always,5,No,4,7,Yes,Never,Always,Yes,Sometimes,2,Poor,Good,No,No,No,Yes,18 to 24,Male,High school graduate or GED,No,Other,Yes
Plan A,No,Always,Yes,Usually,10 or more times,4,Always,No,2,Sometimes,Sometimes,Sometimes,Sometimes,1,No,2,5,No,Usually,Never,Yes,Usually,6,Good,Excellent,No,Yes,No,Yes,35 to 44,Male,More than 4-year college degree,Yes,Black or African American,Yes
Plan B,Yes,Usually,Yes,Always,2,0,Usually,No,10 or more times,Always,Sometimes,Never,Usually,8,Yes,2,0,Yes,Sometimes,Never,Yes,Usually,10,Excellent,Fair,No,No,No,Yes,55 to 64,Female,4-year college graduate,No,Native Hawaiian or Other Pacific Islander,Yes
Plan A,Yes,Never,Yes,Always,10 or more times,2,Sometimes,Yes,None,Usually,Usually,Always,Always,2,Yes,2,10,No,Sometimes,Never,Yes,Usually,5,Very good,Poor,Yes,Yes,Yes,No,25 to 34,Male,4-year college graduate,No,Native Hawaiian or Other Pacific Islander,No
Plan E,Yes,Never,Yes,Never,2,9,Always,No,2,Usually,Sometimes,Always,Never,0,No,None,5,No,Never,Never,Yes,Usually,5,Poor,Good,No,Yes,No,No,18 to 24,Female,Some college or 2-year degree,Yes,Native Hawaiian or Other Pacific Islander,Yes
Plan A,No,Always,Yes,Usually,None,5,Always,No,4,Usually,Sometimes,Never,Sometimes,2,Yes,4,0,No,Sometimes,Usually,Yes,Usually,8,Excellent,Excellent,No,Yes,No,Yes,65 to 74,Female,High school graduate or GED,Yes,White,No
Plan E,No,Never,Yes,Always,1 time,5,Usually,Yes,5 to 9,Usually,Sometimes,Sometimes,Never,6,No,1 specialist,1,Yes,Always,Sometimes,Yes,Never,1,Excellent,Poor,No,No,Yes,Yes,18 to 24,Female,Some college or 2-year degree,Yes,Asian,Yes
Plan A,No,Usually,Yes,Always,10 or more times,8,Usually,No,1 time,Usually,Never,Sometimes,Sometimes,5,No,4,5,Yes,Usually,Usually,Yes,Sometimes,6,Good,Poor,No,No,Yes,Yes,35 to 44,Male,Some high school,Yes,American Indian or Alaska Native,Yes
Plan B,Yes,Never,No,Always,3,8,Usually,Yes,5 to 9,Always,Usually,Sometimes,Never,8,Yes,4,0,Yes,Always,Always,No,Sometimes,5,Poor,Poor,Yes,Yes,Yes,No,35 to 44,Male,Some college or 2-year degree,Yes,White,No
Plan E,No,Always,No,Always,5 to 9,8,Sometimes,No,3,Usually,Sometimes,Sometimes,Always,1,Yes,3,1,Yes,Never,Usually,Yes,Never,5,Good,Very good,No,No,No,Yes,65 to 74,Male,Some college or 2-year degree,No,Native Hawaiian or Other Pacific Islander,Yes
Plan D,No,Always,Yes,Never,2,9,Never,No,4,Sometimes,Never,Always,Never,10,Yes,3,9,No,Sometimes,Always,Yes,Always,4,Very good,Excellent,Yes,No,Yes,No,65 to 74,Female,Some high school,Yes,Asian,No
Plan B,Yes,Never,No,Always,2,4,Never,Yes,4,Sometimes,Usually,Usually,Never,6,Yes,2,1,Yes,Always,Usually,No,Sometimes,0,Poor,Fair,No,Yes,No,No,45 to 54,Female,More than 4-year college degree,No,Black or African American,Yes
Plan B,No,Never,Yes,Never,5 to 9,1,Always,No,5 to 9,Always,Sometimes,Sometimes,Never,1,Yes,5 or more specialists,4,Yes,Usually,Never,No,Sometimes,9,Excellent,Excellent,Yes,No,Yes,Yes,45 to 54,Male,Some college or 2-year degree,No,American Indian or Alaska Native,Yes
Plan D,Yes,Usually,No,Usually,4,8,Always,No,1 time,Usually,Never,Never,Always,9,Yes,4,7,Yes,Never,Never,No,Sometimes,9,Fair,Good,Yes,No,No,No,35 to 44,Male,8th grade or less,No,Other,Yes
Plan C,No,Sometimes,No,Usually,None,3,Always,Yes,3,Usually,Usually,Never,Sometimes,0,Yes,4,3,Yes,Usually,Never,Yes,Usually,1,Very good,Very good,No,No,Yes,Yes,18 to 24,Female,Some college or 2-year degree,Yes,American Indian or Alaska Native,No
Plan D,No,Never,Yes,Sometimes,2,8,Sometimes,No,5 to 9,Usually,Always,Usually,Always,8,Yes,1 specialist,2,No,Sometimes,Sometimes,No,Sometimes,5,Good,Good,Yes,No,No,No,65 to 74,Male,More than 4-year college degree,No,Black or African American,Yes
Plan B,No,Always,Yes,Never,None,6,Never,Yes,4,Never,Usually,Sometimes,Sometimes,6,No,None,1,Yes,Never,Sometimes,No,Usually,5,Very good,Poor,No,Yes,Yes,Yes,18 to 24,Female,Some high school,No,Black or African American,Yes
Plan B,Yes,Sometimes,No,Sometimes,1 time,1,Always,Yes,1 time,Usually,Usually,Sometimes,Always,1,Yes,4,9,No,Usually,Usually,Yes,Sometimes,5,Fair,Fair,Yes,No,Yes,Yes,45 to 54,Female,4-year college graduate,Yes,Native Hawaiian or Other Pacific Islander,Yes
Plan C,Yes,Always,No,Usually,None,5,Sometimes,Yes,5 to 9,Sometimes,Sometimes,Sometimes,Sometimes,7,No,None,8,No,Always,Never,No,Usually,4,Very good,Poor,Yes,No,Yes,Yes,55 to 64,Female,High school graduate or GED,No,American Indian or Alaska Native,Yes
Plan A,No,Usually,No,Never,4,8,Usually,No,1 time,Never,Sometimes,Always,Always,1,No,None,6,No,Sometimes,Always,Yes,Never,8,Fair,Fair,No,Yes,Yes,Yes,75 or older,Female,8th grade or less,No,Asian,Yes
Plan A,No,Sometimes,Yes,Sometimes,4,4,Usually,Yes,2,Usually,Usually,Usually,Always,3,No,1 specialist,3,Yes,Always,Never,No,Sometimes,4,Fair,Excellent,Yes,No,Yes,Yes,45 to 54,Male,Some high school,No,American Indian or Alaska Native,Yes
Plan B,No,Sometimes,Yes,Usually,4,10,Usually,Yes,2,Always,Sometimes,Never,Never,6,No,1 specialist,0,No,Usually,Usually,No,Always,5,Good,Very good,Yes,No,Yes,Yes,25 to 34,Male,8th grade or less,Yes,Other,No
Plan E,No,Sometimes,Yes,Sometimes,1 time,1,Usually,No,3,Never,Sometimes,Never,Sometimes,0,Yes,2,5,No,Always,Sometimes,Yes,Usually,1,Very good,Excellent,No,Yes,Yes,No,75 or older,Female,8th grade or less,Yes,White,No
Plan D,No,Never,Yes,Usually,10 or more times,3,Never,Yes,None,Always,Usually,Sometimes,Usually,6,Yes,None,2,Yes,Never,Always,No,Sometimes,4,Poor,Good,Yes,No,No,No,35 to 44,Male,8th grade or less,Yes,Asian,Yes
Plan A,No,Usually,Yes,Usually,1 time,5,Sometimes,Yes,None,Never,Usually,Always,Never,1,No,3,4,Yes,Usually,Always,No,Never,2,Excellent,Good,No,No,No,No,65 to 74,Female,4-year college graduate,Yes,American Indian or Alaska Native,No
Plan A,No,Never,Yes,Sometimes,3,5,Always,No,2,Always,Never,Always,Usually,0,Yes,5 or more specialists,5,No,Never,Always,No,Never,2,Excellent,Good,No,No,Yes,No,55 to 64,Female,High school graduate or GED,No,Black or African American,No
Plan B,Yes,Sometimes,Yes,Always,3,10,Never,Yes,10 or more times,Never,Sometimes,Sometimes,Usually,5,Yes,5 or more specialists,7,No,Never,Never,No,Usually,0,Very good,Very good,No,No,No,No,55 to 64,Male,Some high school,Yes,American Indian or Alaska Native,Yes
Plan B,Yes,Usually,Yes,Sometimes,None,7,Never,Yes,None,Sometimes,Always,Never,Never,7,Yes,1 specialist,1,Yes,Always,Always,No,Never,10,Fair,Very good,No,Yes,No,Yes,25 to 34,Female,Some high school,Yes,Asian,No
Plan C,No,Always,Yes,Usually,3,0,Never,Yes,1 time,Never,Usually,Never,Never,3,No,None,7,No,Usually,Sometimes,Yes,Never,9,Poor,Excellent,No,No,No,Yes,35 to 44,Male,8th grade or less,No,American Indian or Alaska Native,Yes
Plan D,Yes,Sometimes,No,Usually,10 or more times,1,Usually,Yes,10 or more times,Usually,Usually,Never,Always,9,Yes,5 or more specialists,7,Yes,Usually,Never,No,Sometimes,4,Excellent,Poor,No,No,No,Yes,25 to 34,Male,Some college or 2-year degree,No,American Indian or Alaska Native,No
Plan D,Yes,Always,No,Sometimes,5 to 9,10,Never,Yes,5 to 9,Usually,Always,Always,Always,6,Yes,4,0,Yes,Always,Usually,Yes,Always,2,Good,Fair,Yes,Yes,Yes,No,35 to 44,Female,More than 4-year college degree,No,Other,Yes
Plan A,Yes,Never,No,Usually,10 or more times,0,Sometimes,Yes,None,Always,Never,Usually,Always,0,Yes,3,8,Yes,Never,Always,No,Always,2,Poor,Poor,No,No,No,Yes,18 to 24,Male,8th grade or less,No,Asian,Yes
Plan E,Yes,Usually,No,Sometimes,None,10,Sometimes,No,2,Usually,Always,Usually,Usually,5,Yes,4,7,No,Never,Never,No,Never,5,Good,Fair,No,Yes,Yes,No,55 to 64,Male,More than 4-year college degree,No,Native Hawaiian or Other Pacific Islander,Yes
Plan C,No,Never,Yes,Sometimes,10 or more times,10,Always,Yes,4,Never,Usually,Usually,Usually,10,Yes,3,9,Yes,Sometimes,Usually,Yes,Sometimes,1,Poor,Very good,No,No,No,No,18 to 24,Female,Some high school,Yes,American Indian or Alaska Native,Yes
Plan A,Yes,Never,No,Always,5 to 9,3,Usually,No,10 or more times,Always,Sometimes,Never,Always,8,No,None,4,Yes,Sometimes,Sometimes,Yes,Usually,7,Poor,Poor,No,Yes,No,Yes,65 to 74,Female,High school graduate or GED,No,Asian,No
Plan D,No,Usually,No,Never,3,8,Sometimes,No,2,Never,Usually,Never,Always,6,Yes,None,9,No,Always,Always,No,Sometimes,3,Good,Poor,No,Yes,Yes,No,18 to 24,Male,Some high school,No,Asian,No
Plan C,No,Never,No,Sometimes,10 or more times,1,Always,Yes,None,Never,Sometimes,Sometimes,Sometimes,0,No,5 or more specialists,5,No,Usually,Always,No,Always,5,Good,Fair,No,No,No,Yes,18 to 24,Female,8th grade or less,No,Other,No
Plan B,No,Never,Yes,Never,4,3,Never,No,10 or more times,Sometimes,Always,Always,Usually,1,Yes,1 specialist,9,Yes,Always,Sometimes,No,Sometimes,9,Fair,Poor,No,No,No,No,75 or older,Male,Some college or 2-year degree,Yes,Other,Yes
Plan B,Yes,Never,Yes,Sometimes,5 to 9,2,Sometimes,Yes,2,Usually,Usually,Sometimes,Usually,8,Yes,5 or more specialists,2,No,Sometimes,Sometimes,Yes,Always,6,Fair,Fair,Yes,Yes,No,No,75 or older,Male,8th grade or less,No,White,No
Plan D,No,Always,Yes,Never,5 to 9,5,Sometimes,No,4,Usually,Usually,Sometimes,Never,0,Yes,4,7,No,Sometimes,Usually,Yes,Never,0,Very good,Excellent,No,No,No,Yes,75 or older,Male,Some college or 2-year degree,Yes,Black or African American,No
Plan A,No,Always,No,Never,None,0,Sometimes,No,3,Never,Always,Usually,Always,2,Yes,1 specialist,8,Yes,Always,Never,No,Sometimes,3,Fair,Excellent,No,No,No,No,18 to 24,Female,More than 4-year college degree,No,Native Hawaiian or Other Pacific Islander,No
Plan B,Yes,Sometimes,Yes,Usually,5 to 9,8,Always,No,2,Never,Always,Never,Sometimes,6,Yes,2,0,No,Always,Never,No,Usually,6,Very good,Excellent,No,Yes,Yes,No,45 to 54,Female,High school graduate or GED,No,White,Yes
Plan B,Yes,Sometimes,No,Always,3,1,Never,Yes,None,Usually,Never,Sometimes,Sometimes,5,Yes,4,4,Yes,Never,Usually,Yes,Usually,1,Fair,Good,No,Yes,Yes,No,55 to 64,Male,Some high school,Yes,Black or African American,Yes
Plan E,No,Always,No,Usually,1 time,9,Always,No,1 time,Always,Usually,Always,Always,7,No,None,2,Yes,Usually,Usually,No,Never,5,Very good,Excellent,No,Yes,Yes,No,75 or older,Female,More than 4-year college degree,No,Black or African American,Yes
Plan B,Yes,Never,Yes,Usually,3,3,Usually,Yes,5 to 9,Never,Sometimes,Usually,Always,7,No,4,6,No,Sometimes,Always,No,Never,2,Fair,Very good,Yes,No,No,Yes,55 to 64,Female,More than 4-year college degree,No,Black or African American,Yes
Plan D,No,Sometimes,Yes,Usually,5 to 9,0,Sometimes,Yes,10 or more times,Never,Usually,Always,Never,7,Yes,3,9,No,Always,Always,Yes,Usually,5,Fair,Poor,No,No,No,Yes,45 to 54,Female,8th grade or less,No,Native Hawaiian or Other Pacific Islander,Yes
Plan D,No,Never,No,Usually,10 or more times,1,Always,Yes,1 time,Sometimes,Never,Always,Usually,0,Yes,4,8,Yes,Never,Always,No,Usually,5,Very good,Good,No,Yes,No,Yes,75 or older,Male,Some college or 2-year degree,No,Other,Yes
Plan D,No,Always,No,Usually,1 time,7,Never,Yes,3,Always,Always,Never,Always,6,Yes,4,6,Yes,Never,Usually,No,Always,8,Fair,Excellent,Yes,No,Yes,Yes,65 to 74,Male,8th grade or less,Yes,Asian,No
Plan C,Yes,Always,Yes,Never,5 to 9,0,Sometimes,Yes,3,Never,Sometimes,Sometimes,Sometimes,7,No,5 or more specialists,1,No,Always,Never,No,Never,0,Good,Poor,No,Yes,Yes,Yes,35 to 44,Male,8th grade or less,No,Asian,No
Plan E,No,Never,No,Never,10 or more times,4,Never,Yes,3,Sometimes,Never,Always,Always,9,No,None,6,Yes,Usually,Never,Yes,Usually,1,Fair,Very good,Yes,No,No,No,25 to 34,Female,Some high school,No,American Indian or Alaska Native,No
Plan D,No,Never,Yes,Usually,5 to 9,4,Never,Yes,3,Sometimes,Usually,Always,Always,5,No,None,7,Yes,Never,Never,Yes,Usually,1,Very good,Excellent,No,No,No,Yes,55 to 64,Male,More than 4-year college degree,No,American Indian or Alaska Native,Yes
Plan C,No,Always,Yes,Usually,10 or more times,7,Sometimes,No,3,Sometimes,Always,Always,Never,3,No,5 or more specialists,4,Yes,Never,Always,No,Sometimes,1,Very good,Poor,No,Yes,No,Yes,25 to 34,Male,8th grade or less,Yes,Asian,Yes
Plan E,No,Sometimes,Yes,Never,1 time,10,Usually,Yes,3,Never,Usually,Sometimes,Sometimes,9,No,None,8,No,Always,Usually,Yes,Never,0,Excellent,Very good,Yes,No,No,Yes,18 to 24,Female,Some college or 2-year degree,Yes,White,No
Plan A,No,Always,Yes,Always,5 to 9,2,Never,No,None,Never,Sometimes,Usually,Usually,1,Yes,1 specialist,9,No,Sometimes,Sometimes,Yes,Always,4,Poor,Good,No,Yes,Yes,No,65 to 74,Male,4-year college graduate,No,Native Hawaiian or Other Pacific Islander,Yes
Plan C,No,Usually,No,Always,1 time,3,Always,No,5 to 9,Never,Sometimes,Sometimes,Sometimes,4,No,3,9,No,Never,Never,Yes,Always,8,Fair,Very good,No,No,Yes,Yes,25 to 34,Male,Some high school,No,American Indian or Alaska Native,Yes
Plan B,Yes,Usually,Yes,Sometimes,4,9,Usually,Yes,4,Sometimes,Never,Always,Always,2,No,None,10,Yes,Sometimes,Sometimes,Yes,Usually,2,Very good,Very good,No,No,Yes,No,65 to 74,Male,Some high school,Yes,Other,No
Plan E,Yes,Never,No,Never,1 time,4,Usually,Yes,4,Usually,Never,Never,Never,10,No,5 or more specialists,4,Yes,Usually,Always,No,Always,0,Fair,Good,No,Yes,Yes,Yes,65 to 74,Male,Some high school,Yes,American Indian or Alaska Native,Yes
Plan A,Yes,Never,No,Sometimes,4,7,Never,Yes,3,Sometimes,Sometimes,Usually,Usually,9,Yes,4,10,Yes,Sometimes,Sometimes,Yes,Never,9,Very good,Fair,No,No,Yes,No,65 to 74,Male,More than 4-year college degree,Yes,Black or African American,No
Plan B,Yes,Never,No,Usually,2,2,Always,Yes,2,Always,Always,Sometimes,Sometimes,1,Yes,4,4,Yes,Sometimes,Never,No,Sometimes,2,Good,Poor,Yes,No,No,No,25 to 34,Female,Some high school,No,White,No
Plan A,Yes,Always,Yes,Usually,10 or more times,0,Sometimes,Yes,3,Sometimes,Never,Never,Usually,8,No,5 or more specialists,3,Yes,Never,Sometimes,Yes,Always,0,Poor,Very good,Yes,Yes,No,No,25 to 34,Male,More than 4-year college degree,No,Black or African American,No
Plan C,No,Usually,No,Usually,2,4,Usually,No,4,Usually,Never,Usually,Sometimes,1,Yes,None,1,Yes,Always,Sometimes,Yes,Usually,8,Poor,Excellent,Yes,No,No,No,75 or older,Female,More than 4-year college degree,Yes,Other,No
Plan A,No,Usually,No,Never,10 or more times,4,Never,No,4,Sometimes,Always,Always,Never,0,No,1 specialist,7,No,Never,Always,Yes,Always,9,Excellent,Fair,Yes,No,Yes,Yes,45 to 54,Male,8th grade or less,No,Asian,No
Plan C,Yes,Always,No,Sometimes,3,0,Usually,No,5 to 9,Never,Always,Usually,Never,9,Yes,1 specialist,8,No,Sometimes,Usually,Yes,Usually,6,Fair,Poor,No,No,Yes,No,75 or older,Male,4-year college graduate,No,Native Hawaiian or Other Pacific Islander,No
Plan D,Yes,Usually,No,Usually,3,0,Usually,Yes,None,Always,Usually,Sometimes,Never,7,Yes,3,5,Yes,Usually,Never,No,Never,2,Very good,Poor,No,Yes,Yes,No,25 to 34,Female,High school graduate or GED,No,Other,No
Plan A,No,Never,No,Usually,None,10,Sometimes,No,3,Always,Sometimes,Always,Sometimes,10,Yes,None,1,No,Always,Always,Yes,Always,9,Excellent,Excellent,Yes,No,No,Yes,55 to 64,Male,Some high school,Yes,White,Yes
Plan B,No,Never,No,Never,5 to 9,9,Never,No,4,Usually,Usually,Never,Never,0,Yes,4,2,No,Never,Always,Yes,Sometimes,7,Fair,Very good,Yes,No,Yes,Yes,45 to 54,Female,4-year college graduate,No,American Indian or Alaska Native,No
Plan C,Yes,Sometimes,Yes,Always,1 time,4,Always,No,5 to 9,Always,Usually,Always,Usually,8,Yes,1 specialist,5,No,Sometimes,Always,Yes,Never,5,Very good,Poor,No,Yes,No,No,45 to 54,Male,4-year college graduate,Yes,Other,No
Plan B,No,Sometimes,No,Never,10 or more times,8,Sometimes,Yes,1 time,Usually,Always,Sometimes,Always,3,Yes,None,2,Yes,Usually,Usually,Yes,Never,3,Fair,Good,No,No,Yes,No,45 to 54,Female,High school graduate or GED,Yes,Asian,Yes
Plan D,Yes,Always,Yes,Never,None,7,Usually,No,None,Sometimes,Sometimes,Always,Sometimes,8,Yes,None,5,Yes,Always,Usually,Yes,Usually,2,Good,Excellent,No,No,Yes,No,18 to 24,Male,High school graduate or GED,Yes,American Indian or Alaska Native,No
Plan E,No,Never,No,Always,10 or more times,7,Sometimes,Yes,None,Always,Always,Sometimes,Usually,9,Yes,3,9,Yes,Always,Never,Yes,Usually,0,Poor,Very good,Yes,No,Yes,Yes,75 or older,Male,High school graduate or GED,No,Black or African American,Yes
Plan D,Yes,Never,Yes,Always,None,0,Sometimes,No,None,Always,Sometimes,Never,Always,7,No,4,5,No,Always,Sometimes,Yes,Usually,6,Excellent,Very good,No,No,No,Yes,25 to 34,Female,More than 4-year college degree,No,Black or African American,No
Plan C,Yes,Always,Yes,Always,4,7,Usually,Yes,None,Never,Sometimes,Sometimes,Sometimes,7,Yes,5 or more specialists,2,No,Usually,Always,Yes,Usually,5,Excellent,Excellent,No,No,Yes,Yes,55 to 64,Male,4-year college graduate,Yes,Black or African American,No
Plan B,No,Never,Yes,Always,1 time,0,Sometimes,Yes,1 time,Usually,Usually,Sometimes,Sometimes,10,Yes,3,10,Yes,Never,Always,Yes,Usually,3,Poor,Fair,No,Yes,No,No,45 to 54,Male,4-year college graduate,No,Asian,No
Plan A,Yes,Always,No,Usually,3,8,Never,Yes,10 or more times,Usually,Never,Always,Usually,2,No,2,7,Yes,Never,Usually,Yes,Sometimes,8,Good,Excellent,Yes,Yes,Yes,Yes,25 to 34,Female,High school graduate or GED,No,Native Hawaiian or Other Pacific Islander,No
Plan D,Yes,Sometimes,No,Usually,5 to 9,8,Always,Yes,10 or more times,Sometimes,Sometimes,Never,Sometimes,3,No,2,8,No,Never,Sometimes,No,Sometimes,4,Very good,Excellent,Yes,Yes,No,No,45 to 54,Male,High school graduate or GED,Yes,American Indian or Alaska Native,Yes
Plan B,Yes,Usually,Yes,Usually,1 time,1,Sometimes,Yes,3,Always,Always,Always,Never,10,Yes,4,0,No,Never,Sometimes,Yes,Never,6,Fair,Poor,Yes,Yes,No,Yes,55 to 64,Female,High school graduate or GED,No,Black or African American,Yes
Plan B,Yes,Never,Yes,Never,5 to 9,3,Sometimes,Yes,2,Sometimes,Never,Never,Always,5,No,2,4,No,Never,Never,Yes,Sometimes,1,Very good,Fair,Yes,Yes,Yes,No,25 to 34,Female,Some college or 2-year degree,Yes,American Indian or Alaska Native,No
Plan B,Yes,Never,No,Usually,10 or more times,4,Sometimes,Yes,3,Usually,Always,Never,Always,4,No,None,6,No,Always,Usually,Yes,Sometimes,2,Good,Poor,Yes,No,No,No,35 to 44,Female,8th grade or less,Yes,Black or African American,Yes
Plan A,No,Usually,No,Never,10 or more times,6,Usually,No,1 time,Usually,Always,Usually,Never,1,Yes,1 specialist,3,Yes,Sometimes,Sometimes,No,Usually,10,Poor,Poor,Yes,No,No,Yes,65 to 74,Female,High school graduate or GED,Yes,Black or African American,No
Plan E,Yes,Never,Yes,Never,2,4,Always,No,None,Usually,Never,Usually,Always,3,Yes,None,4,No,Usually,Usually,Yes,Sometimes,3,Fair,Fair,No,Yes,No,Yes,18 to 24,Female,8th grade or less,Yes,American Indian or Alaska Native,No
Plan D,No,Sometimes,No,Usually,None,4,Sometimes,No,10 or more times,Usually,Usually,Never,Always,6,No,2,7,No,Never,Usually,Yes,Sometimes,1,Excellent,Very good,Yes,Yes,Yes,No,25 to 34,Female,High school graduate or GED,No,Other,Yes
Plan C,Yes,Sometimes,Yes,Usually,3,6,Usually,No,1 time,Sometimes,Never,Never,Usually,7,Yes,1 specialist,2,Yes,Usually,Never,Yes,Never,4,Good,Good,Yes,No,No,Yes,25 to 34,Female,Some college or 2-year degree,Yes,Native Hawaiian or Other Pacific Islander,No
Plan E,Yes,Usually,Yes,Sometimes,3,4,Always,Yes,1 time,Never,Sometimes,Usually,Never,2,Yes,None,9,Yes,Always,Usually,No,Never,5,Poor,Very good,No,Yes,Yes,Yes,35 to 44,Male,8th grade or less,Yes,Other,Yes
Plan D,No,Usually,No,Usually,None,0,Sometimes,Yes,3,Never,Sometimes,Sometimes,Never,6,Yes,4,9,No,Always,Always,No,Always,2,Excellent,Very good,No,Yes,Yes,Yes,75 or older,Male,Some college or 2-year degree,No,Native Hawaiian or Other Pacific Islander,Yes
Plan A,Yes,Sometimes,No,Never,1 time,0,Never,No,4,Always,Sometimes,Always,Sometimes,4,Yes,None,10,No,Always,Always,Yes,Never,7,Poor,Excellent,No,Yes,No,No,75 or older,Male,Some college or 2-year degree,Yes,Native Hawaiian or Other Pacific Islander,Yes
Plan B,No,Sometimes,Yes,Usually,1 time,5,Never,Yes,None,Never,Never,Usually,Always,1,Yes,2,6,Yes,Usually,Usually,No,Always,7,Good,Good,Yes,No,No,No,75 or older,Female,4-year college graduate,Yes,American Indian or Alaska Native,Yes
Plan E,No,Never,Yes,Sometimes,None,8,Always,No,2,Usually,Never,Sometimes,Usually,6,No,5 or more specialists,9,No,Sometimes,Always,No,Sometimes,3,Good,Excellent,Yes,Yes,Yes,No,75 or older,Female,4-year college graduate,Yes,Other,No
Plan B,Yes,Always,Yes,Usually,3,1,Never,Yes,4,Always,Usually,Usually,Always,0,No,4,0,Yes,Never,Usually,Yes,Usually,10,Poor,Excellent,Yes,No,No,Yes,25 to 34,Male,Some college or 2-year degree,No,Black or African American,No
Plan E,No,Never,No,Usually,2,1,Usually,Yes,10 or more times,Usually,Always,Sometimes,Never,9,No,3,0,No,Never,Always,Yes,Usually,2,Good,Poor,Yes,No,No,No,45 to 54,Male,8th grade or less,No,Native Hawaiian or Other Pacific Islander,Yes
Plan D,No,Usually,Yes,Never,1 time,5,Always,No,None,Usually,Usually,Usually,Never,0,No,None,4,No,Sometimes,Always,Yes,Always,7,Poor,Very good,No,Yes,No,Yes,45 to 54,Male,Some high school,No,Native Hawaiian or Other Pacific Islander,Yes
Plan C,No,Usually,Yes,Always,10 or more times,9,Always,No,3,Never,Always,Usually,Never,2,Yes,1 specialist,6,Yes,Never,Usually,Yes,Never,10,Poor,Excellent,Yes,No,No,No,75 or older,Male,Some high school,Yes,Asian,No
Plan A,No,Never,No,Usually,3,0,Never,No,4,Usually,Usually,Sometimes,Always,0,Yes,5 or more specialists,6,No,Never,Never,No,Usually,8,Good,Excellent,Yes,Yes,No,Yes,45 to 54,Female,4-year college graduate,No,American Indian or Alaska Native,Yes
Plan E,Yes,Never,No,Sometimes,1 time,4,Always,Yes,4,Sometimes,Sometimes,Usually,Always,1,Yes,5 or more specialists,1,No,Always,Never,Yes,Always,10,Excellent,Very good,No,Yes,No,Yes,25 to 34,Male,Some high school,No,Black or African American,No
Plan B,No,Sometimes,No,Always,1 time,1,Sometimes,Yes,None,Sometimes,Usually,Never,Sometimes,10,Yes,1 specialist,0,Yes,Usually,Usually,No,Always,7,Excellent,Good,Yes,No,No,No,35 to 44,Female,Some high school,No,Black or African American,No
Plan E,Yes,Usually,Yes,Never,2,7,Always,Yes,4,Never,Sometimes,Sometimes,Never,10,No,2,9,Yes,Never,Sometimes,No,Never,3,Fair,Fair,Yes,No,Yes,Yes,25 to 34,Female,4-year college graduate,Yes,Black or African American,No
Plan C,Yes,Always,Yes,Never,1 time,7,Never,Yes,10 or more times,Sometimes,Never,Always,Never,0,Yes,2,8,No,Never,Sometimes,Yes,Never,1,Very good,Excellent,Yes,No,Yes,Yes,75 or older,Female,Some high school,No,American Indian or Alaska Native,No
Plan C,No,Never,Yes,Never,None,10,Usually,Yes,None,Sometimes,Sometimes,Usually,Sometimes,4,Yes,4,4,Yes,Usually,Usually,Yes,Usually,10,Excellent,Fair,No,No,No,Yes,25 to 34,Male,High school graduate or GED,Yes,Other,Yes
Plan C,No,Sometimes,No,Never,1 time,5,Sometimes,Yes,None,Never,Always,Usually,Sometimes,8,No,1 specialist,6,Yes,Never,Sometimes,No,Never,8,Good,Fair,No,Yes,No,No,75 or older,Female,High school graduate or GED,No,American Indian or Alaska Native,No
Plan D,Yes,Sometimes,Yes,Usually,10 or more times,7,Usually,No,None,Usually,Never,Always,Sometimes,9,Yes,1 specialist,8,No,Never,Always,No,Usually,3,Poor,Good,Yes,No,No,Yes,35 to 44,Male,8th grade or less,Yes,Asian,Yes
Plan C,Yes,Always,No,Never,3,9,Never,Yes,None,Always,Always,Sometimes,Always,8,Yes,2,2,Yes,Never,Never,No,Sometimes,10,Very good,Very good,Yes,Yes,No,No,25 to 34,Male,8th grade or less,Yes,Other,No
Plan E,No,Never,No,Always,2,5,Sometimes,Yes,3,Always,Usually,Sometimes,Always,5,No,1 specialist,7,Yes,Never,Sometimes,No,Always,6,Fair,Fair,No,Yes,No,No,75 or older,Male,High school graduate or GED,No,Native Hawaiian or Other Pacific Islander,No
Plan C,Yes,Sometimes,No,Always,None,6,Usually,No,10 or more times,Usually,Sometimes,Always,Usually,8,Yes,4,5,Yes,Always,Usually,No,Never,2,Good,Very good,No,No,No,No,65 to 74,Female,More than 4-year college degree,No,Other,Yes
Plan C,Yes,Never,No,Usually,10 or more times,7,Sometimes,Yes,10 or more times,Never,Usually,Sometimes,Always,0,Yes,4,7,No,Always,Always,No,Usually,2,Poor,Good,No,Yes,No,Yes,65 to 74,Female,More than 4-year college degree,Yes,Black or African American,No
Plan D,No,Usually,No,Usually,4,8,Always,No,3,Always,Never,Usually,Never,0,No,3,6,No,Usually,Never,Yes,Sometimes,7,Poor,Excellent,Yes,No,No,No,18 to 24,Male,4-year college graduate,No,White,No
Plan A,Yes,Always,Yes,Never,1 time,2,Usually,No,3,Always,Always,Always,Always,6,No,4,2,No,Always,Never,No,Sometimes,7,Good,Poor,Yes,Yes,Yes,Yes,25 to 34,Male,Some college or 2-year degree,Yes,White,Yes
Plan D,No,Never,Yes,Always,3,10,Never,No,5 to 9,Never,Sometimes,Never,Sometimes,2,No,2,1,No,Usually,Usually,No,Usually,9,Poor,Good,No,No,Yes,Yes,45 to 54,Female,More than 4-year college degree,Yes,White,Yes
Plan B,Yes,Usually,No,Usually,3,5,Never,Yes,1 time,Never,Never,Sometimes,Never,10,Yes,2,8,No,Never,Usually,Yes,Sometimes,3,Excellent,Very good,No,Yes,Yes,No,65 to 74,Male,More than 4-year college degree,No,American Indian or Alaska Native,Yes
Plan A,Yes,Usually,No,Never,2,5,Usually,No,5 to 9,Never,Usually,Sometimes,Sometimes,1,No,4,6,No,Sometimes,Always,No,Always,7,Very good,Poor,No,Yes,No,Yes,75 or older,Male,4-year college graduate,No,American Indian or Alaska Native,No
Plan C,Yes,Always,No,Never,None,7,Sometimes,Yes,None,Usually,Always,Never,Usually,1,Yes,3,1,Yes,Usually,Never,No,Usually,1,Good,Fair,No,Yes,Yes,Yes,65 to 74,Female,Some high school,Yes,Black or African American,Yes
Plan D,No,Always,No,Sometimes,10 or more times,5,Always,No,None,Never,Usually,Sometimes,Usually,5,Yes,3,7,No,Never,Never,No,Always,8,Poor,Good,Yes,No,Yes,No,18 to 24,Female,4-year college graduate,Yes,Other,Yes
Plan E,Yes,Always,Yes,Usually,None,5,Always,No,1 time,Always,Always,Always,Always,6,Yes,3,1,No,Always,Usually,Yes,Never,0,Excellent,Good,No,Yes,No,No,18 to 24,Female,8th grade or less,No,Asian,No
Plan E,No,Never,No,Sometimes,4,9,Usually,Yes,None,Usually,Always,Usually,Usually,5,No,2,8,No,Usually,Sometimes,No,Never,9,Very good,Fair,Yes,Yes,No,Yes,45 to 54,Female,Some high school,Yes,American Indian or Alaska Native,No
Plan D,No,Always,No,Always,4,2,Usually,No,5 to 9,Always,Sometimes,Always,Sometimes,3,No,3,5,No,Usually,Never,Yes,Sometimes,10,Excellent,Good,No,Yes,No,No,35 to 44,Male,High school graduate or GED,No,American Indian or Alaska Native,No
Plan E,Yes,Never,No,Usually,4,1,Sometimes,No,4,Usually,Usually,Sometimes,Sometimes,0,Yes,1 specialist,7,No,Sometimes,Always,Yes,Never,0,Fair,Very good,No,Yes,No,No,18 to 24,Female,Some high school,Yes,Other,Yes
Plan B,No,Never,No,Always,10 or more times,7,Never,No,4,Never,Never,Never,Never,5,Yes,None,10,No,Sometimes,Always,Yes,Sometimes,0,Poor,Fair,No,Yes,No,No,75 or older,Male,High school graduate or GED,Yes,Asian,No
Plan E,No,Sometimes,No,Always,4,10,Never,No,4,Usually,Never,Never,Sometimes,6,No,3,10,No,Always,Always,Yes,Always,4,Fair,Excellent,No,Yes,Yes,Yes,55 to 64,Female,Some high school,Yes,Other,Yes
Plan A,Yes,Usually,No,Always,10 or more times,0,Always,No,5 to 9,Sometimes,Always,Always,Usually,2,No,3,9,No,Never,Never,No,Sometimes,1,Very good,Excellent,No,Yes,Yes,Yes,75 or older,Male,High school graduate or GED,No,Other,No
Plan A,No,Always,No,Always,4,9,Never,No,4,Always,Sometimes,Never,Usually,10,No,2,0,No,Always,Usually,No,Never,10,Very good,Poor,Yes,Yes,No,Yes,45 to 54,Male,Some high school,Yes,Asian,Yes
Plan A,No,Sometimes,No,Never,10 or more times,2,Always,No,3,Always,Never,Never,Always,4,No,5 or more specialists,1,No,Sometimes,Always,Yes,Always,9,Excellent,Excellent,Yes,No,No,Yes,45 to 54,Female,More than 4-year college degree,Yes,Other,No
Plan E,No,Usually,Yes,Sometimes,2,4,Never,No,4,Always,Always,Never,Never,7,No,1 specialist,2,No,Usually,Usually,No,Always,10,Good,Excellent,Yes,Yes,Yes,No,55 to 64,Female,More than 4-year college degree,No,Native Hawaiian or Other Pacific Islander,Yes
Plan E,Yes,Sometimes,Yes,Sometimes,4,1,Never,No,4,Always,Never,Always,Always,10,No,3,9,Yes,Sometimes,Sometimes,Yes,Never,4,Very good,Good,Yes,Yes,No,Yes,18 to 24,Female,Some high school,No,Other,No
Plan A,Yes,Sometimes,Yes,Never,5 to 9,3,Usually,No,5 to 9,Usually,Always,Sometimes,Always,8,Yes,2,0,Yes,Never,Always,No,Always,10,Poor,Good,No,No,No,Yes,18 to 24,Male,Some high school,No,Other,Yes
Plan A,Yes,Sometimes,No,Usually,1 time,9,Sometimes,Yes,1 time,Usually,Never,Always,Always,0,Yes,5 or more specialists,8,Yes,Always,Sometimes,Yes,Sometimes,5,Good,Fair,Yes,No,Yes,Yes,18 to 24,Female,More than 4-year college degree,Yes,Native Hawaiian or Other Pacific Islander,Yes
Plan B,No,Never,Yes,Usually,3,1,Usually,No,None,Always,Usually,Never,Always,5,Yes,2,3,No,Always,Sometimes,Yes,Sometimes,9,Fair,Excellent,No,No,No,No,75 or older,Female,8th grade or less,No,Black or African American,Yes
Plan D,Yes,Usually,Yes,Always,10 or more times,5,Always,Yes,5 to 9,Never,Never,Sometimes,Never,9,Yes,3,9,No,Usually,Always,Yes,Sometimes,4,Excellent,Good,Yes,Yes,No,No,75 or older,Male,Some college or 2-year degree,Yes,Native Hawaiian or Other Pacific Islander,No
Plan E,No,Usually,Yes,Usually,4,10,Sometimes,No,10 or more times,Sometimes,Always,Sometimes,Usually,4,Yes,4,4,Yes,Usually,Never,Yes,Sometimes,8,Excellent,Good,Yes,No,Yes,No,18 to 24,Female,4-year college graduate,Yes,American Indian or Alaska Native,Yes
Plan E,No,Sometimes,No,Always,5 to 9,0,Usually,Yes,None,Sometimes,Always,Usually,Sometimes,5,No,1 specialist,8,No,Always,Never,No,Usually,7,Poor,Poor,No,Yes,No,No,55 to 64,Male,More than 4-year college degree,Yes,Black or African American,No
Plan D,Yes,Sometimes,Yes,Never,3,9,Sometimes,No,5 to 9,Sometimes,Usually,Never,Always,2,No,5 or more specialists,4,No,Always,Usually,No,Always,7,Excellent,Very good,No,No,No,Yes,55 to 64,Female,8th grade or less,No,White,No
Plan E,Yes,Always,No,Usually,3,9,Always,No,10 or more times,Never,Always,Never,Never,5,No,2,3,No,Sometimes,Never,Yes,Always,5,Excellent,Poor,No,Yes,No,No,45 to 54,Male,Some college or 2-year degree,No,Black or African American,No
Plan B,Yes,Sometimes,No,Never,None,3,Always,No,4,Sometimes,Never,Sometimes,Sometimes,9,Yes,None,10,No,Always,Sometimes,Yes,Sometimes,10,Excellent,Good,Yes,No,Yes,Yes,35 to 44,Male,Some high school,Yes,Native Hawaiian or Other Pacific Islander,Yes
Plan E,No,Always,Yes,Never,1 time,3,Never,No,10 or more times,Usually,Sometimes,Never,Never,6,No,1 specialist,3,Yes,Sometimes,Always,No,Usually,10,Fair,Excellent,No,Yes,No,No,55 to 64,Female,More than 4-year college degree,Yes,Other,No
Plan E,Yes,Never,No,Always,3,8,Never,No,2,Usually,Sometimes,Always,Always,6,No,4,10,No,Usually,Sometimes,Yes,Always,7,Poor,Fair,Yes,Yes,Yes,No,35 to 44,Female,More than 4-year college degree,No,White,Yes
Plan C,No,Usually,Yes,Never,None,10,Always,No,2,Usually,Never,Never,Usually,0,No,None,2,No,Always,Sometimes,No,Always,4,Fair,Poor,No,No,No,Yes,18 to 24,Male,4-year college graduate,No,Other,Yes
Plan E,Yes,Sometimes,Yes,Usually,2,9,Always,No,None,Usually,Always,Sometimes,Never,5,Yes,4,10,No,Never,Sometimes,Yes,Usually,0,Fair,Excellent,Yes,Yes,No,No,35 to 44,Female,8th grade or less,No,Other,No
Plan A,No,Never,No,Always,5 to 9,2,Usually,No,1 time,Sometimes,Sometimes,Always,Sometimes,5,Yes,3,9,No,Sometimes,Usually,Yes,Always,1,Very good,Excellent,Yes,No,No,Yes,75 or older,Male,Some high school,Yes,White,Yes
Plan D,No,Sometimes,Yes,Usually,3,2,Never,Yes,None,Always,Never,Usually,Always,1,No,3,0,No,Usually,Usually,Yes,Usually,6,Good,Excellent,No,Yes,Yes,No,65 to 74,Male,4-year college graduate,Yes,American Indian or Alaska Native,Yes
Plan D,No,Never,Yes,Usually,1 time,0,Usually,Yes,2,Sometimes,Always,Sometimes,Never,4,No,1 specialist,10,No,Always,Sometimes,No,Usually,5,Poor,Poor,Yes,No,No,Yes,75 or older,Female,Some college or 2-year degree,No,Black or African American,Yes
Plan E,Yes,Sometimes,Yes,Sometimes,10 or more times,10,Always,No,5 to 9,Always,Sometimes,Never,Usually,9,Yes,2,3,No,Always,Always,No,Sometimes,4,Good,Poor,Yes,Yes,Yes,Yes,35 to 44,Female,8th grade or less,Yes,Asian,No
Plan C,No,Usually,Yes,Never,10 or more times,10,Always,Yes,1 time,Sometimes,Sometimes,Never,Sometimes,1,Yes,1 specialist,9,No,Sometimes,Sometimes,No,Always,10,Good,Excellent,No,No,No,Yes,65 to 74,Male,8th grade or less,No,Black or African American,No
Plan E,No,Sometimes,No,Always,1 time,0,Never,Yes,10 or more times,Never,Sometimes,Usually,Always,2,Yes,2,9,Yes,Never,Sometimes,No,Usually,9,Excellent,Good,No,No,Yes,Yes,35 to 44,Female,4-year college graduate,No,Other,Yes
Plan E,No,Always,Yes,Never,4,5,Always,Yes,4,Never,Always,Never,Never,10,No,1 specialist,8,No,Never,Usually,No,Sometimes,2,Excellent,Good,Yes,No,No,Yes,65 to 74,Male,Some college or 2-year degree,Yes,Native Hawaiian or Other Pacific Islander,No
Plan E,No,Always,No,Usually,2,2,Usually,Yes,3,Never,Sometimes,Always,Sometimes,1,No,5 or more specialists,4,Yes,Always,Never,No,Always,0,Fair,Excellent,No,Yes,No,Yes,75 or older,Female,8th grade or less,No,American Indian or Alaska Native,No
Plan C,Yes,Usually,Yes,Sometimes,2,0,Sometimes,No,2,Never,Never,Never,Sometimes,0,Yes,4,9,No,Never,Always,No,Sometimes,7,Very good,Poor,No,No,No,Yes,18 to 24,Male,8th grade or less,Yes,Asian,No
Plan C,Yes,Usually,Yes,Usually,2,0,Never,No,1 time,Sometimes,Always,Never,Sometimes,4,Yes,5 or more specialists,4,No,Usually,Never,Yes,Usually,10,Poor,Very good,No,No,No,Yes,75 or older,Male,4-year college graduate,No,Other,No
Plan A,Yes,Usually,No,Sometimes,5 to 9,8,Never,No,None,Always,Never,Always,Sometimes,4,No,None,0,No,Sometimes,Never,No,Usually,7,Very good,Very good,No,Yes,No,Yes,35 to 44,Male,High school graduate or GED,Yes,Black or African American,Yes
Plan E,Yes,Sometimes,No,Sometimes,5 to 9,10,Sometimes,No,2,Sometimes,Sometimes,Never,Never,9,No,None,9,No,Never,Never,Yes,Sometimes,1,Fair,Good,No,Yes,Yes,No,35 to 44,Male,Some high school,Yes,Black or African American,No
Plan E,Yes,Sometimes,Yes,Never,1 time,5,Always,No,4,Sometimes,Usually,Sometimes,Sometimes,0,No,2,2,Yes,Usually,Sometimes,No,Always,1,Fair,Good,No,No,Yes,No,65 to 74,Female,8th grade or less,Yes,American Indian or Alaska Native,No
Plan E,Yes,Sometimes,Yes,Sometimes,None,8,Usually,Yes,None,Never,Sometimes,Usually,Never,4,Yes,3,6,Yes,Sometimes,Sometimes,No,Sometimes,4,Fair,Very good,Yes,Yes,No,Yes,75 or older,Male,4-year college graduate,No,Black or African American,Yes
Plan B,No,Sometimes,Yes,Sometimes,4,0,Always,No,4,Always,Always,Never,Sometimes,0,Yes,2,1,No,Never,Sometimes,No,Never,4,Fair,Fair,No,No,Yes,Yes,55 to 64,Female,8th grade or less,No,Native Hawaiian or Other Pacific Islander,Yes
Plan D,Yes,Sometimes,No,Never,5 to 9,3,Always,No,5 to 9,Sometimes,Never,Always,Usually,8,No,1 specialist,7,Yes,Never,Usually,No,Never,9,Good,Good,No,Yes,No,No,35 to 44,Female,Some college or 2-year degree,Yes,White,Yes
Plan A,Yes,Usually,No,Never,1 time,9,Usually,No,4,Usually,Always,Never,Sometimes,0,No,None,4,Yes,Usually,Always,No,Always,6,Poor,Poor,No,Yes,No,No,18 to 24,Male,More than 4-year college degree,No,American Indian or Alaska Native,No
Plan A,Yes,Never,Yes,Sometimes,2,1,Usually,Yes,1 time,Always,Sometimes,Always,Usually,5,No,2,1,Yes,Sometimes,Never,No,Usually,1,Poor,Poor,No,No,Yes,Yes,55 to 64,Female,Some high school,No,White,No
Plan D,No,Never,No,Usually,None,9,Never,No,None,Always,Sometimes,Usually,Sometimes,4,No,4,6,No,Sometimes,Never,Yes,Never,0,Fair,Fair,Yes,No,Yes,No,18 to 24,Male,High school graduate or GED,No,American Indian or Alaska Native,Yes
Plan A,No,Sometimes,No,Never,4,3,Never,Yes,None,Never,Never,Usually,Always,3,Yes,5 or more specialists,2,No,Never,Never,No,Never,0,Excellent,Excellent,No,No,Yes,Yes,75 or older,Male,More than 4-year college degree,Yes,Asian,No
Plan A,No,Always,Yes,Never,5 to 9,1,Usually,No,4,Never,Usually,Usually,Usually,1,Yes,5 or more specialists,8,Yes,Never,Never,Yes,Never,8,Very good,Fair,Yes,No,No,Yes,55 to 64,Female,Some college or 2-year degree,No,American Indian or Alaska Native,No
Plan D,No,Usually,Yes,Never,10 or more times,8,Always,Yes,2,Sometimes,Sometimes,Sometimes,Always,4,Yes,None,6,Yes,Sometimes,Never,Yes,Never,10,Good,Good,Yes,No,Yes,Yes,18 to 24,Male,Some high school,No,Asian,Yes
Plan E,Yes,Sometimes,No,Never,None,1,Always,No,None,Never,Always,Never,Always,10,No,None,1,No,Sometimes,Sometimes,No,Sometimes,7,Good,Fair,No,Yes,No,Yes,65 to 74,Male,4-year college graduate,No,Asian,Yes
Plan D,No,Usually,No,Sometimes,3,7,Usually,Yes,2,Usually,Sometimes,Sometimes,Sometimes,10,Yes,4,1,No,Always,Usually,No,Sometimes,9,Very good,Excellent,No,No,Yes,No,65 to 74,Male,Some high school,Yes,Black or African American,Yes
Plan D,Yes,Usually,No,Always,4,4,Never,No,1 time,Sometimes,Sometimes,Never,Always,9,No,3,7,No,Sometimes,Usually,No,Never,6,Good,Excellent,No,Yes,Yes,No,25 to 34,Female,Some high school,Yes,American Indian or Alaska Native,No
Plan E,Yes,Sometimes,No,Usually,3,6,Always,No,1 time,Never,Never,Always,Always,6,Yes,1 specialist,6,No,Never,Sometimes,No,Usually,8,Fair,Very good,Yes,No,No,Yes,18 to 24,Male,8th grade or less,No,Asian,No
Plan C,No,Never,Yes,Always,10 or more times,8,Never,Yes,2,Usually,Usually,Always,Always,5,No,2,5,Yes,Usually,Sometimes,Yes,Never,9,Very good,Poor,No,Yes,Yes,No,65 to 74,Female,8th grade or less,No,Native Hawaiian or Other Pacific Islander,No
Plan B,No,Always,No,Never,10 or more times,10,Sometimes,Yes,4,Never,Never,Never,Always,1,No,None,2,Yes,Sometimes,Sometimes,Yes,Usually,9,Fair,Good,Yes,Yes,No,No,35 to 44,Female,4-year college graduate,Yes,Other,No
Plan E,Yes,Usually,No,Usually,None,10,Sometimes,Yes,1 time,Sometimes,Usually,Usually,Usually,8,No,2,10,No,Sometimes,Always,Yes,Sometimes,10,Excellent,Very good,Yes,Yes,No,Yes,25 to 34,Female,High school graduate or GED,No,Black or African American,No
Plan E,Yes,Usually,No,Usually,2,7,Usually,Yes,3,Sometimes,Always,Usually,Always,8,No,4,3,No,Sometimes,Usually,No,Never,0,Very good,Poor,Yes,No,Yes,No,65 to 74,Male,Some high school,No,American Indian or Alaska Native,Yes
Plan A,No,Sometimes,Yes,Always,5 to 9,1,Usually,Yes,2,Sometimes,Sometimes,Sometimes,Usually,5,Yes,3,6,No,Sometimes,Never,Yes,Never,4,Fair,Poor,No,No,Yes,No,55 to 64,Female,4-year college graduate,Yes,Other,Yes
Plan A,Yes,Sometimes,Yes,Usually,10 or more times,2,Always,No,2,Always,Never,Sometimes,Sometimes,7,No,5 or more specialists,4,Yes,Sometimes,Always,No,Sometimes,4,Excellent,Poor,Yes,No,Yes,Yes,75 or older,Female,More than 4-year college degree,Yes,Black or African American,Yes
Plan A,No,Usually,No,Sometimes,3,5,Never,No,None,Sometimes,Never,Always,Never,10,Yes,2,6,No,Never,Usually,Yes,Always,7,Good,Poor,No,Yes,No,No,35 to 44,Male,Some high school,Yes,Black or African American,Yes
Plan E,No,Sometimes,No,Usually,1 time,9,Always,Yes,4,Sometimes,Never,Never,Usually,0,No,1 specialist,1,No,Always,Never,Yes,Sometimes,9,Fair,Fair,Yes,No,Yes,Yes,75 or older,Female,High school graduate or GED,Yes,White,Yes
Plan B,No,Always,Yes,Never,2,2,Never,No,3,Sometimes,Always,Sometimes,Never,9,Yes,None,5,No,Always,Always,No,Sometimes,4,Fair,Good,No,Yes,No,Yes,35 to 44,Male,8th grade or less,No,Black or African American,No
Plan B,No,Sometimes,Yes,Always,None,0,Usually,Yes,5 to 9,Always,Sometimes,Always,Always,9,No,5 or more specialists,3,No,Sometimes,Never,Yes,Never,0,Very good,Excellent,No,No,Yes,Yes,25 to 34,Female,Some college or 2-year degree,Yes,Native Hawaiian or Other Pacific Islander,Yes
Plan B,No,Never,No,Never,3,2,Usually,Yes,2,Sometimes,Usually,Usually,Sometimes,8,No,3,6,Yes,Always,Always,No,Always,1,Fair,Fair,No,No,Yes,No,35 to 44,Female,4-year college graduate,Yes,American Indian or Alaska Native,No
Plan B,Yes,Sometimes,Yes,Usually,5 to 9,4,Sometimes,No,10 or more times,Usually,Never,Sometimes,Sometimes,8,No,2,4,No,Usually,Sometimes,No,Never,1,Good,Good,Yes,No,Yes,Yes,45 to 54,Male,Some college or 2-year degree,No,White,No
Plan E,No,Never,Yes,Always,2,10,Never,Yes,3,Never,Sometimes,Always,Never,1,No,5 or more specialists,2,Yes,Always,Sometimes,Yes,Usually,9,Very good,Very good,Yes,No,No,No,18 to 24,Male,4-year college graduate,No,American Indian or Alaska Native,Yes
Plan B,No,Usually,Yes,Sometimes,2,8,Never,Yes,3,Sometimes,Sometimes,Sometimes,Never,1,No,4,8,No,Usually,Never,Yes,Never,8,Excellent,Good,Yes,Yes,Yes,No,55 to 64,Male,More than 4-year college degree,Yes,Native Hawaiian or Other Pacific Islander,No
Plan D,No,Usually,No,Always,4,7,Always,Yes,10 or more times,Usually,Always,Usually,Always,4,Yes,2,5,No,Sometimes,Usually,No,Never,7,Good,Fair,Yes,Yes,Yes,No,35 to 44,Female,More than 4-year college degree,No,Other,Yes
Plan D,Yes,Usually,No,Always,4,2,Always,No,5 to 9,Never,Usually,Never,Always,5,No,4,9,Yes,Never,Never,No,Usually,10,Very good,Good,No,Yes,No,Yes,18 to 24,Male,8th grade or less,No,Asian,Yes
Plan B,Yes,Usually,No,Always,1 time,1,Never,Yes,None,Sometimes,Sometimes,Usually,Sometimes,10,Yes,4,3,No,Usually,Never,Yes,Usually,8,Poor,Fair,No,No,No,Yes,18 to 24,Male,High school graduate or GED,Yes,American Indian or Alaska Native,No
Plan A,No,Always,No,Always,1 time,1,Sometimes,No,None,Never,Never,Always,Sometimes,6,Yes,2,8,Yes,Usually,Sometimes,No,Sometimes,9,Fair,Good,No,No,No,Yes,45 to 54,Female,Some college or 2-year degree,No,Asian,Yes
Plan E,Yes,Usually,No,Always,4,4,Usually,No,2,Usually,Never,Always,Never,1,No,2,8,Yes,Usually,Never,Yes,Never,9,Fair,Good,Yes,Yes,Yes,Yes,25 to 34,Male,Some high school,No,Asian,No
Plan C,No,Never,No,Sometimes,3,3,Never,Yes,2,Never,Sometimes,Usually,Never,10,Yes,None,3,No,Sometimes,Never,Yes,Always,4,Good,Fair,No,No,No,Yes,65 to 74,Male,4-year college graduate,No,Other,Yes
Plan A,Yes,Usually,No,Sometimes,2,10,Always,No,4,Sometimes,Never,Sometimes,Usually,4,Yes,3,2,No,Sometimes,Always,No,Sometimes,1,Poor,Good,No,No,Yes,Yes,65 to 74,Male,Some high school,No,Native Hawaiian or Other Pacific Islander,No
Plan B,Yes,Usually,Yes,Never,3,10,Always,Yes,4,Sometimes,Usually,Usually,Never,5,No,3,10,Yes,Never,Never,Yes,Usually,6,Excellent,Good,No,No,No,Yes,25 to 34,Male,Some high school,Yes,White,Yes
Plan A,Yes,Never,Yes,Always,1 time,2,Always,Yes,1 time,Sometimes,Always,Never,Sometimes,8,No,3,5,No,Always,Always,No,Always,10,Fair,Fair,No,No,Yes,No,25 to 34,Male,High school graduate or GED,Yes,American Indian or Alaska Native,Yes
Plan B,No,Always,No,Sometimes,3,5,Sometimes,No,3,Never,Always,Never,Never,3,No,5 or more specialists,10,Yes,Usually,Sometimes,No,Always,9,Good,Good,No,No,Yes,Yes,18 to 24,Female,4-year college graduate,No,Asian,Yes
Plan C,Yes,Usually,Yes,Always,10 or more times,10,Always,No,2,Always,Always,Usually,Never,8,No,4,7,Yes,Usually,Never,No,Sometimes,3,Fair,Fair,No,Yes,Yes,Yes,35 to 44,Male,Some college or 2-year degree,No,White,No
Plan E,Yes,Sometimes,No,Always,10 or more times,4,Sometimes,Yes,1 time,Always,Never,Never,Never,2,Yes,3,2,Yes,Never,Usually,No,Usually,10,Fair,Excellent,Yes,No,Yes,Yes,55 to 64,Female,High school graduate or GED,No,Black or African American,No
Plan E,No,Usually,No,Always,None,10,Always,Yes,4,Usually,Always,Usually,Usually,10,Yes,None,7,No,Always,Never,No,Never,9,Good,Good,Yes,No,Yes,No,35 to 44,Female,4-year college graduate,Yes,Black or African American,Yes
Plan C,Yes,Sometimes,Yes,Sometimes,3,10,Sometimes,No,None,Sometimes,Sometimes,Always,Always,10,Yes,None,9,No,Always,Always,Yes,Never,0,Fair,Poor,No,Yes,Yes,No,35 to 44,Male,High school graduate or GED,No,Black or African American,No
Plan A,Yes,Sometimes,No,Never,2,10,Always,Yes,3,Sometimes,Usually,Never,Never,7,Yes,2,8,No,Always,Sometimes,Yes,Sometimes,4,Good,Poor,No,No,No,No,65 to 74,Male,Some high school,No,Black or African American,No
Plan B,No,Always,Yes,Always,2,2,Always,No,1 time,Always,Never,Usually,Never,8,Yes,None,8,Yes,Never,Sometimes,No,Always,5,Good,Excellent,No,No,No,Yes,25 to 34,Female,4-year college graduate,No,Asian,No
Plan C,Yes,Always,Yes,Never,1 time,2,Usually,No,1 time,Sometimes,Always,Usually,Sometimes,1,Yes,5 or more specialists,4,Yes,Always,Always,Yes,Usually,5,Fair,Very good,Yes,No,No,Yes,35 to 44,Female,High school graduate or GED,No,White,No
Plan E,Yes,Always,Yes,Always,10 or more times,4,Sometimes,No,3,Sometimes,Never,Always,Never,6,No,2,1,No,Never,Sometimes,Yes,Sometimes,5,Fair,Very good,Yes,No,Yes,Yes,35 to 44,Male,Some high school,No,White,Yes
Plan E,Yes,Usually,Yes,Sometimes,None,1,Sometimes,No,4,Usually,Always,Sometimes,Never,7,No,3,10,Yes,Usually,Sometimes,Yes,Always,0,Good,Good,No,No,No,Yes,35 to 44,Female,More than 4-year college degree,No,White,Yes
Plan B,Yes,Always,Yes,Sometimes,None,8,Always,Yes,5 to 9,Sometimes,Sometimes,Always,Usually,10,Yes,2,8,Yes,Never,Always,Yes,Never,4,Excellent,Good,No,No,Yes,No,65 to 74,Female,Some high school,No,Native Hawaiian or Other Pacific Islander,Yes
Plan E,No,Usually,Yes,Always,None,6,Never,No,3,Never,Sometimes,Sometimes,Usually,5,Yes,2,10,Yes,Always,Never,Yes,Usually,7,Excellent,Poor,Yes,Yes,No,Yes,55 to 64,Male,More than 4-year college degree,Yes,American Indian or Alaska Native,Yes
Plan C,Yes,Usually,Yes,Never,2,9,Sometimes,No,10 or more times,Never,Sometimes,Usually,Always,10,No,None,1,No,Sometimes,Always,No,Sometimes,2,Excellent,Fair,No,Yes,Yes,No,45 to 54,Female,Some college or 2-year degree,Yes,American Indian or Alaska Native,Yes
Plan E,No,Sometimes,Yes,Usually,3,9,Always,Yes,3,Always,Sometimes,Usually,Never,2,Yes,4,1,No,Always,Never,No,Usually,10,Excellent,Fair,Yes,No,Yes,No,35 to 44,Female,High school graduate or GED,No,Black or African American,No
Plan A,No,Usually,No,Sometimes,5 to 9,9,Always,No,1 time,Usually,Sometimes,Usually,Sometimes,3,No,4,8,Yes,Never,Always,Yes,Always,5,Excellent,Very good,Yes,Yes,Yes,Yes,25 to 34,Female,4-year college graduate,Yes,American Indian or Alaska Native,No
Plan B,Yes,Never,No,Sometimes,5 to 9,10,Sometimes,Yes,4,Always,Sometimes,Always,Never,9,No,2,6,Yes,Sometimes,Usually,Yes,Never,10,Excellent,Fair,No,No,No,No,18 to 24,Female,Some college or 2-year degree,Yes,Native Hawaiian or Other Pacific Islander,Yes
Plan C,Yes,Sometimes,Yes,Always,None,8,Always,No,10 or more times,Never,Sometimes,Always,Usually,0,Yes,None,3,No,Usually,Never,Yes,Sometimes,2,Poor,Very good,Yes,No,Yes,Yes,75 or older,Female,8th grade or less,No,White,No
Plan B,No,Always,No,Sometimes,1 time,8,Always,No,10 or more times,Usually,Never,Sometimes,Never,10,No,None,5,No,Never,Usually,No,Always,10,Good,Excellent,No,Yes,No,Yes,25 to 34,Male,More than 4-year college degree,Yes,Black or African American,Yes
Plan A,Yes,Sometimes,No,Always,1 time,7,Never,No,4,Sometimes,Always,Never,Sometimes,9,Yes,2,6,No,Usually,Never,Yes,Never,4,Poor,Fair,No,No,Yes,No,45 to 54,Female,4-year college graduate,No,Black or African American,Yes
Plan E,Yes,Usually,Yes,Sometimes,5 to 9,2,Always,Yes,5 to 9,Always,Usually,Never,Sometimes,0,Yes,1 specialist,7,Yes,Usually,Never,Yes,Always,2,Excellent,Good,No,Yes,Yes,Yes,35 to 44,Female,Some high school,Yes,American Indian or Alaska Native,No
Plan C,No,Never,No,Never,1 time,0,Sometimes,Yes,1 time,Sometimes,Never,Never,Never,0,Yes,3,10,Yes,Always,Never,Yes,Always,5,Fair,Very good,No,No,No,No,25 to 34,Male,4-year college graduate,No,White,No
Plan B,No,Usually,Yes,Sometimes,None,1,Sometimes,No,3,Sometimes,Never,Usually,Usually,6,Yes,5 or more specialists,5,Yes,Always,Always,Yes,Always,5,Fair,Poor,Yes,No,No,No,65 to 74,Female,Some high school,Yes,Asian,Yes
Plan C,No,Never,No,Always,None,6,Sometimes,No,10 or more times,Never,Sometimes,Never,Never,9,No,2,10,No,Always,Usually,Yes,Always,3,Poor,Poor,No,No,No,No,45 to 54,Male,4-year college graduate,Yes,Black or African American,Yes
Plan D,Yes,Never,Yes,Always,10 or more times,5,Usually,Yes,5 to 9,Usually,Always,Never,Never,9,No,3,10,Yes,Always,Sometimes,No,Never,9,Good,Good,No,Yes,Yes,No,65 to 74,Female,8th grade or less,Yes,Other,Yes
Plan E,No,Always,No,Usually,4,5,Never,No,3,Always,Sometimes,Always,Never,10,No,2,8,No,Always,Sometimes,No,Never,5,Fair,Excellent,No,No,Yes,No,45 to 54,Female,High school graduate or GED,No,Black or African American,Yes
Plan C,Yes,Never,Yes,Always,3,8,Never,Yes,3,Usually,Sometimes,Usually,Never,3,Yes,None,3,Yes,Sometimes,Always,Yes,Usually,4,Good,Good,No,Yes,No,No,55 to 64,Female,Some college or 2-year degree,No,Black or African American,Yes
Plan A,No,Always,Yes,Never,10 or more times,3,Always,No,4,Sometimes,Sometimes,Never,Usually,10,Yes,1 specialist,0,No,Sometimes,Always,No,Sometimes,6,Excellent,Good,Yes,Yes,No,Yes,65 to 74,Female,Some high school,No,Native Hawaiian or Other Pacific Islander,No
Plan B,Yes,Never,No,Usually,2,6,Always,No,5 to 9,Always,Never,Never,Usually,9,No,5 or more specialists,4,No,Never,Sometimes,Yes,Usually,4,Very good,Very good,Yes,No,No,No,18 to 24,Male,Some high school,Yes,Asian,Yes
Plan A,Yes,Sometimes,No,Never,None,4,Sometimes,Yes,2,Always,Sometimes,Sometimes,Always,8,Yes,1 specialist,4,No,Never,Never,No,Usually,6,Good,Good,Yes,Yes,No,No,65 to 74,Female,4-year college graduate,No,Black or African American,No
Plan B,No,Usually,Yes,Sometimes,5 to 9,10,Sometimes,No,10 or more times,Usually,Sometimes,Always,Sometimes,1,Yes,1 specialist,9,No,Always,Sometimes,Yes,Usually,4,Fair,Fair,Yes,No,Yes,Yes,18 to 24,Female,8th grade or less,No,Asian,Yes
Plan A,No,Always,No,Always,10 or more times,6,Always,Yes,1 time,Always,Usually,Always,Always,2,Yes,None,8,Yes,Always,Usually,Yes,Never,7,Excellent,Very good,No,Yes,Yes,Yes,75 or older,Female,More than 4-year college degree,Yes,Asian,No
Plan B,No,Never,No,Usually,5 to 9,2,Never,No,4,Always,Usually,Always,Always,8,Yes,4,7,Yes,Never,Sometimes,Yes,Sometimes,9,Very good,Excellent,No,Yes,No,No,75 or older,Female,Some college or 2-year degree,No,American Indian or Alaska Native,No
Plan A,Yes,Never,Yes,Never,1 time,9,Never,Yes,2,Always,Usually,Sometimes,Usually,9,Yes,None,9,No,Never,Sometimes,No,Sometimes,6,Excellent,Excellent,No,No,Yes,Yes,55 to 64,Female,Some college or 2-year degree,Yes,Asian,No
Plan E,Yes,Always,Yes,Never,None,2,Sometimes,Yes,None,Never,Usually,Always,Usually,4,No,2,8,No,Usually,Always,Yes,Usually,2,Very good,Poor,Yes,No,Yes,No,55 to 64,Male,Some high school,Yes,Black or African American,No
Plan A,Yes,Always,Yes,Usually,1 time,6,Never,Yes,2,Always,Sometimes,Sometimes,Sometimes,8,No,1 specialist,9,No,Always,Always,Yes,Usually,3,Very good,Fair,No,Yes,No,Yes,75 or older,Male,Some college or 2-year degree,No,Black or African American,No
Plan C,Yes,Never,Yes,Always,4,7,Never,No,10 or more times,Sometimes,Always,Usually,Always,7,No,1 specialist,5,Yes,Always,Usually,No,Sometimes,2,Good,Very good,Yes,Yes,No,No,75 or older,Male,8th grade or less,Yes,Black or African American,No
Plan E,No,Usually,No,Always,4,2,Usually,No,1 time,Sometimes,Usually,Usually,Never,5,Yes,5 or more specialists,7,Yes,Usually,Sometimes,No,Never,8,Good,Poor,No,Yes,Yes,Yes,25 to 34,Female,Some high school,Yes,Asian,No
Plan C,Yes,Always,Yes,Sometimes,5 to 9,5,Sometimes,No,None,Usually,Sometimes,Never,Sometimes,6,No,5 or more specialists,7,No,Usually,Sometimes,No,Usually,10,Fair,Excellent,Yes,Yes,No,No,75 or older,Female,8th grade or less,Yes,Other,Yes
Plan A,No,Always,Yes,Usually,None,10,Sometimes,No,None,Always,Usually,Usually,Always,5,No,None,5,No,Usually,Never,No,Always,7,Fair,Good,Yes,No,Yes,No,35 to 44,Male,More than 4-year college degree,No,Native Hawaiian or Other Pacific Islander,No
Plan C,Yes,Usually,No,Always,2,8,Sometimes,Yes,2,Usually,Always,Usually,Never,5,No,2,5,Yes,Never,Sometimes,Yes,Never,8,Poor,Excellent,Yes,No,Yes,No,45 to 54,Male,Some high school,Yes,Native Hawaiian or Other Pacific Islander,No
Plan E,Yes,Sometimes,Yes,Sometimes,5 to 9,5,Sometimes,Yes,3,Usually,Never,Sometimes,Always,3,Yes,4,0,Yes,Always,Never,Yes,Never,3,Very good,Excellent,Yes,Yes,No,Yes,18 to 24,Male,More than 4-year college degree,Yes,American Indian or Alaska Native,Yes
Plan E,No,Never,Yes,Sometimes,4,8,Never,No,None,Always,Sometimes,Sometimes,Sometimes,9,No,1 specialist,10,Yes,Always,Usually,No,Never,9,Good,Fair,No,No,Yes,Yes,75 or older,Male,Some college or 2-year degree,No,Native Hawaiian or Other Pacific Islander,Yes
Plan B,Yes,Sometimes,Yes,Usually,10 or more times,5,Always,Yes,None,Never,Usually,Usually,Never,8,No,5 or more specialists,10,Yes,Never,Usually,No,Always,0,Good,Poor,No,Yes,Yes,No,45 to 54,Male,Some high school,No,Black or African American,Yes
Plan A,No,Never,Yes,Usually,4,8,Never,Yes,None,Sometimes,Usually,Always,Always,4,No,4,8,No,Usually,Sometimes,No,Never,9,Poor,Good,Yes,No,No,No,35 to 44,Female,Some college or 2-year degree,No,American Indian or Alaska Native,Yes
Plan D,No,Always,No,Sometimes,2,4,Usually,No,3,Sometimes,Always,Always,Never,10,No,None,8,No,Usually,Never,No,Usually,8,Very good,Excellent,No,No,Yes,Yes,25 to 34,Male,4-year college graduate,No,Other,No
Plan D,Yes,Never,No,Always,2,3,Always,No,10 or more times,Sometimes,Always,Always,Sometimes,3,Yes,1 specialist,4,No,Never,Always,Yes,Usually,0,Excellent,Very good,No,No,Yes,No,18 to 24,Male,More than 4-year college degree,No,Asian,No
Plan B,Yes,Always,No,Usually,10 or more times,5,Sometimes,Yes,5 to 9,Never,Sometimes,Never,Usually,0,No,2,7,Yes,Sometimes,Usually,No,Never,9,Poor,Poor,No,No,Yes,Yes,75 or older,Male,Some college or 2-year degree,Yes,American Indian or Alaska Native,Yes
Plan C,No,Never,No,Sometimes,10 or more times,9,Usually,Yes,5 to 9,Always,Sometimes,Never,Always,1,No,None,2,Yes,Always,Sometimes,Yes,Sometimes,5,Poor,Good,Yes,Yes,Yes,Yes,65 to 74,Female,High school graduate or GED,No,Native Hawaiian or Other Pacific Islander,No
Plan C,Yes,Never,No,Always,3,2,Usually,Yes,3,Usually,Never,Sometimes,Never,8,Yes,3,10,No,Usually,Always,No,Never,3,Good,Very good,No,No,No,Yes,55 to 64,Female,Some high school,No,Asian,Yes
Plan A,No,Always,No,Sometimes,4,5,Sometimes,No,3,Usually,Never,Usually,Never,2,No,None,5,Yes,Usually,Sometimes,Yes,Usually,5,Good,Very good,No,Yes,No,No,35 to 44,Female,Some high school,Yes,Asian,Yes
Plan C,No,Never,No,Always,None,0,Usually,No,1 time,Always,Usually,Always,Always,6,Yes,5 or more specialists,3,No,Sometimes,Usually,Yes,Never,1,Very good,Very good,No,No,No,Yes,55 to 64,Male,4-year college graduate,No,Asian,No
Plan A,Yes,Usually,No,Always,None,5,Usually,No,None,Sometimes,Usually,Never,Always,3,No,5 or more specialists,10,No,Always,Usually,Yes,Usually,1,Good,Very good,No,No,Yes,Yes,45 to 54,Female,Some college or 2-year degree,No,Other,No
Plan B,Yes,Sometimes,Yes,Usually,10 or more times,1,Sometimes,No,2,Sometimes,Always,Sometimes,Usually,2,Yes,3,2,Yes,Sometimes,Usually,No,Never,4,Fair,Good,Yes,Yes,Yes,No,75 or older,Female,High school graduate or GED,Yes,Other,No
Plan E,Yes,Sometimes,No,Sometimes,10 or more times,1,Always,No,None,Never,Always,Never,Never,0,No,2,6,No,Always,Usually,Yes,Never,1,Very good,Poor,Yes,No,Yes,No,55 to 64,Female,8th grade or less,No,White,No
Plan C,Yes,Never,No,Sometimes,10 or more times,6,Always,No,2,Never,Sometimes,Sometimes,Usually,0,Yes,2,5,No,Sometimes,Never,No,Always,0,Fair,Poor,No,No,No,No,75 or older,Female,8th grade or less,No,Other,No
Plan E,Yes,Always,No,Usually,3,8,Sometimes,No,4,Sometimes,Always,Always,Sometimes,1,Yes,None,6,No,Sometimes,Always,Yes,Sometimes,5,Good,Poor,No,Yes,No,Yes,25 to 34,Female,Some college or 2-year degree,No,White,Yes
Plan C,No,Always,Yes,Sometimes,1 time,3,Usually,Yes,2,Sometimes,Never,Always,Usually,6,Yes,3,6,Yes,Always,Sometimes,Yes,Usually,5,Very good,Excellent,Yes,No,Yes,No,25 to 34,Female,4-year college graduate,No,White,No
Plan B,No,Always,No,Sometimes,1 time,6,Always,No,2,Sometimes,Always,Usually,Sometimes,6,No,4,2,No,Always,Never,Yes,Usually,9,Poor,Good,Yes,No,No,Yes,65 to 74,Male,Some college or 2-year degree,Yes,Other,No
Plan A,Yes,Sometimes,Yes,Never,10 or more times,3,Never,No,3,Usually,Always,Usually,Usually,0,Yes,5 or more specialists,7,No,Never,Never,No,Usually,1,Good,Fair,No,No,No,Yes,35 to 44,Female,Some high school,No,Black or African American,Yes
Plan A,Yes,Never,No,Sometimes,10 or more times,5,Never,Yes,2,Sometimes,Usually,Never,Always,9,Yes,5 or more specialists,6,No,Never,Never,Yes,Usually,10,Good,Good,No,No,Yes,Yes,75 or older,Female,Some high school,No,Other,Yes
Plan D,No,Always,No,Never,5 to 9,7,Always,Yes,1 time,Always,Sometimes,Never,Never,2,Yes,2,6,No,Sometimes,Sometimes,No,Sometimes,8,Fair,Fair,Yes,No,Yes,No,65 to 74,Male,More than 4-year college degree,No,Other,Yes
Plan E,Yes,Usually,No,Usually,10 or more times,5,Always,Yes,10 or more times,Usually,Never,Sometimes,Sometimes,4,No,4,4,Yes,Never,Never,Yes,Sometimes,7,Good,Good,Yes,Yes,No,Yes,25 to 34,Male,4-year college graduate,Yes,Black or African American,No
Plan A,No,Sometimes,Yes,Usually,1 time,6,Never,No,1 time,Never,Never,Always,Sometimes,0,Yes,1 specialist,0,Yes,Never,Never,No,Sometimes,3,Excellent,Good,No,Yes,No,Yes,65 to 74,Male,Some high school,No,Black or African American,Yes
Plan C,Yes,Usually,No,Usually,2,3,Never,Yes,2,Sometimes,Sometimes,Always,Always,5,No,1 specialist,10,No,Never,Always,No,Never,6,Poor,Fair,Yes,No,Yes,Yes,35 to 44,Female,Some college or 2-year degree,No,Asian,Yes
Plan B,Yes,Sometimes,Yes,Sometimes,2,7,Never,No,None,Never,Sometimes,Usually,Never,5,No,None,8,No,Usually,Sometimes,No,Never,1,Good,Poor,No,Yes,Yes,No,35 to 44,Male,8th grade or less,No,American Indian or Alaska Native,Yes
Plan B,No,Never,Yes,Usually,2,7,Never,Yes,5 to 9,Usually,Usually,Always,Never,1,Yes,1 specialist,9,No,Sometimes,Usually,Yes,Sometimes,7,Very good,Excellent,Yes,Yes,No,Yes,18 to 24,Male,4-year college graduate,Yes,Asian,No
Plan E,No,Sometimes,No,Always,1 time,8,Usually,No,5 to 9,Sometimes,Sometimes,Never,Sometimes,3,No,None,4,Yes,Usually,Never,No,Sometimes,0,Excellent,Poor,No,Yes,No,No,18 to 24,Female,8th grade or less,No,Other,Yes
Plan D,Yes,Usually,No,Never,2,5,Usually,No,2,Sometimes,Sometimes,Always,Never,0,Yes,None,3,Yes,Sometimes,Usually,Yes,Never,7,Excellent,Fair,No,Yes,Yes,No,18 to 24,Male,High school graduate or GED,Yes,Other,No
Plan C,No,Never,No,Sometimes,4,10,Sometimes,No,None,Sometimes,Always,Sometimes,Never,2,Yes,None,2,No,Always,Always,No,Always,10,Excellent,Excellent,Yes,Yes,No,Yes,45 to 54,Female,More than 4-year college degree,Yes,American Indian or Alaska Native,Yes
Plan C,No,Sometimes,Yes,Never,1 time,6,Always,No,10 or more times,Sometimes,Always,Never,Usually,10,No,5 or more specialists,8,No,Never,Never,No,Always,3,Excellent,Excellent,No,Yes,No,No,55 to 64,Female,4-year college graduate,No,White,No
Plan B,No,Sometimes,No,Usually,4,3,Sometimes,Yes,5 to 9,Always,Sometimes,Usually,Sometimes,8,No,5 or more specialists,10,Yes,Never,Sometimes,Yes,Always,9,Fair,Excellent,Yes,Yes,No,Yes,65 to 74,Male,Some high school,Yes,White,Yes
Plan D,Yes,Never,Yes,Never,1 time,1,Usually,No,4,Never,Sometimes,Sometimes,Always,3,No,None,1,No,Usually,Always,No,Always,1,Good,Fair,Yes,No,Yes,Yes,18 to 24,Female,Some high school,No,Asian,Yes
Plan E,Yes,Sometimes,No,Never,3,9,Always,No,3,Sometimes,Usually,Always,Sometimes,7,Yes,4,2,No,Usually,Never,No,Sometimes,9,Very good,Fair,No,Yes,Yes,No,75 or older,Male,8th grade or less,No,Black or African American,No
Plan B,Yes,Sometimes,Yes,Sometimes,3,3,Never,No,None,Usually,Sometimes,Never,Usually,2,No,5 or more specialists,0,No,Usually,Sometimes,Yes,Sometimes,6,Excellent,Very good,Yes,No,No,Yes,65 to 74,Male,Some high school,No,Other,Yes
Plan C,No,Sometimes,No,Sometimes,4,2,Usually,Yes,4,Sometimes,Usually,Sometimes,Usually,2,No,5 or more specialists,5,No,Usually,Never,No,Usually,5,Very good,Very good,Yes,Yes,Yes,No,75 or older,Male,8th grade or less,Yes,White,Yes
Plan E,Yes,Never,Yes,Never,5 to 9,10,Sometimes,No,None,Always,Never,Always,Never,10,Yes,2,4,Yes,Sometimes,Never,Yes,Usually,5,Good,Poor,No,No,Yes,No,18 to 24,Female,Some high school,Yes,Other,Yes
Plan D,No,Never,No,Sometimes,5 to 9,4,Sometimes,Yes,10 or more times,Never,Usually,Sometimes,Always,2,Yes,5 or more specialists,2,No,Usually,Never,No,Usually,4,Very good,Fair,Yes,No,No,No,35 to 44,Male,Some high school,No,Black or African American,Yes
Plan B,No,Never,No,Usually,2,1,Never,Yes,4,Usually,Sometimes,Never,Usually,0,Yes,None,10,Yes,Sometimes,Usually,Yes,Always,3,Very good,Poor,Yes,No,No,No,35 to 44,Female,More than 4-year college degree,Yes,Other,No
Plan D,No,Sometimes,No,Never,5 to 9,9,Usually,Yes,1 time,Never,Never,Sometimes,Always,10,No,5 or more specialists,1,Yes,Never,Never,No,Always,10,Good,Poor,Yes,Yes,Yes,Yes,25 to 34,Female,Some high school,Yes,Native Hawaiian or Other Pacific Islander,No
Plan E,Yes,Usually,No,Never,4,3,Usually,No,4,Sometimes,Sometimes,Always,Usually,9,Yes,3,7,Yes,Never,Sometimes,Yes,Never,4,Very good,Good,Yes,Yes,Yes,Yes,25 to 34,Female,Some college or 2-year degree,No,Asian,Yes
Plan A,No,Sometimes,No,Sometimes,10 or more times,1,Sometimes,No,2,Never,Usually,Usually,Sometimes,1,No,3,0,Yes,Never,Sometimes,Yes,Usually,2,Poor,Poor,Yes,No,Yes,No,55 to 64,Female,High school graduate or GED,No,Black or African American,No
Plan D,Yes,Sometimes,No,Sometimes,10 or more times,6,Always,No,3,Sometimes,Always,Never,Sometimes,4,No,2,4,No,Always,Never,Yes,Sometimes,2,Poor,Poor,No,No,No,No,18 to 24,Male,High school graduate or GED,Yes,American Indian or Alaska Native,No
Plan E,Yes,Usually,Yes,Sometimes,2,1,Usually,No,3,Sometimes,Sometimes,Sometimes,Never,6,No,2,8,Yes,Never,Always,Yes,Never,3,Poor,Fair,Yes,Yes,No,Yes,35 to 44,Male,Some high school,Yes,Native Hawaiian or Other Pacific Islander,No
Plan B,No,Usually,No,Always,5 to 9,3,Never,No,1 time,Never,Always,Always,Always,10,Yes,5 or more specialists,8,No,Usually,Always,Yes,Always,0,Good,Very good,No,Yes,Yes,No,35 to 44,Male,High school graduate or GED,No,Native Hawaiian or Other Pacific Islander,No
Plan D,No,Never,No,Sometimes,4,1,Always,No,3,Always,Usually,Sometimes,Always,8,Yes,2,0,Yes,Never,Never,No,Sometimes,4,Good,Good,No,Yes,No,No,75 or older,Female,Some high school,Yes,Black or African American,No
Plan B,No,Usually,Yes,Always,5 to 9,8,Never,No,10 or more times,Sometimes,Always,Sometimes,Never,6,Yes,2,3,No,Usually,Always,No,Always,1,Poor,Fair,No,Yes,Yes,No,65 to 74,Female,Some college or 2-year degree,Yes,Other,Yes
Plan C,Yes,Always,Yes,Usually,1 time,2,Usually,No,None,Usually,Always,Never,Usually,6,Yes,2,10,Yes,Never,Sometimes,No,Usually,1,Poor,Excellent,Yes,No,No,Yes,35 to 44,Male,More than 4-year college degree,No,White,No
Plan E,Yes,Sometimes,No,Never,2,5,Sometimes,Yes,1 time,Always,Sometimes,Sometimes,Usually,6,Yes,4,2,No,Always,Usually,No,Always,3,Good,Fair,No,Yes,Yes,No,25 to 34,Male,Some college or 2-year degree,No,Asian,Yes
Plan C,No,Always,No,Sometimes,None,6,Usually,Yes,10 or more times,Sometimes,Sometimes,Usually,Usually,1,Yes,None,0,No,Usually,Usually,Yes,Never,4,Very good,Poor,No,Yes,Yes,No,75 or older,Female,More than 4-year college degree,Yes,Asian,Yes
Plan A,No,Usually,No,Never,10 or more times,5,Always,Yes,2,Usually,Always,Never,Usually,10,Yes,None,8,No,Never,Usually,Yes,Usually,5,Excellent,Poor,Yes,Yes,No,Yes,25 to 34,Male,8th grade or less,Yes,Other,Yes
Plan E,Yes,Always,No,Usually,10 or more times,1,Never,No,4,Sometimes,Usually,Sometimes,Never,6,No,1 specialist,0,No,Usually,Sometimes,No,Always,9,Very good,Excellent,Yes,No,No,Yes,35 to 44,Male,High school graduate or GED,Yes,White,No
Plan E,No,Always,No,Usually,5 to 9,8,Never,Yes,3,Always,Always,Sometimes,Usually,10,Yes,3,4,Yes,Usually,Never,No,Sometimes,10,Very good,Poor,No,No,No,Yes,35 to 44,Female,More than 4-year college degree,Yes,Native Hawaiian or Other Pacific Islander,Yes
Plan E,Yes,Always,Yes,Never,2,9,Always,No,1 time,Always,Always,Usually,Usually,2,No,3,9,Yes,Never,Usually,Yes,Always,8,Very good,Fair,No,No,Yes,No,75 or older,Female,8th grade or less,No,White,Yes
Plan D,Yes,Never,No,Usually,None,4,Always,Yes,4,Never,Usually,Never,Always,1,No,2,2,Yes,Usually,Sometimes,No,Always,8,Very good,Excellent,Yes,No,No,No,35 to 44,Female,8th grade or less,Yes,Other,Yes
Plan D,No,Usually,Yes,Sometimes,10 or more times,10,Sometimes,Yes,4,Usually,Sometimes,Sometimes,Never,10,Yes,3,8,Yes,Usually,Always,Yes,Usually,0,Poor,Excellent,No,Yes,Yes,No,25 to 34,Male,Some college or 2-year degree,No,Other,Yes
Plan A,Yes,Sometimes,No,Never,4,3,Never,Yes,10 or more times,Usually,Usually,Always,Never,6,Yes,1 specialist,8,No,Sometimes,Sometimes,No,Never,6,Good,Very good,Yes,Yes,Yes,No,65 to 74,Male,Some high school,Yes,Native Hawaiian or Other Pacific Islander,No
Plan E,No,Usually,Yes,Sometimes,2,3,Always,No,2,Usually,Always,Sometimes,Never,1,No,3,1,Yes,Always,Sometimes,Yes,Never,6,Poor,Good,No,Yes,Yes,Yes,55 to 64,Female,High school graduate or GED,Yes,Black or African American,No
Plan D,Yes,Usually,Yes,Sometimes,3,2,Usually,Yes,None,Sometimes,Never,Always,Always,4,No,None,6,No,Always,Always,No,Usually,4,Very good,Very good,Yes,Yes,No,Yes,18 to 24,Female,4-year college graduate,Yes,Native Hawaiian or Other Pacific Islander,Yes
Plan B,Yes,Usually,No,Sometimes,3,8,Sometimes,No,3,Always,Never,Never,Always,6,Yes,4,10,Yes,Usually,Sometimes,Yes,Always,7,Excellent,Fair,Yes,No,No,Yes,45 to 54,Female,8th grade or less,Yes,Other,No
Plan B,No,Sometimes,Yes,Never,None,3,Never,No,3,Always,Never,Always,Always,3,No,5 or more specialists,3,No,Sometimes,Sometimes,No,Never,8,Good,Very good,Yes,Yes,Yes,No,25 to 34,Male,Some high school,No,Other,No
Plan A,Yes,Usually,Yes,Never,5 to 9,6,Usually,Yes,3,Never,Always,Never,Sometimes,4,No,4,0,No,Always,Usually,No,Usually,8,Very good,Poor,No,No,Yes,No,65 to 74,Male,8th grade or less,Yes,Asian,Yes
Plan B,No,Sometimes,No,Never,10 or more times,1,Usually,No,None,Always,Sometimes,Sometimes,Usually,4,Yes,4,9,No,Sometimes,Usually,Yes,Sometimes,1,Fair,Excellent,Yes,Yes,Yes,Yes,25 to 34,Male,Some high school,No,Asian,No
Plan A,Yes,Sometimes,Yes,Sometimes,10 or more times,2,Never,Yes,4,Usually,Never,Sometimes,Usually,3,Yes,4,6,No,Always,Sometimes,Yes,Never,10,Very good,Very good,No,No,Yes,Yes,18 to 24,Female,Some college or 2-year degree,No,Asian,Yes
Plan A,No,Sometimes,No,Never,10 or more times,2,Sometimes,No,4,Sometimes,Never,Never,Usually,6,Yes,5 or more specialists,4,No,Sometimes,Sometimes,No,Always,6,Fair,Good,Yes,Yes,No,Yes,55 to 64,Male,Some college or 2-year degree,No,American Indian or Alaska Native,Yes
Plan A,Yes,Never,No,Never,3,5,Never,No,4,Sometimes,Usually,Never,Sometimes,2,No,4,6,Yes,Always,Usually,No,Never,0,Very good,Good,Yes,No,Yes,Yes,35 to 44,Female,More than 4-year college degree,No,Asian,No
Plan D,Yes,Always,Yes,Always,1 time,7,Always,No,3,Never,Always,Always,Usually,0,No,1 specialist,1,Yes,Sometimes,Always,No,Sometimes,9,Poor,Poor,No,No,Yes,Yes,35 to 44,Female,More than 4-year college degree,Yes,Other,Yes
Plan B,Yes,Always,No,Never,5 to 9,1,Usually,No,2,Never,Never,Sometimes,Always,8,No,2,3,No,Sometimes,Never,Yes,Usually,5,Very good,Very good,Yes,No,Yes,Yes,18 to 24,Male,More than 4-year college degree,No,American Indian or Alaska Native,Yes
Plan D,No,Sometimes,No,Always,1 time,10,Usually,Yes,1 time,Always,Sometimes,Always,Always,7,Yes,3,4,Yes,Sometimes,Always,No,Always,10,Fair,Excellent,No,No,No,Yes,55 to 64,Male,4-year college graduate,Yes,White,No
Plan B,No,Never,Yes,Never,4,10,Sometimes,No,None,Always,Always,Usually,Always,4,Yes,3,0,No,Always,Never,Yes,Never,3,Poor,Poor,Yes,No,No,No,45 to 54,Male,Some college or 2-year degree,Yes,Black or African American,No
Plan C,No,Sometimes,Yes,Always,None,9,Always,Yes,None,Never,Always,Always,Sometimes,8,No,5 or more specialists,9,Yes,Usually,Usually,No,Usually,3,Very good,Very good,Yes,No,Yes,Yes,35 to 44,Female,8th grade or less,No,American Indian or Alaska Native,Yes
Plan A,Yes,Sometimes,Yes,Never,4,4,Usually,Yes,4,Never,Never,Never,Always,3,No,5 or more specialists,8,Yes,Sometimes,Always,No,Never,3,Good,Fair,Yes,No,Yes,Yes,25 to 34,Female,4-year college graduate,No,Native Hawaiian or Other Pacific Islander,No
Plan B,No,Sometimes,Yes,Sometimes,3,5,Sometimes,No,4,Always,Usually,Always,Usually,6,Yes,2,4,No,Sometimes,Always,No,Never,1,Very good,Excellent,No,Yes,Yes,No,45 to 54,Female,More than 4-year college degree,Yes,Native Hawaiian or Other Pacific Islander,No
Plan B,No,Sometimes,No,Sometimes,10 or more times,0,Usually,Yes,2,Sometimes,Usually,Sometimes,Never,1,No,None,3,Yes,Never,Usually,Yes,Always,3,Poor,Poor,No,No,No,Yes,55 to 64,Male,8th grade or less,No,Native Hawaiian or Other Pacific Islander,Yes
Plan C,No,Never,No,Never,10 or more times,8,Always,No,4,Sometimes,Sometimes,Never,Always,10,No,4,9,Yes,Usually,Sometimes,Yes,Always,10,Good,Excellent,Yes,No,No,Yes,55 to 64,Female,4-year college graduate,Yes,American Indian or Alaska Native,Yes
Plan C,No,Never,Yes,Sometimes,4,4,Usually,Yes,2,Never,Never,Sometimes,Never,3,Yes,None,9,Yes,Always,Always,No,Always,4,Fair,Very good,Yes,Yes,Yes,No,55 to 64,Male,High school graduate or GED,No,White,Yes
Plan B,No,Always,No,Always,2,8,Always,No,4,Never,Always,Sometimes,Never,7,Yes,None,8,No,Always,Always,No,Never,3,Excellent,Fair,No,No,No,Yes,18 to 24,Female,Some college or 2-year degree,Yes,Asian,No
Plan B,Yes,Always,Yes,Sometimes,None,6,Never,Yes,2,Sometimes,Sometimes,Always,Always,3,Yes,1 specialist,4,No,Usually,Sometimes,No,Usually,0,Poor,Excellent,No,No,No,No,35 to 44,Male,8th grade or less,No,White,Yes
Plan A,Yes,Never,No,Usually,10 or more times,1,Never,No,2,Always,Always,Sometimes,Sometimes,1,No,None,8,No,Never,Always,Yes,Sometimes,8,Fair,Fair,No,No,Yes,Yes,55 to 64,Male,More than 4-year college degree,Yes,White,Yes
Plan B,No,Usually,No,Never,4,8,Sometimes,Yes,None,Sometimes,Never,Never,Never,8,No,4,1,Yes,Usually,Always,Yes,Usually,4,Fair,Good,Yes,No,Yes,Yes,35 to 44,Female,4-year college graduate,Yes,American Indian or Alaska Native,Yes
Plan B,No,Usually,No,Usually,4,2,Always,No,2,Sometimes,Usually,Never,Always,3,Yes,5 or more specialists,7,No,Usually,Never,Yes,Usually,10,Very good,Poor,Yes,Yes,Yes,Yes,55 to 64,Male,4-year college graduate,No,White,Yes
Plan A,Yes,Always,No,Always,1 time,1,Never,No,2,Sometimes,Usually,Always,Usually,3,Yes,None,9,Yes,Sometimes,Sometimes,Yes,Sometimes,1,Good,Poor,Yes,Yes,Yes,Yes,45 to 54,Male,4-year college graduate,Yes,American Indian or Alaska Native,Yes
Plan C,Yes,Usually,Yes,Always,10 or more times,6,Usually,No,1 time,Sometimes,Sometimes,Usually,Sometimes,7,Yes,1 specialist,0,Yes,Never,Always,Yes,Never,6,Fair,Excellent,No,Yes,No,No,35 to 44,Female,4-year college graduate,Yes,White,Yes
Plan A,No,Usually,Yes,Always,3,7,Never,No,1 time,Always,Sometimes,Usually,Always,6,Yes,2,5,Yes,Sometimes,Sometimes,Yes,Sometimes,10,Excellent,Poor,Yes,No,No,No,25 to 34,Female,8th grade or less,No,American Indian or Alaska Native,Yes
Plan B,Yes,Sometimes,Yes,Sometimes,10 or more times,5,Usually,Yes,5 to 9,Usually,Always,Always,Never,5,No,5 or more specialists,0,Yes,Always,Always,Yes,Always,0,Excellent,Very good,No,No,Yes,No,65 to 74,Female,Some college or 2-year degree,No,Native Hawaiian or Other Pacific Islander,No
Plan D,No,Never,Yes,Sometimes,2,9,Sometimes,Yes,1 time,Usually,Never,Sometimes,Sometimes,5,Yes,4,3,No,Never,Sometimes,No,Never,10,Poor,Fair,Yes,No,No,Yes,25 to 34,Male,8th grade or less,Yes,Native Hawaiian or Other Pacific Islander,Yes
Plan B,Yes,Never,No,Always,1 time,3,Sometimes,Yes,10 or more times,Never,Sometimes,Sometimes,Usually,0,No,None,3,Yes,Usually,Usually,No,Usually,7,Excellent,Very good,Yes,No,No,Yes,45 to 54,Female,8th grade or less,No,Black or African American,Yes
Plan C,No,Usually,No,Always,3,3,Sometimes,Yes,3,Usually,Never,Never,Usually,8,Yes,1 specialist,4,Yes,Always,Always,No,Always,10,Excellent,Excellent,Yes,Yes,No,Yes,65 to 74,Female,8th grade or less,No,Other,Yes
Plan D,No,Always,Yes,Always,2,2,Always,Yes,5 to 9,Usually,Always,Usually,Sometimes,7,No,3,7,Yes,Sometimes,Never,No,Always,7,Fair,Poor,Yes,No,Yes,No,25 to 34,Female,8th grade or less,No,Asian,No
Plan E,Yes,Usually,No,Never,3,3,Never,Yes,2,Always,Never,Sometimes,Usually,2,Yes,None,3,Yes,Usually,Never,No,Usually,10,Fair,Very good,No,Yes,Yes,Yes,55 to 64,Female,High school graduate or GED,No,American Indian or Alaska Native,Yes
Plan D,No,Sometimes,No,Sometimes,1 time,7,Never,Yes,5 to 9,Sometimes,Never,Usually,Usually,5,No,1 specialist,0,Yes,Always,Always,No,Always,9,Poor,Very good,Yes,No,Yes,Yes,25 to 34,Female,8th grade or less,Yes,Native Hawaiian or Other Pacific Islander,No
Plan A,Yes,Never,Yes,Sometimes,4,5,Usually,Yes,1 time,Always,Never,Always,Never,6,Yes,3,1,Yes,Always,Usually,No,Sometimes,6,Good,Poor,Yes,Yes,Yes,Yes,18 to 24,Male,High school graduate or GED,Yes,Other,Yes
Plan B,No,Usually,No,Always,10 or more times,4,Always,No,1 time,Never,Sometimes,Sometimes,Never,5,No,None,5,Yes,Always,Sometimes,Yes,Sometimes,7,Very good,Very good,No,No,No,No,25 to 34,Male,8th grade or less,Yes,American Indian or Alaska Native,Yes
Plan E,Yes,Never,Yes,Never,1 time,2,Never,Yes,None,Sometimes,Sometimes,Sometimes,Never,3,Yes,2,1,No,Never,Always,Yes,Usually,7,Good,Good,Yes,Yes,No,No,45 to 54,Female,8th grade or less,No,Black or African American,No
Plan B,No,Never,Yes,Always,1 time,7,Never,Yes,1 time,Sometimes,Sometimes,Usually,Never,1,No,4,6,Yes,Usually,Always,Yes,Never,10,Good,Excellent,Yes,Yes,No,No,65 to 74,Female,8th grade or less,Yes,White,No
Plan B,Yes,Sometimes,Yes,Never,None,10,Sometimes,Yes,10 or more times,Always,Sometimes,Sometimes,Sometimes,2,Yes,3,1,Yes,Sometimes,Sometimes,No,Sometimes,8,Very good,Very good,Yes,No,Yes,Yes,35 to 44,Female,Some college or 2-year degree,No,Native Hawaiian or Other Pacific Islander,No
Plan C,No,Usually,Yes,Usually,2,5,Always,Yes,10 or more times,Never,Sometimes,Always,Never,4,No,5 or more specialists,7,Yes,Usually,Always,No,Usually,6,Good,Excellent,Yes,Yes,Yes,Yes,35 to 44,Female,8th grade or less,Yes,Other,No
Plan A,Yes,Usually,Yes,Sometimes,1 time,4,Never,No,3,Sometimes,Usually,Sometimes,Always,4,Yes,None,10,No,Never,Sometimes,No,Never,4,Excellent,Good,No,No,Yes,No,25 to 34,Male,More than 4-year college degree,Yes,Other,No
Plan B,Yes,Always,Yes,Sometimes,1 time,10,Usually,No,5 to 9,Never,Never,Sometimes,Usually,10,No,4,9,No,Always,Always,Yes,Always,0,Very good,Fair,No,Yes,No,Yes,75 or older,Female,4-year college graduate,Yes,White,No
Plan D,No,Usually,No,Usually,3,8,Never,Yes,3,Never,Usually,Usually,Always,9,Yes,1 specialist,9,Yes,Never,Usually,No,Never,8,Very good,Fair,Yes,No,Yes,Yes,25 to 34,Female,Some high school,No,Black or African American,No
Plan D,No,Never,Yes,Never,5 to 9,4,Usually,No,4,Always,Always,Sometimes,Never,8,Yes,4,10,No,Usually,Sometimes,Yes,Usually,10,Poor,Very good,No,Yes,No,No,18 to 24,Female,More than 4-year college degree,No,Asian,No
Plan D,No,Sometimes,No,Never,10 or more times,7,Never,No,1 time,Sometimes,Sometimes,Always,Sometimes,1,Yes,3,9,Yes,Never,Sometimes,No,Usually,1,Excellent,Excellent,No,Yes,No,Yes,25 to 34,Female,4-year college graduate,No,White,Yes
Plan B,No,Usually,Yes,Usually,5 to 9,4,Always,No,3,Usually,Usually,Never,Usually,1,No,5 or more specialists,10,Yes,Sometimes,Usually,Yes,Usually,7,Poor,Poor,Yes,Yes,Yes,Yes,75 or older,Male,4-year college graduate,No,Black or African American,No
Plan B,Yes,Never,No,Sometimes,5 to 9,9,Never,No,2,Sometimes,Always,Never,Usually,8,No,4,4,Yes,Sometimes,Sometimes,No,Sometimes,1,Good,Poor,No,Yes,No,No,65 to 74,Female,Some high school,Yes,Other,No
Plan D,No,Never,Yes,Usually,5 to 9,5,Usually,Yes,1 time,Never,Always,Never,Never,9,No,4,5,No,Always,Usually,No,Always,1,Good,Excellent,No,Yes,No,No,55 to 64,Female,8th grade or less,Yes,Black or African American,No
Plan E,No,Sometimes,Yes,Never,1 time,9,Sometimes,No,5 to 9,Always,Sometimes,Sometimes,Usually,0,No,1 specialist,9,No,Usually,Never,Yes,Never,7,Poor,Fair,No,No,No,No,35 to 44,Male,Some high school,Yes,Native Hawaiian or Other Pacific Islander,No
Plan B,Yes,Usually,No,Usually,10 or more times,9,Never,Yes,10 or more times,Never,Sometimes,Always,Sometimes,2,No,None,8,No,Usually,Usually,Yes,Never,4,Poor,Good,Yes,No,Yes,Yes,55 to 64,Male,More than 4-year college degree,No,Other,No
Plan C,Yes,Sometimes,Yes,Never,5 to 9,9,Sometimes,No,4,Always,Usually,Always,Usually,3,No,3,4,No,Never,Sometimes,Yes,Always,8,Good,Fair,No,Yes,No,No,25 to 34,Female,Some high school,No,American Indian or Alaska Native,No
Plan A,Yes,Always,No,Sometimes,3,10,Usually,Yes,10 or more times,Usually,Always,Usually,Never,0,Yes,2,9,No,Always,Always,Yes,Sometimes,10,Good,Poor,Yes,Yes,Yes,Yes,55 to 64,Female,Some high school,No,Native Hawaiian or Other Pacific Islander,No
Plan E,No,Usually,Yes,Never,4,9,Always,No,10 or more times,Usually,Always,Usually,Usually,4,Yes,4,0,Yes,Never,Usually,Yes,Sometimes,0,Very good,Very good,No,Yes,Yes,Yes,25 to 34,Male,8th grade or less,No,Native Hawaiian or Other Pacific Islander,No
Plan B,Yes,Never,Yes,Always,5 to 9,8,Usually,No,1 time,Always,Usually,Never,Never,10,Yes,1 specialist,3,No,Always,Always,No,Usually,1,Poor,Fair,No,No,Yes,Yes,25 to 34,Male,More than 4-year college degree,Yes,American Indian or Alaska Native,No
Plan E,Yes,Never,Yes,Sometimes,None,2,Always,No,3,Always,Sometimes,Usually,Sometimes,6,Yes,None,4,Yes,Never,Never,Yes,Sometimes,1,Poor,Poor,Yes,No,No,No,25 to 34,Female,8th grade or less,No,Black or African American,Yes
Plan C,Yes,Usually,Yes,Sometimes,10 or more times,4,Sometimes,Yes,1 time,Never,Usually,Never,Usually,6,Yes,3,3,Yes,Always,Never,Yes,Never,9,Fair,Excellent,No,Yes,No,Yes,45 to 54,Male,Some high school,No,Asian,Yes
Plan B,No,Usually,No,Never,2,10,Never,Yes,5 to 9,Usually,Never,Always,Usually,1,Yes,2,8,No,Never,Always,Yes,Never,9,Very good,Very good,Yes,Yes,No,No,75 or older,Male,More than 4-year college degree,No,Asian,Yes
Plan D,No,Usually,Yes,Never,2,5,Usually,No,1 time,Always,Sometimes,Never,Usually,1,No,None,3,Yes,Usually,Usually,No,Sometimes,8,Excellent,Poor,No,No,No,Yes,55 to 64,Male,8th grade or less,No,White,Yes
Plan E,No,Usually,No,Never,3,10,Never,No,4,Usually,Never,Never,Never,4,No,3,3,Yes,Never,Always,Yes,Never,8,Very good,Poor,Yes,No,No,No,65 to 74,Female,4-year college graduate,Yes,Other,No
Plan C,No,Never,No,Always,4,9,Always,No,4,Always,Usually,Sometimes,Always,5,Yes,4,10,No,Never,Sometimes,Yes,Usually,10,Good,Poor,Yes,No,Yes,Yes,75 or older,Female,High school graduate or GED,Yes,American Indian or Alaska Native,Yes
Plan A,No,Never,Yes,Always,10 or more times,1,Never,Yes,None,Never,Usually,Never,Usually,0,Yes,4,0,Yes,Sometimes,Usually,Yes,Sometimes,10,Poor,Fair,Yes,No,No,Yes,35 to 44,Male,8th grade or less,Yes,White,Yes
Plan A,No,Never,Yes,Usually,5 to 9,2,Never,Yes,5 to 9,Always,Usually,Never,Usually,4,Yes,None,0,Yes,Never,Always,No,Never,1,Fair,Good,No,No,Yes,No,65 to 74,Female,Some high school,No,Asian,No
Plan A,No,Sometimes,No,Never,2,2,Never,No,None,Sometimes,Sometimes,Usually,Never,10,Yes,2,2,No,Always,Always,Yes,Usually,0,Poor,Very good,No,Yes,No,Yes,45 to 54,Female,More than 4-year college degree,No,Black or African American,Yes
Plan B,No,Always,No,Usually,2,7,Never,Yes,4,Always,Sometimes,Always,Always,0,Yes,None,1,Yes,Usually,Usually,Yes,Sometimes,6,Good,Very good,No,Yes,Yes,No,45 to 54,Female,High school graduate or GED,No,American Indian or Alaska Native,No
Plan D,No,Usually,No,Usually,5 to 9,3,Usually,No,5 to 9,Sometimes,Usually,Usually,Always,2,No,None,6,No,Never,Usually,Yes,Never,1,Poor,Fair,No,No,No,No,45 to 54,Male,8th grade or less,Yes,American Indian or Alaska Native,No
Plan B,No,Always,No,Always,4,3,Always,No,2,Always,Usually,Always,Usually,1,Yes,5 or more specialists,7,No,Usually,Sometimes,No,Sometimes,10,Very good,Excellent,No,Yes,No,No,18 to 24,Female,High school graduate or GED,No,American Indian or Alaska Native,No
Plan D,Yes,Usually,No,Always,2,0,Sometimes,No,1 time,Never,Never,Never,Sometimes,6,Yes,2,9,No,Sometimes,Always,Yes,Usually,1,Good,Excellent,No,Yes,Yes,Yes,35 to 44,Male,Some college or 2-year degree,Yes,White,Yes
Plan D,No,Always,No,Never,1 time,2,Sometimes,Yes,2,Never,Sometimes,Sometimes,Never,1,Yes,4,4,Yes,Usually,Sometimes,No,Never,4,Very good,Fair,Yes,No,No,No,35 to 44,Male,High school graduate or GED,No,Asian,Yes
Plan E,Yes,Usually,Yes,Usually,3,5,Sometimes,No,10 or more times,Always,Always,Never,Always,10,Yes,None,6,Yes,Always,Never,No,Sometimes,3,Poor,Excellent,Yes,Yes,No,Yes,25 to 34,Male,Some college or 2-year degree,Yes,Other,No
Plan A,Yes,Always,Yes,Always,5 to 9,1,Always,No,1 time,Sometimes,Sometimes,Always,Usually,0,Yes,3,8,No,Never,Usually,No,Sometimes,9,Fair,Excellent,No,No,No,Yes,65 to 74,Male,Some college or 2-year degree,No,Asian,No
Plan C,No,Sometimes,No,Always,10 or more times,1,Always,Yes,1 time,Usually,Usually,Usually,Usually,3,Yes,4,1,Yes,Never,Always,No,Sometimes,7,Poor,Good,No,Yes,Yes,Yes,55 to 64,Male,4-year college graduate,Yes,Black or African American,No
Plan A,Yes,Sometimes,Yes,Usually,2,8,Usually,Yes,1 time,Always,Usually,Usually,Never,5,No,1 specialist,5,No,Always,Always,Yes,Usually,2,Fair,Good,Yes,No,Yes,Yes,35 to 44,Male,More than 4-year college degree,No,Other,Yes
Plan C,No,Sometimes,No,Sometimes,5 to 9,2,Sometimes,No,3,Always,Usually,Never,Always,5,No,3,2,Yes,Never,Sometimes,Yes,Sometimes,1,Poor,Good,Yes,Yes,No,Yes,35 to 44,Female,High school graduate or GED,Yes,Black or African American,Yes
Plan B,No,Sometimes,No,Never,None,9,Sometimes,No,4,Never,Always,Never,Never,2,No,4,5,Yes,Never,Never,Yes,Always,1,Poor,Excellent,No,No,No,No,75 or older,Female,4-year college graduate,Yes,Other,Yes
Plan C,Yes,Usually,No,Usually,4,2,Never,Yes,3,Never,Usually,Never,Usually,10,No,5 or more specialists,1,No,Never,Never,Yes,Usually,4,Fair,Fair,Yes,No,Yes,No,18 to 24,Female,High school graduate or GED,No,Black or African American,No
Plan A,Yes,Sometimes,No,Usually,2,6,Sometimes,No,4,Usually,Always,Sometimes,Always,8,Yes,4,8,Yes,Never,Never,Yes,Sometimes,6,Fair,Good,No,No,No,No,45 to 54,Male,4-year college graduate,Yes,White,No
Plan E,No,Usually,No,Sometimes,2,4,Sometimes,Yes,1 time,Always,Always,Sometimes,Sometimes,8,Yes,3,9,No,Sometimes,Usually,Yes,Usually,3,Excellent,Very good,No,No,No,No,75 or older,Female,Some high school,No,Native Hawaiian or Other Pacific Islander,Yes
Plan B,No,Always,Yes,Usually,4,5,Always,Yes,4,Never,Always,Sometimes,Sometimes,7,No,2,4,Yes,Usually,Always,Yes,Never,4,Good,Excellent,No,No,No,No,75 or older,Female,Some college or 2-year degree,No,Asian,No
Plan B,Yes,Never,Yes,Never,1 time,8,Always,No,None,Sometimes,Usually,Always,Always,9,Yes,3,0,Yes,Always,Usually,No,Usually,4,Poor,Very good,No,No,No,Yes,25 to 34,Female,8th grade or less,No,Other,No
Plan E,Yes,Never,No,Sometimes,4,3,Sometimes,Yes,2,Usually,Usually,Always,Sometimes,0,Yes,4,7,Yes,Never,Usually,No,Sometimes,7,Fair,Fair,Yes,Yes,Yes,No,65 to 74,Female,More than 4-year college degree,No,White,No
Plan B,Yes,Sometimes,No,Never,3,4,Always,No,4,Always,Sometimes,Always,Usually,7,No,2,2,Yes,Sometimes,Sometimes,Yes,Usually,9,Good,Excellent,Yes,Yes,Yes,Yes,18 to 24,Male,Some high school,Yes,Black or African American,No
Plan D,No,Always,Yes,Sometimes,1 time,3,Always,Yes,2,Never,Sometimes,Usually,Usually,0,No,5 or more specialists,6,No,Usually,Always,Yes,Usually,2,Excellent,Excellent,Yes,No,Yes,Yes,65 to 74,Female,Some college or 2-year degree,No,American Indian or Alaska Native,No
Plan A,No,Never,Yes,Never,1 time,3,Usually,Yes,3,Usually,Always,Sometimes,Sometimes,3,No,None,7,Yes,Never,Never,Yes,Sometimes,6,Poor,Poor,Yes,Yes,Yes,Yes,75 or older,Male,Some college or 2-year degree,No,Other,Yes
Plan C,Yes,Never,No,Sometimes,2,8,Usually,No,1 time,Usually,Never,Always,Always,10,Yes,None,8,No,Never,Sometimes,Yes,Sometimes,5,Poor,Very good,Yes,No,No,No,25 to 34,Female,8th grade or less,No,Native Hawaiian or Other Pacific Islander,No
Plan E,No,Sometimes,No,Never,5 to 9,1,Usually,No,None,Always,Never,Sometimes,Always,1,No,1 specialist,1,Yes,Never,Sometimes,No,Never,8,Poor,Excellent,Yes,Yes,No,Yes,65 to 74,Male,Some college or 2-year degree,No,Black or African American,Yes
Plan C,Yes,Usually,No,Always,4,1,Sometimes,No,5 to 9,Never,Sometimes,Never,Always,1,Yes,1 specialist,9,Yes,Always,Usually,Yes,Always,5,Excellent,Excellent,Yes,No,No,Yes,55 to 64,Female,More than 4-year college degree,Yes,Asian,No
Plan A,No,Sometimes,No,Never,None,1,Usually,No,5 to 9,Always,Always,Always,Usually,4,Yes,4,8,Yes,Usually,Usually,Yes,Never,9,Very good,Fair,No,Yes,No,Yes,45 to 54,Female,Some college or 2-year degree,No,Native Hawaiian or Other Pacific Islander,Yes
Plan C,No,Sometimes,No,Usually,5 to 9,9,Usually,No,5 to 9,Sometimes,Always,Sometimes,Always,1,Yes,1 specialist,4,No,Usually,Sometimes,No,Usually,9,Good,Fair,Yes,No,Yes,Yes,75 or older,Female,Some college or 2-year degree,Yes,Asian,Yes
Plan A,No,Never,No,Usually,3,9,Always,Yes,1 time,Sometimes,Never,Never,Usually,10,No,2,2,No,Sometimes,Always,Yes,Always,3,Good,Good,Yes,Yes,No,Yes,25 to 34,Female,8th grade or less,Yes,Other,No
Plan C,Yes,Always,Yes,Usually,10 or more times,5,Usually,Yes,3,Always,Sometimes,Never,Usually,4,Yes,4,1,Yes,Usually,Sometimes,No,Usually,9,Excellent,Very good,No,Yes,No,No,35 to 44,Female,More than 4-year college degree,Yes,Black or African American,Yes
Plan E,No,Never,Yes,Never,5 to 9,9,Usually,Yes,3,Always,Always,Never,Sometimes,3,Yes,None,9,Yes,Usually,Sometimes,No,Sometimes,10,Good,Excellent,No,Yes,No,Yes,45 to 54,Male,4-year college graduate,Yes,Black or African American,Yes
Plan B,No,Usually,No,Always,5 to 9,8,Sometimes,No,None,Never,Usually,Never,Sometimes,1,No,2,5,No,Never,Always,Yes,Usually,6,Poor,Excellent,No,No,No,No,45 to 54,Male,4-year college graduate,No,American Indian or Alaska Native,Yes
Plan A,No,Never,Yes,Usually,2,8,Sometimes,Yes,5 to 9,Always,Always,Never,Always,4,Yes,4,7,No,Never,Always,Yes,Always,8,Fair,Excellent,No,No,No,No,25 to 34,Male,Some high school,No,American Indian or Alaska Native,No
Plan A,Yes,Usually,Yes,Usually,10 or more times,8,Never,Yes,10 or more times,Never,Always,Never,Usually,5,No,3,5,No,Never,Sometimes,Yes,Always,7,Poor,Fair,Yes,Yes,No,Yes,55 to 64,Female,More than 4-year college degree,Yes,Black or African American,Yes
Plan C,No,Sometimes,No,Always,None,7,Usually,No,1 time,Usually,Usually,Sometimes,Always,4,Yes,None,4,No,Always,Always,No,Usually,2,Excellent,Excellent,Yes,Yes,No,No,18 to 24,Female,4-year college graduate,No,White,No
Plan C,Yes,Never,Yes,Never,1 time,2,Usually,Yes,4,Usually,Usually,Sometimes,Always,6,Yes,2,3,No,Always,Always,Yes,Never,1,Fair,Excellent,No,Yes,No,No,75 or older,Male,8th grade or less,No,Black or African American,Yes
Plan D,No,Never,No,Always,4,1,Sometimes,No,10 or more times,Never,Sometimes,Never,Always,8,No,5 or more specialists,4,No,Sometimes,Never,Yes,Always,9,Good,Fair,No,Yes,Yes,Yes,45 to 54,Female,4-year college graduate,No,Native Hawaiian or Other Pacific Islander,Yes
Plan C,Yes,Usually,Yes,Always,4,6,Never,No,4,Never,Always,Never,Sometimes,8,No,2,8,Yes,Always,Never,No,Always,8,Very good,Poor,No,Yes,No,No,35 to 44,Female,More than 4-year college degree,Yes,Native Hawaiian or Other Pacific Islander,No
Plan D,Yes,Sometimes,Yes,Never,None,6,Sometimes,Yes,1 time,Always,Sometimes,Usually,Never,5,Yes,1 specialist,0,Yes,Usually,Sometimes,Yes,Always,8,Poor,Poor,Yes,No,No,Yes,18 to 24,Male,Some college or 2-year degree,No,Native Hawaiian or Other Pacific Islander,No
Plan C,No,Usually,No,Usually,3,10,Sometimes,Yes,10 or more times,Usually,Usually,Usually,Usually,5,No,2,4,Yes,Never,Usually,Yes,Always,7,Good,Very good,Yes,No,Yes,Yes,45 to 54,Male,High school graduate or GED,Yes,Native Hawaiian or Other Pacific Islander,No
Plan B,No,Never,No,Usually,None,3,Usually,No,10 or more times,Sometimes,Always,Usually,Usually,5,No,2,6,No,Never,Never,Yes,Never,9,Excellent,Fair,Yes,No,No,No,18 to 24,Male,Some high school,No,American Indian or Alaska Native,No
Plan C,No,Always,Yes,Sometimes,1 time,10,Sometimes,No,3,Sometimes,Usually,Usually,Never,7,No,4,6,No,Never,Sometimes,Yes,Usually,7,Excellent,Fair,Yes,No,Yes,No,35 to 44,Female,4-year college graduate,Yes,Black or African American,Yes
Plan D,No,Always,Yes,Sometimes,None,0,Never,Yes,2,Never,Always,Usually,Usually,3,No,2,0,Yes,Sometimes,Never,No,Usually,2,Very good,Very good,Yes,No,Yes,No,35 to 44,Female,Some high school,No,American Indian or Alaska Native,Yes
Plan D,Yes,Always,No,Never,4,10,Never,Yes,1 time,Usually,Never,Always,Never,9,No,3,10,No,Never,Sometimes,No,Always,5,Excellent,Excellent,No,Yes,No,No,25 to 34,Male,4-year college graduate,Yes,Asian,No
Plan D,Yes,Never,Yes,Usually,4,7,Always,No,5 to 9,Sometimes,Never,Sometimes,Sometimes,7,No,1 specialist,6,No,Never,Always,No,Sometimes,10,Good,Fair,No,Yes,Yes,No,65 to 74,Male,Some college or 2-year degree,No,American Indian or Alaska Native,Yes
Plan C,Yes,Usually,No,Always,2,9,Usually,Yes,5 to 9,Sometimes,Never,Sometimes,Sometimes,8,Yes,4,10,No,Usually,Usually,No,Sometimes,2,Poor,Fair,No,Yes,No,No,35 to 44,Female,Some high school,Yes,American Indian or Alaska Native,No
Plan A,No,Usually,No,Always,5 to 9,2,Never,Yes,4,Always,Always,Never,Usually,4,Yes,5 or more specialists,9,Yes,Sometimes,Sometimes,No,Never,7,Very good,Poor,No,Yes,Yes,Yes,35 to 44,Female,8th grade or less,Yes,Native Hawaiian or Other Pacific Islander,No
Plan C,No,Usually,Yes,Always,4,3,Sometimes,No,10 or more times,Sometimes,Always,Always,Usually,8,No,3,5,No,Usually,Sometimes,Yes,Always,3,Poor,Excellent,No,Yes,No,No,55 to 64,Male,More than 4-year college degree,No,Black or African American,Yes
Plan D,Yes,Usually,No,Sometimes,4,1,Never,Yes,10 or more times,Never,Sometimes,Always,Always,7,No,5 or more specialists,9,No,Never,Usually,No,Always,5,Very good,Poor,No,Yes,No,No,45 to 54,Female,Some high school,No,Other,Yes
Plan B,No,Sometimes,Yes,Usually,3,7,Usually,Yes,4,Sometimes,Never,Never,Always,9,No,5 or more specialists,7,No,Always,Never,Yes,Usually,2,Fair,Excellent,No,No,Yes,No,35 to 44,Female,Some college or 2-year degree,Yes,Asian,Yes
Plan B,No,Sometimes,Yes,Sometimes,2,8,Always,No,4,Usually,Never,Usually,Sometimes,2,Yes,None,8,No,Always,Sometimes,No,Sometimes,0,Excellent,Fair,Yes,No,No,No,65 to 74,Male,8th grade or less,No,Native Hawaiian or Other Pacific Islander,Yes
Plan C,Yes,Never,No,Never,4,6,Always,Yes,10 or more times,Usually,Never,Always,Usually,9,No,5 or more specialists,9,No,Never,Always,Yes,Always,0,Poor,Poor,No,Yes,No,No,45 to 54,Male,8th grade or less,Yes,Other,Yes
Plan B,Yes,Always,Yes,Sometimes,None,4,Always,No,2,Always,Always,Never,Usually,4,No,1 specialist,6,No,Always,Never,Yes,Never,5,Good,Poor,Yes,No,No,No,35 to 44,Female,8th grade or less,No,American Indian or Alaska Native,No
Plan B,Yes,Sometimes,No,Always,1 time,5,Never,No,10 or more times,Always,Never,Always,Always,0,No,2,10,No,Never,Always,No,Always,1,Very good,Good,No,No,No,No,65 to 74,Male,Some college or 2-year degree,Yes,Asian,Yes
Plan E,No,Always,Yes,Never,5 to 9,1,Usually,Yes,5 to 9,Sometimes,Never,Never,Always,4,No,4,6,Yes,Usually,Sometimes,Yes,Always,2,Very good,Poor,Yes,Yes,Yes,Yes,45 to 54,Female,Some high school,No,American Indian or Alaska Native,No
Plan C,Yes,Sometimes,No,Usually,10 or more times,1,Always,No,3,Never,Never,Never,Sometimes,2,No,None,6,No,Sometimes,Always,No,Sometimes,3,Fair,Poor,No,No,Yes,Yes,18 to 24,Male,More than 4-year college degree,No,Other,Yes
Plan C,Yes,Never,No,Sometimes,3,6,Always,No,None,Sometimes,Sometimes,Sometimes,Usually,7,No,5 or more specialists,4,No,Sometimes,Never,No,Usually,2,Very good,Good,No,Yes,No,Yes,45 to 54,Male,High school graduate or GED,No,Other,No
Plan C,Yes,Usually,No,Usually,None,10,Never,Yes,4,Always,Sometimes,Always,Sometimes,9,Yes,2,4,No,Sometimes,Always,Yes,Never,4,Excellent,Poor,Yes,Yes,No,Yes,18 to 24,Female,More than 4-year college degree,Yes,Black or African American,No
Plan A,No,Usually,No,Sometimes,None,2,Always,Yes,5 to 9,Usually,Usually,Usually,Always,1,Yes,None,3,Yes,Usually,Sometimes,Yes,Sometimes,8,Poor,Fair,Yes,No,No,No,75 or older,Female,High school graduate or GED,No,Other,No
Plan B,No,Sometimes,Yes,Sometimes,1 time,0,Always,No,None,Usually,Sometimes,Usually,Usually,10,Yes,4,4,No,Sometimes,Never,Yes,Always,3,Excellent,Very good,Yes,Yes,No,Yes,75 or older,Male,4-year college graduate,No,American Indian or Alaska Native,No
Plan E,No,Usually,No,Never,5 to 9,7,Always,No,10 or more times,Never,Always,Never,Sometimes,8,Yes,4,2,No,Always,Usually,No,Usually,10,Good,Fair,No,No,Yes,Yes,75 or older,Male,8th grade or less,Yes,Asian,No
Plan A,No,Sometimes,Yes,Always,1 time,8,Usually,Yes,None,Always,Sometimes,Never,Always,3,No,4,6,No,Usually,Never,Yes,Usually,2,Good,Good,No,Yes,Yes,Yes,75 or older,Female,More than 4-year college degree,No,Black or African American,No
Plan A,Yes,Sometimes,No,Always,2,2,Usually,No,1 time,Always,Sometimes,Always,Never,4,Yes,4,0,Yes,Always,Always,No,Never,2,Very good,Very good,No,No,No,No,25 to 34,Female,High school graduate or GED,Yes,Other,No
Plan D,Yes,Sometimes,No,Never,1 time,10,Always,No,2,Never,Never,Always,Usually,4,No,3,5,Yes,Usually,Sometimes,No,Usually,4,Good,Excellent,No,No,No,Yes,65 to 74,Female,More than 4-year college degree,No,Native Hawaiian or Other Pacific Islander,Yes
Plan E,No,Always,No,Never,2,8,Sometimes,No,5 to 9,Always,Always,Never,Sometimes,8,Yes,3,5,Yes,Usually,Never,No,Usually,8,Very good,Very good,No,Yes,Yes,Yes,45 to 54,Female,Some college or 2-year degree,Yes,Asian,Yes
Plan D,Yes,Never,No,Always,4,10,Sometimes,No,4,Usually,Sometimes,Always,Usually,5,No,5 or more specialists,0,No,Never,Always,Yes,Sometimes,4,Poor,Fair,Yes,Yes,No,No,45 to 54,Female,Some high school,No,Black or African American,No
Plan C,Yes,Usually,No,Always,5 to 9,2,Always,Yes,1 time,Always,Sometimes,Usually,Sometimes,3,Yes,2,5,Yes,Never,Usually,No,Sometimes,7,Poor,Poor,No,Yes,Yes,Yes,35 to 44,Male,High school graduate or GED,Yes,Other,Yes
Plan D,No,Always,No,Always,5 to 9,2,Always,Yes,2,Usually,Sometimes,Always,Sometimes,8,Yes,5 or more specialists,6,No,Always,Sometimes,Yes,Always,9,Fair,Very good,No,No,Yes,No,45 to 54,Male,Some high school,Yes,Other,No
Plan A,No,Never,Yes,Always,3,7,Sometimes,No,3,Sometimes,Never,Always,Usually,9,Yes,3,8,Yes,Always,Usually,Yes,Never,2,Good,Very good,No,No,No,No,55 to 64,Male,8th grade or less,No,White,No
Plan E,Yes,Always,No,Always,4,2,Never,No,5 to 9,Always,Always,Usually,Sometimes,7,No,1 specialist,6,Yes,Usually,Sometimes,Yes,Never,5,Excellent,Good,Yes,No,Yes,No,55 to 64,Female,High school graduate or GED,No,American Indian or Alaska Native,No
Plan B,No,Always,No,Sometimes,5 to 9,5,Never,No,10 or more times,Always,Always,Sometimes,Sometimes,5,No,1 specialist,8,No,Always,Never,Yes,Always,9,Excellent,Excellent,No,Yes,Yes,No,45 to 54,Male,4-year college graduate,No,Other,Yes
Plan E,Yes,Always,Yes,Always,5 to 9,6,Usually,No,10 or more times,Sometimes,Sometimes,Always,Usually,7,Yes,5 or more specialists,7,No,Never,Never,No,Usually,4,Good,Excellent,No,Yes,Yes,No,35 to 44,Female,High school graduate or GED,No,White,Yes
Plan B,Yes,Never,Yes,Always,5 to 9,5,Never,Yes,4,Sometimes,Always,Always,Never,5,No,3,10,No,Sometimes,Always,Yes,Sometimes,3,Good,Good,Yes,No,No,No,65 to 74,Female,More than 4-year college degree,Yes,American Indian or Alaska Native,No
Plan A,No,Never,Yes,Usually,2,3,Sometimes,No,5 to 9,Never,Usually,Never,Usually,9,No,1 specialist,1,Yes,Always,Always,No,Never,1,Fair,Excellent,No,No,No,Yes,65 to 74,Female,More than 4-year college degree,Yes,Native Hawaiian or Other Pacific Islander,No
Plan B,No,Usually,Yes,Never,10 or more times,6,Always,No,2,Always,Never,Never,Always,5,Yes,2,10,Yes,Usually,Never,Yes,Usually,5,Poor,Excellent,Yes,No,Yes,No,75 or older,Female,More than 4-year college degree,Yes,Asian,No
Plan C,No,Never,Yes,Never,10 or more times,6,Usually,Yes,4,Sometimes,Usually,Sometimes,Never,3,Yes,None,4,No,Never,Sometimes,No,Never,0,Poor,Poor,Yes,No,Yes,Yes,75 or older,Male,Some college or 2-year degree,No,Native Hawaiian or Other Pacific Islander,Yes
Plan E,No,Always,No,Sometimes,2,3,Sometimes,No,5 to 9,Usually,Sometimes,Sometimes,Sometimes,10,Yes,4,6,No,Never,Sometimes,No,Never,1,Excellent,Excellent,No,Yes,Yes,Yes,55 to 64,Female,High school graduate or GED,Yes,Asian,Yes
Plan B,Yes,Always,No,Usually,3,4,Never,No,None,Sometimes,Never,Always,Always,10,No,5 or more specialists,8,Yes,Usually,Usually,Yes,Always,8,Fair,Good,Yes,Yes,Yes,No,45 to 54,Male,More than 4-year college degree,Yes,Native Hawaiian or Other Pacific Islander,Yes
Plan D,Yes,Usually,No,Usually,1 time,3,Sometimes,No,1 time,Sometimes,Never,Sometimes,Never,10,Yes,1 specialist,1,No,Always,Usually,Yes,Sometimes,7,Fair,Fair,No,Yes,No,No,35 to 44,Female,Some college or 2-year degree,No,Asian,No
Plan E,No,Usually,Yes,Usually,1 time,6,Sometimes,Yes,10 or more times,Never,Never,Never,Sometimes,6,Yes,5 or more specialists,2,No,Usually,Always,Yes,Always,9,Good,Excellent,Yes,No,Yes,No,55 to 64,Female,More than 4-year college degree,Yes,Asian,No
Plan B,No,Always,Yes,Never,2,3,Usually,No,1 time,Never,Sometimes,Always,Sometimes,8,Yes,5 or more specialists,4,No,Always,Always,Yes,Usually,2,Excellent,Excellent,No,No,Yes,No,75 or older,Female,8th grade or less,No,Asian,No
Plan D,Yes,Always,No,Sometimes,4,1,Always,Yes,10 or more times,Usually,Sometimes,Sometimes,Never,6,No,2,10,No,Never,Never,Yes,Never,6,Excellent,Very good,Yes,Yes,Yes,Yes,65 to 74,Male,Some college or 2-year degree,Yes,White,No
Plan B,No,Always,Yes,Always,5 to 9,10,Sometimes,Yes,5 to 9,Always,Never,Sometimes,Sometimes,10,No,4,0,Yes,Never,Always,No,Sometimes,4,Excellent,Excellent,No,No,No,Yes,18 to 24,Female,High school graduate or GED,Yes,Other,Yes
Plan B,Yes,Sometimes,No,Always,1 time,3,Sometimes,Yes,1 time,Never,Always,Always,Always,3,Yes,5 or more specialists,1,Yes,Usually,Sometimes,Yes,Never,2,Very good,Fair,Yes,No,Yes,Yes,45 to 54,Female,High school graduate or GED,Yes,American Indian or Alaska Native,Yes
Plan D,Yes,Sometimes,Yes,Usually,10 or more times,7,Never,No,5 to 9,Usually,Usually,Never,Usually,4,No,2,0,No,Usually,Usually,No,Always,7,Excellent,Poor,No,No,No,No,55 to 64,Female,Some high school,Yes,American Indian or Alaska Native,Yes
Plan C,No,Never,Yes,Always,1 time,1,Usually,No,None,Sometimes,Sometimes,Always,Always,6,Yes,4,7,No,Usually,Never,Yes,Never,2,Excellent,Poor,Yes,No,No,Yes,55 to 64,Male,4-year college graduate,Yes,Other,Yes
Plan A,Yes,Always,Yes,Sometimes,4,6,Never,Yes,5 to 9,Never,Always,Usually,Sometimes,2,Yes,3,10,No,Usually,Never,No,Usually,4,Good,Very good,No,Yes,No,No,25 to 34,Female,4-year college graduate,No,Other,No
Plan A,No,Never,Yes,Sometimes,1 time,7,Usually,Yes,3,Sometimes,Always,Never,Never,10,No,5 or more specialists,9,Yes,Usually,Usually,No,Usually,9,Excellent,Very good,No,No,Yes,No,35 to 44,Female,Some college or 2-year degree,Yes,Other,Yes
Plan B,No,Always,No,Usually,5 to 9,3,Never,Yes,None,Never,Never,Sometimes,Usually,1,No,None,9,Yes,Always,Always,No,Usually,10,Excellent,Good,Yes,Yes,No,No,75 or older,Male,8th grade or less,Yes,Other,No
Plan D,No,Always,No,Sometimes,1 time,8,Never,No,2,Sometimes,Always,Always,Usually,7,Yes,4,3,Yes,Never,Usually,No,Always,10,Poor,Good,Yes,No,Yes,No,55 to 64,Female,8th grade or less,Yes,Asian,Yes
Plan B,No,Usually,No,Always,5 to 9,8,Sometimes,No,3,Usually,Never,Always,Never,9,No,5 or more specialists,6,Yes,Always,Sometimes,No,Usually,2,Good,Poor,Yes,Yes,Yes,No,35 to 44,Female,8th grade or less,No,Asian,No
Plan A,Yes,Never,No,Never,1 time,9,Never,No,4,Usually,Always,Usually,Usually,7,Yes,5 or more specialists,7,No,Sometimes,Never,No,Never,3,Good,Good,No,No,No,No,75 or older,Male,More than 4-year college degree,Yes,American Indian or Alaska Native,No
Plan E,No,Never,Yes,Never,10 or more times,1,Never,Yes,10 or more times,Sometimes,Sometimes,Never,Usually,1,No,2,9,Yes,Sometimes,Sometimes,Yes,Always,9,Good,Good,No,Yes,No,No,65 to 74,Male,More than 4-year college degree,Yes,Other,Yes
Plan B,No,Always,No,Always,1 time,9,Sometimes,Yes,1 time,Sometimes,Never,Never,Never,4,No,5 or more specialists,4,Yes,Never,Sometimes,Yes,Always,8,Excellent,Poor,No,Yes,No,Yes,35 to 44,Male,More than 4-year college degree,No,Asian,Yes
Plan B,Yes,Never,No,Never,5 to 9,9,Sometimes,Yes,5 to 9,Usually,Never,Usually,Never,4,No,5 or more specialists,0,No,Always,Never,No,Sometimes,3,Good,Very good,Yes,Yes,Yes,Yes,65 to 74,Female,Some high school,No,Asian,Yes
Plan C,Yes,Sometimes,Yes,Always,2,10,Always,Yes,4,Sometimes,Never,Sometimes,Sometimes,8,No,2,5,No,Always,Always,Yes,Never,8,Poor,Poor,No,Yes,No,Yes,55 to 64,Male,More than 4-year college degree,Yes,White,No
Plan A,Yes,Usually,No,Always,1 time,2,Never,Yes,1 time,Always,Usually,Always,Sometimes,5,No,1 specialist,4,Yes,Sometimes,Always,Yes,Usually,10,Poor,Very good,Yes,Yes,Yes,Yes,35 to 44,Male,More than 4-year college degree,No,White,No
Plan E,No,Usually,Yes,Usually,1 time,4,Sometimes,Yes,3,Usually,Never,Usually,Usually,4,No,3,6,No,Usually,Never,No,Usually,9,Fair,Poor,No,Yes,No,No,45 to 54,Male,Some high school,No,Native Hawaiian or Other Pacific Islander,No
Plan E,No,Always,No,Sometimes,1 time,1,Usually,Yes,2,Usually,Never,Sometimes,Sometimes,2,No,4,8,Yes,Always,Usually,Yes,Usually,4,Excellent,Poor,No,Yes,Yes,No,75 or older,Male,8th grade or less,Yes,Black or African American,No
Plan B,Yes,Always,No,Sometimes,3,2,Always,Yes,2,Usually,Sometimes,Sometimes,Usually,0,Yes,None,4,Yes,Usually,Always,No,Sometimes,0,Very good,Excellent,No,Yes,Yes,No,45 to 54,Male,Some college or 2-year degree,Yes,Other,Yes
Plan B,Yes,Always,Yes,Sometimes,5 to 9,5,Always,Yes,5 to 9,Sometimes,Never,Usually,Always,4,No,2,7,No,Always,Always,Yes,Usually,10,Excellent,Excellent,No,No,Yes,No,18 to 24,Male,Some college or 2-year degree,No,Other,Yes
Plan A,Yes,Sometimes,No,Sometimes,5 to 9,8,Always,No,4,Always,Sometimes,Usually,Always,9,No,3,5,No,Sometimes,Always,No,Never,10,Excellent,Excellent,Yes,No,No,Yes,18 to 24,Female,Some college or 2-year degree,Yes,American Indian or Alaska Native,Yes
Plan C,Yes,Sometimes,Yes,Sometimes,5 to 9,3,Never,Yes,None,Sometimes,Usually,Always,Usually,1,Yes,None,5,Yes,Usually,Sometimes,No,Usually,3,Fair,Excellent,Yes,Yes,No,Yes,65 to 74,Male,High school graduate or GED,Yes,White,Yes
Plan A,Yes,Sometimes,Yes,Always,1 time,5,Always,Yes,3,Sometimes,Sometimes,Always,Sometimes,7,No,3,2,No,Never,Never,Yes,Usually,8,Good,Good,No,No,No,Yes,25 to 34,Female,4-year college graduate,Yes,Black or African American,No
Plan C,No,Always,Yes,Sometimes,1 time,7,Usually,No,None,Never,Usually,Never,Sometimes,3,Yes,5 or more specialists,2,Yes,Sometimes,Usually,Yes,Usually,10,Poor,Very good,Yes,No,No,No,25 to 34,Male,More than 4-year college degree,Yes,Other,Yes
Plan B,Yes,Never,Yes,Always,4,7,Usually,Yes,None,Sometimes,Always,Sometimes,Sometimes,7,Yes,None,6,Yes,Usually,Never,Yes,Never,9,Fair,Fair,Yes,No,Yes,No,75 or older,Male,Some high school,No,White,Yes
Plan E,Yes,Never,No,Usually,10 or more times,10,Sometimes,Yes,5 to 9,Never,Never,Usually,Never,5,Yes,4,2,No,Sometimes,Always,Yes,Sometimes,7,Poor,Poor,No,No,Yes,Yes,35 to 44,Female,More than 4-year college degree,No,Black or African American,No
Plan C,Yes,Never,No,Usually,5 to 9,6,Sometimes,Yes,2,Sometimes,Always,Sometimes,Always,2,No,4,9,Yes,Never,Usually,No,Usually,2,Excellent,Poor,Yes,Yes,No,Yes,25 to 34,Male,4-year college graduate,Yes,Other,Yes
Plan D,No,Usually,Yes,Always,10 or more times,7,Sometimes,No,1 time,Always,Never,Usually,Sometimes,6,No,4,1,Yes,Never,Usually,No,Never,2,Fair,Good,Yes,Yes,Yes,Yes,35 to 44,Male,Some college or 2-year degree,No,Other,No
Plan A,No,Always,Yes,Always,10 or more times,4,Usually,No,3,Usually,Never,Sometimes,Usually,6,Yes,2,1,No,Always,Always,No,Never,1,Fair,Good,Yes,No,Yes,No,75 or older,Male,High school graduate or GED,No,Asian,No
Plan B,No,Never,Yes,Always,1 time,4,Usually,No,5 to 9,Always,Usually,Sometimes,Always,1,Yes,4,3,Yes,Sometimes,Never,No,Never,1,Poor,Poor,No,Yes,No,No,25 to 34,Male,Some college or 2-year degree,Yes,Native Hawaiian or Other Pacific Islander,No
Plan E,Yes,Always,No,Usually,3,2,Sometimes,Yes,10 or more times,Sometimes,Never,Usually,Always,10,No,5 or more specialists,0,No,Usually,Sometimes,Yes,Sometimes,9,Poor,Excellent,No,Yes,No,Yes,18 to 24,Male,8th grade or less,No,Native Hawaiian or Other Pacific Islander,Yes
Plan A,No,Always,No,Usually,4,6,Always,Yes,10 or more times,Usually,Never,Usually,Always,5,Yes,None,9,No,Sometimes,Always,Yes,Never,6,Good,Good,No,No,No,Yes,35 to 44,Male,Some high school,No,Native Hawaiian or Other Pacific Islander,Yes
Plan A,No,Always,No,Never,2,3,Never,No,4,Usually,Usually,Usually,Usually,0,No,5 or more specialists,7,Yes,Never,Usually,No,Always,9,Good,Excellent,Yes,Yes,No,No,18 to 24,Male,High school graduate or GED,Yes,Native Hawaiian or Other Pacific Islander,No
Plan E,Yes,Sometimes,No,Always,None,9,Always,Yes,1 time,Sometimes,Sometimes,Always,Usually,4,Yes,None,2,No,Never,Always,No,Never,4,Good,Fair,Yes,No,No,No,25 to 34,Female,Some high school,No,Other,No
Plan D,Yes,Usually,Yes,Usually,5 to 9,7,Never,Yes,4,Usually,Always,Always,Always,1,No,None,3,Yes,Usually,Never,Yes,Usually,1,Excellent,Good,No,Yes,No,Yes,65 to 74,Male,More than 4-year college degree,No,American Indian or Alaska Native,No
Plan B,No,Sometimes,Yes,Sometimes,4,9,Sometimes,No,10 or more times,Always,Usually,Usually,Sometimes,2,Yes,None,1,No,Always,Usually,Yes,Sometimes,2,Fair,Excellent,Yes,Yes,No,Yes,35 to 44,Male,High school graduate or GED,Yes,Black or African American,No
Plan B,Yes,Always,Yes,Never,None,4,Never,No,None,Sometimes,Never,Usually,Sometimes,6,Yes,4,3,Yes,Never,Sometimes,No,Always,0,Good,Fair,Yes,Yes,No,Yes,25 to 34,Female,Some high school,Yes,American Indian or Alaska Native,No
Plan D,Yes,Usually,No,Always,1 time,4,Sometimes,Yes,10 or more times,Usually,Sometimes,Never,Never,6,Yes,None,4,Yes,Usually,Never,No,Usually,1,Good,Fair,Yes,Yes,No,Yes,65 to 74,Male,Some college or 2-year degree,Yes,American Indian or Alaska Native,No
Plan E,No,Never,No,Never,4,9,Sometimes,No,None,Sometimes,Usually,Never,Never,7,Yes,5 or more specialists,7,Yes,Sometimes,Usually,No,Always,7,Good,Good,No,No,Yes,No,75 or older,Male,More than 4-year college degree,No,White,No
Plan C,No,Sometimes,Yes,Always,4,3,Usually,Yes,10 or more times,Usually,Never,Sometimes,Sometimes,6,Yes,None,8,No,Never,Never,Yes,Always,1,Good,Excellent,No,No,Yes,No,18 to 24,Male,Some college or 2-year degree,Yes,American Indian or Alaska Native,Yes
Plan E,No,Usually,Yes,Never,None,10,Usually,No,None,Usually,Always,Usually,Always,10,No,3,1,No,Sometimes,Sometimes,No,Always,7,Good,Poor,Yes,No,Yes,No,65 to 74,Male,Some high school,Yes,Asian,Yes
Plan E,No,Sometimes,No,Usually,10 or more times,3,Usually,Yes,None,Always,Sometimes,Sometimes,Usually,0,No,4,10,Yes,Sometimes,Usually,No,Never,4,Good,Excellent,Yes,Yes,Yes,No,55 to 64,Female,Some high school,Yes,White,Yes
Plan D,Yes,Always,No,Sometimes,None,9,Usually,No,10 or more times,Usually,Sometimes,Never,Never,6,Yes,4,4,No,Sometimes,Usually,Yes,Never,0,Fair,Poor,No,Yes,No,Yes,35 to 44,Male,More than 4-year college degree,No,White,No
Plan B,Yes,Never,Yes,Sometimes,2,0,Sometimes,Yes,None,Never,Sometimes,Usually,Always,6,Yes,4,2,No,Usually,Never,No,Usually,6,Very good,Good,No,No,Yes,Yes,65 to 74,Female,More than 4-year college degree,No,Other,Yes
Plan D,No,Usually,No,Sometimes,2,5,Usually,Yes,2,Always,Never,Usually,Usually,6,Yes,2,6,Yes,Always,Sometimes,Yes,Never,3,Fair,Poor,No,Yes,Yes,Yes,55 to 64,Female,Some college or 2-year degree,Yes,Native Hawaiian or Other Pacific Islander,No
Plan B,Yes,Always,No,Usually,10 or more times,4,Sometimes,No,1 time,Usually,Sometimes,Usually,Always,2,No,None,0,Yes,Usually,Always,No,Sometimes,8,Poor,Very good,Yes,Yes,Yes,No,35 to 44,Male,High school graduate or GED,No,Native Hawaiian or Other Pacific Islander,Yes
Plan E,Yes,Always,No,Always,3,5,Always,No,5 to 9,Always,Sometimes,Usually,Usually,10,Yes,4,10,No,Never,Usually,Yes,Never,7,Very good,Good,Yes,No,No,No,18 to 24,Female,8th grade or less,Yes,Native Hawaiian or Other Pacific Islander,No
Plan C,No,Sometimes,No,Always,2,6,Sometimes,Yes,3,Usually,Sometimes,Always,Never,7,No,5 or more specialists,2,Yes,Always,Always,No,Always,8,Excellent,Fair,Yes,Yes,No,Yes,25 to 34,Male,More than 4-year college degree,No,Asian,No
Plan A,Yes,Sometimes,Yes,Usually,10 or more times,4,Usually,Yes,1 time,Never,Always,Usually,Never,1,No,5 or more specialists,7,No,Never,Always,Yes,Sometimes,1,Excellent,Excellent,Yes,Yes,No,Yes,45 to 54,Male,More than 4-year college degree,Yes,Other,No
Plan A,Yes,Usually,No,Sometimes,1 time,0,Always,No,4,Usually,Always,Sometimes,Usually,9,Yes,4,8,No,Usually,Never,No,Never,5,Fair,Fair,Yes,Yes,No,Yes,25 to 34,Male,4-year college graduate,No,Native Hawaiian or Other Pacific Islander,Yes
Plan A,Yes,Never,No,Always,4,0,Never,Yes,5 to 9,Never,Always,Usually,Usually,7,No,5 or more specialists,6,No,Sometimes,Never,No,Usually,8,Excellent,Fair,No,No,No,Yes,25 to 34,Female,8th grade or less,Yes,White,Yes
Plan E,Yes,Usually,Yes,Sometimes,4,2,Never,No,5 to 9,Never,Sometimes,Usually,Always,10,Yes,2,0,No,Usually,Sometimes,Yes,Never,9,Good,Fair,No,No,No,Yes,65 to 74,Female,High school graduate or GED,No,White,Yes
Plan A,Yes,Usually,Yes,Never,2,9,Always,No,5 to 9,Usually,Always,Always,Always,4,No,5 or more specialists,6,Yes,Sometimes,Always,Yes,Sometimes,7,Very good,Excellent,Yes,No,No,No,35 to 44,Female,Some high school,No,Black or African American,No
Plan B,No,Usually,No,Always,10 or more times,4,Always,Yes,4,Sometimes,Sometimes,Sometimes,Usually,4,No,None,4,No,Usually,Usually,No,Always,7,Very good,Excellent,No,No,Yes,No,35 to 44,Female,More than 4-year college degree,Yes,Black or African American,No
Plan C,No,Never,Yes,Never,4,0,Usually,No,5 to 9,Sometimes,Always,Sometimes,Always,2,No,4,4,No,Sometimes,Always,No,Always,7,Poor,Good,No,No,Yes,No,55 to 64,Female,More than 4-year college degree,Yes,American Indian or Alaska Native,No
Plan D,Yes,Sometimes,Yes,Always,2,1,Never,No,2,Sometimes,Never,Usually,Never,6,Yes,4,3,Yes,Never,Always,No,Sometimes,9,Poor,Excellent,No,No,No,Yes,55 to 64,Male,4-year college graduate,Yes,American Indian or Alaska Native,Yes
Plan D,No,Sometimes,Yes,Usually,3,0,Sometimes,No,5 to 9,Never,Always,Sometimes,Usually,3,Yes,1 specialist,8,Yes,Always,Always,Yes,Never,2,Excellent,Fair,Yes,No,Yes,No,18 to 24,Female,8th grade or less,Yes,Native Hawaiian or Other Pacific Islander,No
Plan E,Yes,Always,No,Never,1 time,9,Usually,No,3,Always,Never,Sometimes,Sometimes,0,Yes,None,4,Yes,Usually,Always,No,Never,2,Fair,Very good,No,Yes,Yes,Yes,45 to 54,Male,8th grade or less,Yes,Asian,Yes
Plan B,No,Usually,No,Sometimes,10 or more times,10,Never,Yes,3,Never,Sometimes,Sometimes,Never,5,No,3,10,Yes,Never,Always,No,Always,0,Poor,Very good,Yes,Yes,No,No,65 to 74,Male,8th grade or less,Yes,Native Hawaiian or Other Pacific Islander,Yes
Plan D,Yes,Always,Yes,Usually,1 time,0,Usually,No,2,Sometimes,Never,Usually,Sometimes,4,Yes,1 specialist,9,No,Always,Always,Yes,Never,1,Fair,Good,No,No,No,Yes,55 to 64,Female,More than 4-year college degree,No,Black or African American,Yes
Plan D,No,Always,Yes,Always,5 to 9,10,Always,Yes,2,Never,Never,Always,Always,10,Yes,1 specialist,9,Yes,Never,Usually,No,Always,9,Poor,Fair,Yes,No,Yes,No,18 to 24,Male,More than 4-year college degree,Yes,Black or African American,No
Plan D,No,Always,Yes,Never,5 to 9,5,Sometimes,Yes,10 or more times,Sometimes,Usually,Usually,Always,9,Yes,1 specialist,0,No,Usually,Usually,Yes,Usually,10,Excellent,Good,Yes,Yes,Yes,Yes,65 to 74,Male,Some high school,No,Native Hawaiian or Other Pacific Islander,No
Plan E,No,Usually,No,Always,5 to 9,4,Usually,No,2,Always,Always,Sometimes,Never,10,No,4,8,Yes,Always,Never,No,Sometimes,7,Fair,Very good,No,Yes,Yes,No,55 to 64,Female,High school graduate or GED,No,American Indian or Alaska Native,No
Plan E,Yes,Sometimes,No,Usually,3,3,Usually,Yes,3,Always,Sometimes,Sometimes,Never,0,No,5 or more specialists,9,Yes,Sometimes,Always,No,Usually,7,Poor,Poor,Yes,Yes,Yes,Yes,18 to 24,Female,Some college or 2-year degree,No,Other,Yes
Plan E,No,Sometimes,No,Never,None,2,Sometimes,No,10 or more times,Sometimes,Usually,Usually,Always,7,Yes,None,1,Yes,Always,Sometimes,No,Never,2,Poor,Very good,Yes,Yes,Yes,Yes,35 to 44,Male,Some college or 2-year degree,No,White,No
Plan A,No,Always,No,Usually,4,3,Usually,Yes,2,Usually,Never,Sometimes,Sometimes,8,Yes,1 specialist,7,No,Never,Usually,No,Usually,4,Good,Poor,Yes,Yes,No,No,55 to 64,Female,Some college or 2-year degree,Yes,Native Hawaiian or Other Pacific Islander,No
Plan E,Yes,Sometimes,No,Never,None,9,Always,Yes,3,Always,Sometimes,Usually,Never,4,No,None,1,Yes,Always,Always,No,Always,8,Fair,Very good,Yes,No,Yes,Yes,25 to 34,Female,Some college or 2-year degree,No,American Indian or Alaska Native,No
Plan B,No,Sometimes,Yes,Usually,4,7,Sometimes,Yes,2,Always,Never,Sometimes,Always,2,Yes,1 specialist,10,Yes,Sometimes,Sometimes,Yes,Never,5,Very good,Good,No,No,No,Yes,35 to 44,Male,Some college or 2-year degree,Yes,Asian,Yes
Plan B,Yes,Usually,No,Usually,10 or more times,7,Always,Yes,2,Usually,Never,Usually,Always,1,Yes,5 or more specialists,10,Yes,Never,Always,No,Never,3,Poor,Poor,Yes,Yes,Yes,Yes,18 to 24,Male,High school graduate or GED,No,American Indian or Alaska Native,No
Plan B,No,Sometimes,No,Always,5 to 9,5,Never,No,4,Never,Always,Sometimes,Usually,9,Yes,None,2,Yes,Usually,Never,Yes,Sometimes,3,Excellent,Fair,No,No,Yes,No,65 to 74,Female,8th grade or less,No,Native Hawaiian or Other Pacific Islander,No
Plan A,Yes,Never,No,Usually,1 time,3,Always,Yes,4,Usually,Usually,Always,Sometimes,4,Yes,4,5,No,Always,Usually,Yes,Always,3,Very good,Excellent,Yes,Yes,Yes,Yes,25 to 34,Female,8th grade or less,Yes,American Indian or Alaska Native,No
Plan D,Yes,Never,Yes,Usually,10 or more times,6,Sometimes,Yes,2,Sometimes,Usually,Sometimes,Always,10,No,5 or more specialists,5,No,Never,Usually,Yes,Usually,4,Poor,Good,No,No,Yes,Yes,35 to 44,Male,8th grade or less,Yes,Other,No
Plan B,Yes,Usually,No,Usually,5 to 9,2,Usually,No,1 time,Sometimes,Usually,Always,Always,3,No,4,6,No,Never,Never,No,Sometimes,8,Good,Very good,No,Yes,Yes,Yes,35 to 44,Male,4-year college graduate,No,Other,No
Plan D,No,Usually,Yes,Never,4,7,Sometimes,No,4,Usually,Never,Sometimes,Usually,5,No,2,10,Yes,Always,Always,Yes,Never,5,Poor,Fair,Yes,No,No,Yes,75 or older,Male,Some college or 2-year degree,Yes,American Indian or Alaska Native,No
Plan B,No,Always,Yes,Usually,1 time,2,Always,No,5 to 9,Never,Sometimes,Usually,Sometimes,10,No,5 or more specialists,9,No,Sometimes,Sometimes,No,Usually,6,Good,Poor,Yes,No,Yes,No,35 to 44,Male,Some high school,No,Native Hawaiian or Other Pacific Islander,Yes
Plan B,No,Always,Yes,Always,5 to 9,6,Sometimes,No,4,Sometimes,Always,Sometimes,Never,9,No,None,4,No,Usually,Never,Yes,Sometimes,9,Good,Good,No,No,Yes,Yes,75 or older,Male,4-year college graduate,Yes,American Indian or Alaska Native,Yes
Plan A,No,Usually,Yes,Usually,4,2,Always,Yes,3,Sometimes,Never,Usually,Always,5,Yes,3,7,No,Sometimes,Sometimes,Yes,Always,4,Very good,Excellent,No,Yes,No,Yes,45 to 54,Male,More than 4-year college degree,No,Native Hawaiian or Other Pacific Islander,No
Plan C,No,Sometimes,No,Never,None,3,Sometimes,No,10 or more times,Never,Always,Never,Never,7,No,3,4,No,Sometimes,Sometimes,No,Never,6,Fair,Very good,Yes,Yes,No,Yes,18 to 24,Male,8th grade or less,Yes,American Indian or Alaska Native,Yes
Plan B,No,Never,No,Never,5 to 9,8,Sometimes,No,5 to 9,Never,Never,Never,Sometimes,8,Yes,4,2,Yes,Sometimes,Always,No,Usually,3,Good,Good,Yes,No,Yes,No,25 to 34,Male,8th grade or less,No,American Indian or Alaska Native,Yes
Plan B,No,Usually,No,Always,4,3,Sometimes,Yes,None,Sometimes,Never,Never,Never,8,No,None,1,No,Always,Never,Yes,Usually,9,Very good,Very good,No,No,Yes,Yes,75 or older,Male,Some college or 2-year degree,No,Native Hawaiian or Other Pacific Islander,No
Plan B,Yes,Never,No,Sometimes,10 or more times,1,Usually,No,1 time,Never,Never,Sometimes,Always,10,Yes,1 specialist,1,Yes,Always,Usually,Yes,Sometimes,0,Fair,Very good,No,No,No,No,35 to 44,Male,8th grade or less,Yes,Native Hawaiian or Other Pacific Islander,No
Plan B,Yes,Always,Yes,Sometimes,4,9,Sometimes,No,4,Always,Never,Never,Usually,10,Yes,None,3,Yes,Never,Never,Yes,Always,4,Very good,Excellent,No,No,No,No,55 to 64,Female,Some high school,Yes,Asian,Yes
Plan B,Yes,Sometimes,Yes,Never,10 or more times,6,Sometimes,No,4,Never,Always,Always,Sometimes,10,No,2,9,Yes,Always,Always,Yes,Sometimes,3,Good,Very good,Yes,Yes,Yes,Yes,65 to 74,Male,More than 4-year college degree,No,Other,Yes
Plan B,Yes,Usually,No,Sometimes,10 or more times,3,Sometimes,No,None,Sometimes,Always,Usually,Usually,10,No,3,6,Yes,Always,Sometimes,Yes,Sometimes,3,Good,Fair,Yes,Yes,Yes,Yes,45 to 54,Male,Some high school,Yes,White,No
Plan A,No,Sometimes,No,Usually,2,6,Usually,No,2,Always,Sometimes,Sometimes,Never,10,No,None,6,No,Never,Always,Yes,Sometimes,10,Very good,Poor,No,No,Yes,No,55 to 64,Female,4-year college graduate,Yes,Other,No
Plan E,Yes,Never,Yes,Usually,1 time,8,Always,Yes,10 or more times,Never,Usually,Always,Never,8,Yes,3,2,Yes,Always,Sometimes,Yes,Always,3,Fair,Fair,No,No,No,Yes,75 or older,Male,8th grade or less,No,Asian,No
Plan D,Yes,Sometimes,No,Sometimes,2,4,Never,No,2,Always,Never,Sometimes,Never,8,Yes,5 or more specialists,10,Yes,Usually,Never,Yes,Always,4,Very good,Fair,Yes,Yes,No,Yes,65 to 74,Male,Some college or 2-year degree,Yes,American Indian or Alaska Native,No
Plan E,No,Never,Yes,Always,2,10,Sometimes,No,2,Always,Never,Never,Usually,2,No,5 or more specialists,1,Yes,Never,Always,Yes,Never,9,Good,Excellent,Yes,Yes,No,Yes,18 to 24,Female,High school graduate or GED,No,White,No
Plan B,Yes,Usually,No,Always,5 to 9,9,Sometimes,Yes,None,Always,Never,Usually,Never,7,No,3,9,Yes,Always,Always,No,Usually,4,Fair,Fair,Yes,Yes,Yes,Yes,45 to 54,Female,Some high school,Yes,Other,Yes
Plan D,Yes,Always,No,Sometimes,4,10,Sometimes,Yes,2,Usually,Usually,Never,Usually,2,No,5 or more specialists,9,No,Usually,Never,Yes,Sometimes,4,Good,Poor,No,Yes,No,No,35 to 44,Male,Some college or 2-year degree,Yes,Native Hawaiian or Other Pacific Islander,Yes
Plan E,Yes,Usually,Yes,Sometimes,1 time,3,Never,No,None,Usually,Usually,Never,Sometimes,7,Yes,None,5,Yes,Sometimes,Usually,Yes,Sometimes,5,Good,Poor,Yes,Yes,Yes,Yes,55 to 64,Female,8th grade or less,Yes,Black or African American,No
Plan D,No,Sometimes,No,Never,10 or more times,2,Sometimes,No,5 to 9,Usually,Usually,Sometimes,Never,5,No,4,4,No,Never,Always,No,Usually,10,Excellent,Good,No,Yes,Yes,No,75 or older,Female,4-year college graduate,No,Native Hawaiian or Other Pacific Islander,No
Plan E,Yes,Usually,No,Sometimes,None,5,Usually,No,5 to 9,Always,Usually,Never,Usually,5,Yes,None,10,Yes,Always,Sometimes,No,Always,4,Poor,Good,Yes,Yes,Yes,No,25 to 34,Female,8th grade or less,No,Asian,Yes
Plan D,No,Always,No,Usually,4,8,Sometimes,No,5 to 9,Always,Never,Sometimes,Never,9,Yes,5 or more specialists,10,No,Usually,Usually,Yes,Usually,3,Fair,Poor,No,No,No,No,18 to 24,Female,High school graduate or GED,Yes,Black or African American,No
Plan E,Yes,Sometimes,No,Always,5 to 9,5,Sometimes,Yes,10 or more times,Never,Always,Always,Sometimes,2,Yes,1 specialist,0,Yes,Never,Never,Yes,Usually,2,Excellent,Very good,Yes,Yes,Yes,No,35 to 44,Female,More than 4-year college degree,No,Black or African American,Yes
Plan A,Yes,Usually,No,Never,3,8,Always,Yes,2,Never,Never,Sometimes,Always,8,No,1 specialist,1,Yes,Usually,Never,No,Sometimes,3,Good,Poor,No,Yes,No,No,18 to 24,Male,8th grade or less,No,Black or African American,Yes
Plan D,Yes,Usually,No,Always,3,6,Usually,Yes,3,Never,Usually,Sometimes,Never,7,Yes,2,1,Yes,Always,Always,Yes,Sometimes,0,Fair,Fair,No,No,No,No,25 to 34,Male,4-year college graduate,Yes,Asian,Yes
Plan C,No,Never,Yes,Sometimes,10 or more times,1,Sometimes,No,3,Always,Usually,Usually,Never,0,Yes,4,6,No,Never,Usually,Yes,Always,10,Poor,Excellent,No,No,No,Yes,25 to 34,Male,More than 4-year college degree,Yes,American Indian or Alaska Native,No
Plan E,Yes,Usually,Yes,Never,None,8,Sometimes,Yes,3,Always,Sometimes,Sometimes,Sometimes,2,No,None,6,No,Usually,Usually,No,Always,5,Fair,Very good,Yes,Yes,No,No,35 to 44,Female,More than 4-year college degree,No,Other,No
Plan C,Yes,Always,No,Sometimes,5 to 9,1,Sometimes,Yes,2,Sometimes,Always,Never,Always,7,Yes,None,5,Yes,Always,Always,No,Always,4,Excellent,Fair,No,Yes,No,Yes,55 to 64,Male,More than 4-year college degree,Yes,White,Yes
Plan E,No,Sometimes,Yes,Usually,None,9,Usually,No,None,Always,Usually,Sometimes,Sometimes,4,Yes,4,3,No,Usually,Usually,Yes,Sometimes,9,Poor,Poor,No,Yes,Yes,No,65 to 74,Male,More than 4-year college degree,No,White,No
Plan E,No,Sometimes,Yes,Sometimes,4,3,Usually,No,4,Never,Always,Usually,Usually,6,No,1 specialist,3,No,Sometimes,Usually,No,Never,5,Good,Fair,No,No,Yes,Yes,75 or older,Male,8th grade or less,Yes,American Indian or Alaska Native,Yes
Plan D,No,Usually,No,Never,4,0,Usually,Yes,10 or more times,Sometimes,Never,Sometimes,Always,3,No,3,5,Yes,Always,Never,No,Always,8,Poor,Good,Yes,Yes,Yes,Yes,65 to 74,Female,4-year college graduate,No,Other,No
Plan D,Yes,Usually,Yes,Always,2,2,Never,No,2,Never,Usually,Never,Never,4,Yes,1 specialist,6,Yes,Usually,Usually,No,Sometimes,3,Fair,Good,Yes,No,No,No,45 to 54,Male,Some high school,Yes,Other,No
Plan D,No,Always,No,Usually,5 to 9,10,Usually,Yes,5 to 9,Usually,Always,Sometimes,Always,1,Yes,None,7,Yes,Sometimes,Never,Yes,Sometimes,2,Excellent,Excellent,No,Yes,Yes,No,35 to 44,Female,8th grade or less,No,Native Hawaiian or Other Pacific Islander,Yes
Plan D,No,Never,No,Sometimes,4,0,Sometimes,Yes,3,Never,Never,Always,Sometimes,5,Yes,5 or more specialists,4,Yes,Always,Never,No,Usually,8,Very good,Very good,No,No,No,Yes,18 to 24,Female,More than 4-year college degree,Yes,Asian,Yes
Plan E,Yes,Always,No,Sometimes,2,9,Usually,Yes,3,Usually,Always,Usually,Sometimes,8,No,None,7,Yes,Never,Sometimes,Yes,Always,9,Excellent,Poor,Yes,No,Yes,No,75 or older,Female,8th grade or less,No,Black or African American,Yes
Plan C,No,Never,Yes,Always,3,10,Never,No,None,Usually,Always,Usually,Usually,8,Yes,None,9,Yes,Usually,Usually,Yes,Always,5,Very good,Good,Yes,No,No,Yes,25 to 34,Male,More than 4-year college degree,No,Native Hawaiian or Other Pacific Islander,No
Plan C,No,Sometimes,No,Never,3,7,Never,No,10 or more times,Usually,Always,Usually,Always,5,Yes,2,6,No,Never,Never,No,Usually,7,Excellent,Excellent,Yes,Yes,No,Yes,75 or older,Male,High school graduate or GED,No,American Indian or Alaska Native,No
Plan A,No,Always,No,Never,3,6,Usually,Yes,4,Always,Never,Never,Usually,2,No,2,7,Yes,Always,Sometimes,No,Usually,6,Very good,Fair,No,Yes,Yes,No,25 to 34,Female,More than 4-year college degree,No,Black or African American,Yes
Plan C,Yes,Sometimes,Yes,Always,3,9,Always,No,1 time,Always,Usually,Sometimes,Sometimes,7,No,4,2,No,Sometimes,Always,Yes,Always,9,Fair,Fair,No,No,Yes,Yes,55 to 64,Female,High school graduate or GED,Yes,American Indian or Alaska Native,Yes
Plan B,No,Usually,No,Never,3,8,Usually,No,4,Sometimes,Never,Sometimes,Never,3,No,3,2,Yes,Never,Never,No,Never,7,Fair,Excellent,Yes,No,No,Yes,75 or older,Male,Some high school,No,Other,No
Plan A,No,Sometimes,No,Sometimes,None,8,Usually,Yes,1 time,Always,Sometimes,Sometimes,Usually,4,No,2,7,No,Sometimes,Usually,Yes,Usually,1,Poor,Fair,Yes,Yes,No,No,25 to 34,Male,Some high school,Yes,American Indian or Alaska Native,Yes
Plan D,Yes,Never,No,Always,4,3,Never,No,4,Always,Never,Sometimes,Sometimes,4,No,3,1,No,Sometimes,Usually,No,Never,4,Fair,Poor,No,Yes,No,Yes,45 to 54,Female,High school graduate or GED,No,Other,Yes
Plan D,Yes,Usually,No,Sometimes,None,5,Sometimes,No,2,Never,Never,Sometimes,Never,4,No,None,1,Yes,Sometimes,Never,Yes,Never,0,Good,Poor,No,Yes,Yes,No,55 to 64,Male,Some high school,No,Asian,Yes
Plan A,Yes,Always,Yes,Never,10 or more times,6,Usually,Yes,3,Sometimes,Never,Never,Always,7,Yes,4,6,No,Always,Usually,No,Never,3,Excellent,Excellent,Yes,Yes,No,No,45 to 54,Female,4-year college graduate,Yes,Black or African American,No
Plan E,Yes,Always,No,Usually,10 or more times,9,Always,Yes,None,Never,Sometimes,Never,Always,0,No,2,2,No,Never,Sometimes,No,Sometimes,8,Good,Good,Yes,No,Yes,No,65 to 74,Female,Some high school,Yes,Other,No
Plan B,Yes,Always,No,Always,1 time,10,Usually,Yes,5 to 9,Usually,Sometimes,Always,Sometimes,10,Yes,1 specialist,3,No,Usually,Always,No,Usually,5,Good,Very good,Yes,No,No,Yes,18 to 24,Female,Some college or 2-year degree,Yes,American Indian or Alaska Native,No
Plan B,No,Sometimes,No,Sometimes,4,9,Sometimes,Yes,2,Never,Usually,Never,Always,2,Yes,3,4,Yes,Sometimes,Always,No,Sometimes,5,Very good,Very good,Yes,No,Yes,Yes,55 to 64,Female,More than 4-year college degree,Yes,Black or African American,No
Plan A,No,Never,No,Always,5 to 9,0,Never,Yes,10 or more times,Never,Usually,Never,Usually,1,Yes,2,6,No,Never,Sometimes,No,Never,7,Poor,Poor,No,Yes,Yes,No,45 to 54,Male,8th grade or less,Yes,Black or African American,Yes
Plan D,Yes,Usually,No,Always,None,6,Usually,No,None,Always,Sometimes,Usually,Sometimes,8,No,4,4,Yes,Always,Usually,No,Always,6,Very good,Excellent,No,No,Yes,Yes,75 or older,Male,Some high school,Yes,Black or African American,No
Plan E,Yes,Sometimes,No,Usually,4,6,Sometimes,No,4,Sometimes,Always,Sometimes,Sometimes,9,Yes,5 or more specialists,2,Yes,Never,Sometimes,No,Sometimes,8,Excellent,Excellent,No,No,No,No,25 to 34,Female,High school graduate or GED,Yes,Asian,Yes
Plan B,Yes,Never,No,Sometimes,1 time,10,Always,No,3,Never,Sometimes,Sometimes,Sometimes,3,Yes,2,5,No,Always,Sometimes,No,Never,2,Good,Good,Yes,Yes,No,No,65 to 74,Male,4-year college graduate,Yes,Other,Yes
Plan D,Yes,Sometimes,Yes,Sometimes,2,7,Usually,Yes,10 or more times,Always,Always,Always,Always,9,No,4,6,No,Never,Usually,Yes,Sometimes,2,Poor,Very good,No,No,Yes,No,65 to 74,Female,Some high school,No,American Indian or Alaska Native,Yes
Plan C,No,Always,No,Usually,2,4,Never,Yes,4,Never,Sometimes,Always,Never,3,Yes,None,0,No,Never,Always,No,Sometimes,3,Excellent,Fair,Yes,No,No,No,65 to 74,Female,Some high school,Yes,Black or African American,Yes
Plan C,No,Sometimes,Yes,Always,None,10,Usually,No,1 time,Usually,Usually,Sometimes,Always,5,Yes,None,6,No,Sometimes,Usually,No,Usually,7,Fair,Excellent,Yes,Yes,No,Yes,45 to 54,Male,More than 4-year college degree,Yes,Black or African American,Yes
Plan D,No,Never,No,Always,None,8,Sometimes,No,1 time,Always,Usually,Always,Never,10,Yes,3,7,No,Never,Never,Yes,Usually,4,Good,Excellent,Yes,No,Yes,No,35 to 44,Male,High school graduate or GED,Yes,Native Hawaiian or Other Pacific Islander,Yes
Plan C,No,Usually,No,Usually,None,4,Sometimes,No,None,Never,Sometimes,Sometimes,Never,3,Yes,None,5,No,Usually,Always,No,Sometimes,4,Excellent,Poor,No,No,No,No,55 to 64,Female,8th grade or less,Yes,White,Yes
Plan C,No,Usually,No,Always,5 to 9,2,Usually,No,2,Sometimes,Sometimes,Sometimes,Always,10,Yes,None,9,No,Always,Usually,Yes,Always,9,Excellent,Poor,No,Yes,No,No,35 to 44,Male,High school graduate or GED,Yes,American Indian or Alaska Native,Yes
Plan A,Yes,Usually,No,Always,2,10,Usually,Yes,4,Always,Always,Always,Always,4,No,2,8,No,Sometimes,Sometimes,Yes,Sometimes,2,Excellent,Very good,Yes,No,Yes,No,25 to 34,Female,Some high school,Yes,American Indian or Alaska Native,No
Plan B,Yes,Sometimes,Yes,Sometimes,1 time,6,Sometimes,Yes,10 or more times,Usually,Never,Sometimes,Always,9,No,2,10,Yes,Sometimes,Sometimes,No,Sometimes,5,Good,Good,Yes,Yes,No,Yes,35 to 44,Male,4-year college graduate,No,Native Hawaiian or Other Pacific Islander,No
Plan A,No,Never,Yes,Always,4,5,Usually,No,None,Sometimes,Never,Sometimes,Usually,7,Yes,3,1,Yes,Sometimes,Usually,Yes,Usually,5,Fair,Excellent,No,Yes,Yes,Yes,25 to 34,Female,Some high school,Yes,Asian,Yes
Plan B,Yes,Usually,Yes,Usually,10 or more times,10,Usually,No,5 to 9,Usually,Sometimes,Never,Usually,9,Yes,5 or more specialists,6,No,Always,Sometimes,No,Never,10,Poor,Very good,Yes,Yes,Yes,No,18 to 24,Male,More than 4-year college degree,No,American Indian or Alaska Native,Yes
Plan C,No,Sometimes,Yes,Usually,2,8,Usually,Yes,3,Never,Sometimes,Sometimes,Usually,1,Yes,3,6,No,Always,Sometimes,Yes,Always,7,Fair,Excellent,Yes,Yes,No,No,18 to 24,Female,High school graduate or GED,No,American Indian or Alaska Native,Yes
Plan C,No,Never,Yes,Sometimes,4,5,Never,No,2,Never,Sometimes,Usually,Always,7,Yes,None,6,No,Never,Usually,Yes,Never,4,Good,Very good,No,Yes,No,No,65 to 74,Female,Some high school,No,Other,No
Plan A,No,Always,No,Always,4,7,Usually,Yes,1 time,Never,Sometimes,Sometimes,Usually,8,Yes,4,9,Yes,Usually,Always,Yes,Always,10,Fair,Excellent,Yes,Yes,Yes,No,45 to 54,Female,High school graduate or GED,Yes,White,Yes
Plan C,No,Usually,Yes,Never,10 or more times,10,Sometimes,Yes,5 to 9,Sometimes,Always,Never,Usually,6,No,2,0,Yes,Sometimes,Sometimes,Yes,Usually,4,Fair,Poor,Yes,No,No,No,65 to 74,Male,4-year college graduate,Yes,Asian,Yes
Plan B,Yes,Always,No,Usually,3,9,Always,No,1 time,Never,Never,Usually,Never,4,Yes,1 specialist,8,No,Usually,Never,No,Always,3,Fair,Very good,No,Yes,No,Yes,18 to 24,Female,More than 4-year college degree,Yes,Black or African American,Yes
Plan A,Yes,Always,No,Never,1 time,8,Usually,Yes,3,Never,Always,Usually,Usually,6,Yes,4,8,No,Usually,Usually,Yes,Usually,8,Poor,Very good,Yes,No,No,No,75 or older,Female,Some college or 2-year degree,No,Asian,No
Plan E,Yes,Always,No,Always,10 or more times,8,Usually,No,None,Never,Never,Never,Always,9,No,1 specialist,6,Yes,Never,Sometimes,Yes,Usually,2,Poor,Fair,Yes,No,No,No,25 to 34,Male,Some high school,Yes,Other,No
Plan C,Yes,Usually,No,Never,5 to 9,1,Always,No,None,Usually,Sometimes,Sometimes,Never,8,No,2,2,Yes,Sometimes,Usually,Yes,Never,10,Poor,Good,No,Yes,No,No,35 to 44,Male,Some college or 2-year degree,No,White,Yes
Plan C,No,Never,Yes,Usually,2,2,Usually,Yes,1 time,Usually,Always,Sometimes,Never,0,No,3,2,No,Usually,Sometimes,No,Never,7,Very good,Excellent,Yes,No,No,No,65 to 74,Female,Some high school,No,Native Hawaiian or Other Pacific Islander,Yes
Plan B,Yes,Usually,No,Never,3,6,Usually,Yes,4,Sometimes,Usually,Always,Sometimes,3,No,None,6,No,Always,Always,No,Usually,0,Good,Poor,No,Yes,Yes,No,35 to 44,Male,8th grade or less,No,Other,No
Plan A,No,Always,Yes,Always,3,0,Sometimes,No,1 time,Never,Never,Sometimes,Never,7,No,4,1,No,Always,Usually,Yes,Usually,0,Excellent,Fair,No,No,No,Yes,55 to 64,Male,4-year college graduate,No,Other,Yes
Plan C,No,Always,Yes,Sometimes,1 time,3,Never,No,4,Usually,Never,Usually,Never,6,Yes,3,0,Yes,Usually,Usually,Yes,Sometimes,5,Poor,Good,Yes,No,No,No,45 to 54,Female,Some college or 2-year degree,Yes,Asian,No
Plan C,Yes,Never,No,Usually,2,9,Always,No,2,Always,Always,Never,Sometimes,7,Yes,4,0,Yes,Always,Usually,Yes,Always,3,Poor,Excellent,No,No,No,Yes,18 to 24,Male,8th grade or less,Yes,Black or African American,No
Plan B,No,Never,No,Usually,5 to 9,1,Usually,Yes,2,Never,Sometimes,Never,Always,4,Yes,2,7,No,Never,Sometimes,No,Sometimes,5,Very good,Fair,No,Yes,Yes,Yes,55 to 64,Male,Some high school,Yes,Native Hawaiian or Other Pacific Islander,Yes
Plan E,Yes,Never,Yes,Sometimes,3,7,Usually,Yes,10 or more times,Usually,Never,Usually,Always,8,No,None,3,No,Always,Usually,Yes,Always,5,Fair,Fair,Yes,Yes,No,Yes,25 to 34,Male,Some high school,Yes,Other,Yes
Plan C,No,Sometimes,No,Always,None,5,Usually,Yes,1 time,Usually,Always,Sometimes,Sometimes,7,No,None,6,No,Never,Never,Yes,Always,6,Fair,Very good,No,Yes,Yes,Yes,25 to 34,Female,Some college or 2-year degree,Yes,Other,No
Plan B,Yes,Usually,Yes,Never,4,3,Sometimes,Yes,1 time,Always,Never,Usually,Always,5,No,4,0,No,Sometimes,Never,No,Usually,9,Fair,Good,No,No,Yes,No,35 to 44,Female,Some college or 2-year degree,No,Native Hawaiian or Other Pacific Islander,No
Plan D,No,Always,No,Sometimes,1 time,2,Sometimes,No,4,Always,Never,Usually,Always,5,Yes,3,1,Yes,Never,Always,Yes,Always,4,Very good,Good,No,No,No,Yes,75 or older,Male,High school graduate or GED,No,White,Yes
Plan D,Yes,Never,Yes,Never,3,7,Never,Yes,2,Usually,Usually,Never,Never,10,No,2,4,No,Always,Never,No,Sometimes,7,Excellent,Good,Yes,Yes,No,No,25 to 34,Male,Some college or 2-year degree,No,Black or African American,Yes
Plan C,No,Always,No,Always,3,3,Sometimes,Yes,1 time,Usually,Never,Always,Sometimes,10,No,4,7,No,Usually,Usually,No,Sometimes,1,Poor,Very good,Yes,No,No,No,25 to 34,Female,High school graduate or GED,Yes,Other,No
Plan A,No,Never,No,Sometimes,4,6,Usually,No,4,Never,Sometimes,Always,Never,6,No,2,3,Yes,Always,Sometimes,No,Usually,2,Fair,Very good,Yes,No,No,No,65 to 74,Female,8th grade or less,Yes,American Indian or Alaska Native,Yes
Plan D,Yes,Usually,No,Usually,5 to 9,3,Always,No,2,Always,Always,Usually,Usually,9,No,3,5,No,Always,Always,Yes,Never,4,Very good,Poor,No,Yes,No,No,35 to 44,Male,Some college or 2-year degree,Yes,Asian,No
Plan A,No,Usually,No,Always,1 time,10,Usually,Yes,3,Always,Always,Sometimes,Usually,10,No,2,3,Yes,Always,Usually,Yes,Always,1,Good,Poor,No,Yes,No,Yes,35 to 44,Male,Some college or 2-year degree,Yes,Native Hawaiian or Other Pacific Islander,Yes
Plan E,No,Sometimes,No,Usually,10 or more times,5,Usually,Yes,None,Always,Sometimes,Never,Usually,6,Yes,4,8,No,Usually,Sometimes,Yes,Always,6,Good,Poor,No,Yes,Yes,Yes,75 or older,Female,More than 4-year college degree,Yes,Asian,No
Plan D,Yes,Usually,Yes,Always,4,1,Never,No,None,Sometimes,Always,Usually,Always,2,No,1 specialist,8,No,Never,Usually,No,Usually,3,Excellent,Fair,No,No,No,Yes,35 to 44,Female,High school graduate or GED,No,White,Yes
Plan C,Yes,Never,Yes,Always,10 or more times,3,Usually,Yes,4,Always,Usually,Usually,Usually,6,No,1 specialist,8,No,Never,Always,No,Never,4,Fair,Fair,Yes,Yes,No,Yes,45 to 54,Female,Some high school,No,White,No
Plan D,Yes,Usually,Yes,Sometimes,10 or more times,6,Usually,Yes,1 time,Never,Never,Never,Usually,5,No,2,1,Yes,Sometimes,Always,No,Usually,6,Very good,Fair,Yes,No,No,Yes,25 to 34,Female,4-year college graduate,No,White,Yes
Plan D,No,Never,No,Sometimes,10 or more times,8,Usually,No,1 time,Never,Usually,Usually,Usually,6,No,None,7,Yes,Never,Sometimes,No,Usually,6,Excellent,Very good,No,No,Yes,Yes,45 to 54,Male,More than 4-year college degree,Yes,White,Yes
Plan E,No,Usually,No,Sometimes,10 or more times,7,Never,Yes,5 to 9,Always,Sometimes,Always,Usually,2,No,5 or more specialists,8,Yes,Never,Usually,No,Always,4,Very good,Good,No,No,No,No,65 to 74,Female,More than 4-year college degree,No,American Indian or Alaska Native,No
Plan E,No,Always,Yes,Never,1 time,2,Sometimes,Yes,3,Usually,Sometimes,Always,Sometimes,10,Yes,5 or more specialists,3,Yes,Sometimes,Always,No,Usually,8,Good,Good,No,Yes,Yes,No,18 to 24,Male,4-year college graduate,Yes,Black or African American,No
Plan E,No,Never,No,Sometimes,4,7,Usually,No,5 to 9,Never,Never,Never,Usually,0,No,4,7,Yes,Usually,Never,Yes,Sometimes,2,Poor,Excellent,Yes,Yes,No,Yes,18 to 24,Male,4-year college graduate,Yes,American Indian or Alaska Native,No
Plan B,No,Never,No,Always,10 or more times,2,Never,No,10 or more times,Always,Always,Usually,Sometimes,5,No,4,5,No,Sometimes,Never,Yes,Usually,3,Poor,Excellent,Yes,No,No,No,35 to 44,Male,High school graduate or GED,Yes,Other,No
Plan E,Yes,Usually,Yes,Always,3,7,Sometimes,No,10 or more times,Always,Sometimes,Sometimes,Never,5,Yes,1 specialist,8,No,Always,Sometimes,Yes,Sometimes,0,Poor,Good,Yes,Yes,Yes,Yes,18 to 24,Male,Some college or 2-year degree,Yes,Black or African American,Yes
Plan D,No,Usually,Yes,Usually,None,5,Never,No,None,Always,Usually,Sometimes,Never,9,Yes,5 or more specialists,1,No,Usually,Always,No,Always,2,Fair,Good,Yes,No,Yes,Yes,75 or older,Female,Some high school,Yes,Black or African American,No
Plan D,No,Never,No,Sometimes,5 to 9,1,Never,Yes,4,Usually,Usually,Never,Never,7,Yes,2,5,No,Never,Always,No,Always,4,Poor,Very good,No,Yes,No,Yes,25 to 34,Female,8th grade or less,Yes,Asian,No
Plan D,No,Sometimes,Yes,Always,None,2,Usually,No,4,Never,Usually,Never,Sometimes,0,Yes,3,7,No,Always,Never,No,Sometimes,9,Good,Very good,No,Yes,Yes,No,18 to 24,Male,8th grade or less,No,White,Yes
Plan E,Yes,Sometimes,Yes,Never,2,8,Sometimes,Yes,2,Always,Sometimes,Never,Always,8,No,5 or more specialists,4,No,Always,Always,No,Sometimes,10,Poor,Excellent,Yes,No,No,Yes,18 to 24,Female,8th grade or less,No,White,No
Plan A,No,Never,No,Usually,3,1,Never,No,4,Never,Always,Never,Usually,3,No,3,2,No,Usually,Always,No,Never,5,Very good,Poor,No,Yes,No,No,45 to 54,Female,4-year college graduate,Yes,Asian,Yes
Plan E,Yes,Always,No,Sometimes,5 to 9,3,Always,Yes,5 to 9,Never,Always,Usually,Always,10,Yes,4,2,No,Sometimes,Usually,Yes,Sometimes,6,Fair,Excellent,No,Yes,No,No,65 to 74,Male,Some high school,No,Asian,Yes
Plan C,Yes,Always,No,Usually,4,9,Usually,Yes,10 or more times,Always,Sometimes,Never,Sometimes,3,Yes,3,4,No,Never,Never,Yes,Sometimes,2,Fair,Poor,Yes,Yes,Yes,No,45 to 54,Female,Some high school,No,Native Hawaiian or Other Pacific Islander,No
Plan A,No,Usually,No,Always,5 to 9,3,Usually,No,5 to 9,Never,Usually,Never,Never,10,Yes,1 specialist,7,No,Always,Never,No,Never,8,Excellent,Excellent,No,No,No,No,18 to 24,Female,Some college or 2-year degree,No,American Indian or Alaska Native,Yes
Plan B,Yes,Sometimes,Yes,Never,10 or more times,1,Sometimes,Yes,10 or more times,Usually,Usually,Always,Always,4,No,2,2,No,Never,Usually,No,Always,9,Good,Good,Yes,No,No,No,25 to 34,Male,Some high school,No,Black or African American,Yes
Plan A,Yes,Usually,No,Sometimes,2,8,Sometimes,No,4,Always,Never,Always,Usually,3,Yes,5 or more specialists,10,No,Always,Always,No,Usually,8,Fair,Good,Yes,Yes,Yes,Yes,25 to 34,Female,8th grade or less,No,Asian,No
Plan E,No,Usually,Yes,Never,2,0,Sometimes,Yes,3,Never,Always,Usually,Usually,9,Yes,2,5,No,Sometimes,Usually,Yes,Sometimes,8,Good,Very good,Yes,Yes,Yes,Yes,35 to 44,Female,Some high school,No,American Indian or Alaska Native,No
Plan A,Yes,Always,No,Sometimes,2,6,Usually,Yes,10 or more times,Sometimes,Usually,Never,Usually,6,No,2,2,Yes,Always,Never,No,Sometimes,3,Very good,Excellent,No,No,No,Yes,25 to 34,Male,8th grade or less,Yes,Native Hawaiian or Other Pacific Islander,Yes
Plan D,Yes,Usually,Yes,Never,10 or more times,9,Sometimes,Yes,5 to 9,Always,Usually,Always,Always,2,No,None,2,No,Usually,Never,Yes,Always,5,Very good,Good,No,Yes,Yes,Yes,55 to 64,Male,Some college or 2-year degree,No,Native Hawaiian or Other Pacific Islander,Yes
Plan A,Yes,Never,Yes,Never,2,4,Always,Yes,None,Never,Never,Always,Never,5,Yes,5 or more specialists,10,No,Sometimes,Sometimes,No,Never,1,Poor,Fair,Yes,No,Yes,Yes,18 to 24,Male,8th grade or less,No,Asian,No
Plan A,No,Always,No,Always,2,1,Usually,Yes,1 time,Never,Sometimes,Sometimes,Never,5,Yes,3,8,No,Sometimes,Always,No,Sometimes,4,Fair,Poor,Yes,Yes,Yes,No,75 or older,Male,More than 4-year college degree,Yes,White,Yes
Plan C,No,Sometimes,No,Sometimes,5 to 9,5,Always,Yes,2,Never,Always,Usually,Usually,8,No,4,7,No,Always,Sometimes,No,Usually,8,Good,Good,No,Yes,No,Yes,18 to 24,Female,High school graduate or GED,Yes,American Indian or Alaska Native,No
Plan A,No,Sometimes,Yes,Usually,3,8,Never,No,None,Always,Sometimes,Never,Sometimes,8,No,2,4,No,Always,Usually,No,Sometimes,4,Fair,Good,No,No,Yes,No,25 to 34,Male,8th grade or less,Yes,Other,No
Plan D,Yes,Sometimes,No,Never,5 to 9,1,Usually,No,10 or more times,Never,Sometimes,Sometimes,Never,7,Yes,3,6,No,Never,Sometimes,No,Usually,4,Very good,Poor,No,No,No,No,65 to 74,Female,High school graduate or GED,Yes,Asian,Yes
Plan D,No,Usually,No,Never,3,3,Never,Yes,2,Always,Always,Always,Sometimes,0,No,1 specialist,7,No,Sometimes,Sometimes,No,Sometimes,2,Fair,Good,Yes,No,Yes,No,55 to 64,Male,Some high school,No,Native Hawaiian or Other Pacific Islander,Yes
Plan E,No,Always,No,Always,1 time,2,Usually,No,3,Never,Sometimes,Never,Sometimes,1,No,None,6,Yes,Always,Sometimes,Yes,Never,6,Good,Poor,No,Yes,Yes,No,35 to 44,Female,8th grade or less,Yes,Black or African American,Yes
Plan C,Yes,Usually,Yes,Usually,None,5,Usually,No,1 time,Always,Sometimes,Always,Always,6,No,4,9,Yes,Never,Always,No,Sometimes,6,Poor,Poor,No,No,No,Yes,35 to 44,Female,Some high school,Yes,Native Hawaiian or Other Pacific Islander,Yes
Plan A,Yes,Always,No,Usually,3,2,Sometimes,Yes,3,Usually,Usually,Always,Always,1,Yes,1 specialist,9,Yes,Sometimes,Never,Yes,Never,0,Poor,Poor,Yes,No,No,Yes,75 or older,Male,Some high school,No,American Indian or Alaska Native,Yes
Plan B,No,Never,Yes,Never,1 time,3,Always,Yes,2,Always,Always,Sometimes,Usually,6,Yes,None,2,Yes,Sometimes,Sometimes,No,Always,6,Fair,Poor,No,Yes,No,Yes,45 to 54,Male,High school graduate or GED,No,Black or African American,No
Plan B,No,Never,No,Always,4,0,Usually,Yes,2,Never,Usually,Sometimes,Sometimes,1,No,4,0,Yes,Usually,Never,Yes,Never,2,Excellent,Good,Yes,Yes,No,Yes,45 to 54,Female,High school graduate or GED,Yes,Black or African American,Yes
Plan A,No,Never,No,Always,5 to 9,0,Never,No,None,Usually,Never,Sometimes,Sometimes,0,Yes,3,7,No,Usually,Always,Yes,Sometimes,5,Poor,Fair,Yes,Yes,Yes,No,25 to 34,Female,4-year college graduate,Yes,Other,No
Plan D,Yes,Sometimes,Yes,Sometimes,2,10,Always,Yes,5 to 9,Never,Sometimes,Sometimes,Never,3,No,1 specialist,8,No,Never,Sometimes,Yes,Usually,0,Good,Excellent,Yes,No,No,Yes,65 to 74,Male,More than 4-year college degree,No,Asian,No
Plan C,Yes,Never,Yes,Usually,None,1,Always,Yes,4,Never,Usually,Always,Never,8,No,5 or more specialists,10,Yes,Always,Usually,No,Usually,8,Good,Excellent,Yes,Yes,No,Yes,55 to 64,Female,4-year college graduate,Yes,White,No
Plan C,No,Always,No,Usually,None,5,Sometimes,Yes,1 time,Always,Sometimes,Sometimes,Always,0,Yes,3,9,No,Always,Never,Yes,Usually,1,Poor,Good,Yes,Yes,Yes,No,75 or older,Female,4-year college graduate,Yes,Other,Yes
Plan A,No,Usually,Yes,Usually,5 to 9,0,Never,Yes,5 to 9,Always,Never,Always,Always,3,Yes,4,9,No,Never,Never,No,Never,5,Good,Poor,Yes,No,No,Yes,25 to 34,Female,8th grade or less,No,Black or African American,No
Plan E,Yes,Usually,No,Sometimes,2,9,Never,No,5 to 9,Never,Usually,Usually,Sometimes,1,No,None,6,Yes,Never,Sometimes,No,Sometimes,10,Very good,Poor,No,Yes,Yes,Yes,65 to 74,Female,4-year college graduate,No,White,Yes
Plan E,Yes,Never,No,Always,1 time,10,Usually,Yes,None,Sometimes,Usually,Usually,Usually,1,Yes,4,10,No,Always,Usually,No,Sometimes,10,Excellent,Good,Yes,Yes,No,No,45 to 54,Male,8th grade or less,Yes,American Indian or Alaska Native,No
Plan C,No,Sometimes,No,Always,2,7,Sometimes,Yes,5 to 9,Sometimes,Sometimes,Always,Always,5,Yes,None,9,No,Sometimes,Usually,No,Sometimes,1,Good,Excellent,Yes,No,Yes,Yes,75 or older,Male,8th grade or less,Yes,Black or African American,Yes
Plan D,Yes,Always,No,Sometimes,10 or more times,2,Sometimes,No,5 to 9,Never,Never,Usually,Usually,5,No,None,0,No,Never,Always,No,Usually,5,Good,Very good,No,No,Yes,Yes,55 to 64,Female,8th grade or less,Yes,Native Hawaiian or Other Pacific Islander,No
Plan C,No,Always,Yes,Never,2,8,Never,No,10 or more times,Usually,Never,Sometimes,Never,2,Yes,1 specialist,3,Yes,Sometimes,Never,No,Never,2,Poor,Poor,Yes,Yes,Yes,Yes,75 or older,Female,Some college or 2-year degree,Yes,American Indian or Alaska Native,No
Plan A,Yes,Always,Yes,Usually,5 to 9,5,Never,No,10 or more times,Never,Always,Never,Always,3,No,3,2,No,Never,Usually,No,Never,10,Poor,Poor,No,Yes,No,Yes,18 to 24,Female,Some college or 2-year degree,No,Asian,Yes
Plan E,No,Sometimes,Yes,Usually,5 to 9,1,Usually,Yes,None,Usually,Never,Never,Always,6,Yes,2,8,No,Sometimes,Sometimes,Yes,Sometimes,10,Poor,Fair,Yes,Yes,Yes,Yes,75 or older,Male,8th grade or less,Yes,Other,No
Plan C,No,Always,Yes,Usually,5 to 9,4,Usually,Yes,3,Always,Sometimes,Always,Sometimes,6,No,5 or more specialists,5,Yes,Sometimes,Usually,No,Always,5,Poor,Good,No,No,No,No,65 to 74,Male,High school graduate or GED,Yes,American Indian or Alaska Native,No
Plan D,Yes,Always,Yes,Never,5 to 9,10,Sometimes,Yes,5 to 9,Always,Always,Always,Sometimes,4,Yes,3,10,Yes,Sometimes,Sometimes,Yes,Sometimes,3,Very good,Fair,No,Yes,Yes,Yes,65 to 74,Male,More than 4-year college degree,Yes,Native Hawaiian or Other Pacific Islander,Yes
Plan B,Yes,Usually,No,Always,4,0,Usually,No,10 or more times,Sometimes,Always,Always,Never,6,Yes,5 or more specialists,9,No,Sometimes,Usually,Yes,Never,1,Good,Good,Yes,Yes,Yes,Yes,45 to 54,Male,High school graduate or GED,Yes,American Indian or Alaska Native,Yes
Plan A,No,Sometimes,Yes,Sometimes,2,10,Never,No,4,Always,Always,Never,Usually,7,Yes,3,0,No,Always,Always,No,Never,7,Good,Excellent,No,Yes,No,No,55 to 64,Male,More than 4-year college degree,No,Other,No
Plan E,No,Sometimes,No,Always,1 time,2,Usually,No,10 or more times,Never,Never,Always,Usually,8,No,2,7,No,Always,Usually,No,Never,1,Poor,Very good,Yes,No,Yes,Yes,65 to 74,Female,High school graduate or GED,Yes,Other,Yes
Plan A,Yes,Never,Yes,Usually,1 time,3,Sometimes,Yes,5 to 9,Always,Always,Usually,Sometimes,1,Yes,3,10,Yes,Usually,Sometimes,Yes,Sometimes,6,Good,Poor,Yes,No,No,Yes,25 to 34,Male,High school graduate or GED,Yes,Other,No
Plan C,No,Always,Yes,Sometimes,3,10,Sometimes,No,10 or more times,Never,Usually,Never,Always,0,Yes,None,0,No,Never,Sometimes,Yes,Usually,0,Poor,Good,No,No,Yes,No,18 to 24,Female,4-year college graduate,Yes,White,No
Plan A,No,Usually,Yes,Sometimes,None,6,Sometimes,Yes,5 to 9,Usually,Sometimes,Sometimes,Usually,2,No,5 or more specialists,1,No,Always,Always,No,Always,8,Very good,Very good,No,No,No,No,45 to 54,Female,High school graduate or GED,No,American Indian or Alaska Native,No
Plan A,No,Never,Yes,Usually,5 to 9,0,Sometimes,Yes,4,Usually,Always,Always,Sometimes,3,No,1 specialist,5,No,Usually,Sometimes,Yes,Sometimes,4,Excellent,Very good,Yes,No,Yes,No,18 to 24,Female,Some college or 2-year degree,No,Black or African American,Yes
Plan C,No,Always,No,Never,4,3,Never,No,1 time,Usually,Never,Always,Sometimes,1,No,2,5,No,Always,Sometimes,Yes,Sometimes,0,Excellent,Fair,Yes,Yes,No,Yes,55 to 64,Female,More than 4-year college degree,No,Native Hawaiian or Other Pacific Islander,Yes
Plan E,No,Always,Yes,Always,2,8,Usually,Yes,None,Usually,Always,Never,Sometimes,2,Yes,2,8,No,Always,Never,No,Never,2,Very good,Very good,No,No,Yes,No,45 to 54,Male,8th grade or less,Yes,Asian,No
Plan B,Yes,Always,No,Never,5 to 9,9,Sometimes,Yes,2,Usually,Always,Usually,Always,5,No,1 specialist,4,Yes,Never,Always,No,Usually,10,Poor,Very good,No,Yes,Yes,No,75 or older,Female,Some high school,No,Native Hawaiian or Other Pacific Islander,Yes
Plan B,Yes,Usually,Yes,Usually,2,6,Always,Yes,3,Never,Usually,Always,Always,2,Yes,2,3,Yes,Sometimes,Sometimes,No,Usually,8,Good,Excellent,Yes,No,Yes,Yes,65 to 74,Female,Some high school,No,Native Hawaiian or Other Pacific Islander,Yes
Plan E,Yes,Never,No,Usually,2,8,Usually,No,10 or more times,Always,Never,Sometimes,Usually,9,No,None,8,No,Never,Sometimes,No,Usually,7,Very good,Good,Yes,No,Yes,No,35 to 44,Male,Some college or 2-year degree,Yes,Black or African American,No
Plan A,No,Always,No,Never,1 time,7,Always,Yes,3,Never,Usually,Sometimes,Usually,2,No,2,7,No,Always,Never,Yes,Always,9,Excellent,Poor,No,No,Yes,Yes,18 to 24,Female,4-year college graduate,Yes,Native Hawaiian or Other Pacific Islander,Yes
Plan E,Yes,Usually,No,Never,3,9,Sometimes,Yes,5 to 9,Never,Usually,Always,Never,8,Yes,1 specialist,9,No,Never,Never,Yes,Usually,2,Poor,Very good,No,Yes,Yes,No,35 to 44,Male,8th grade or less,Yes,American Indian or Alaska Native,No
Plan C,No,Usually,No,Never,3,7,Never,No,3,Sometimes,Always,Sometimes,Always,9,No,5 or more specialists,2,No,Never,Usually,Yes,Always,5,Very good,Poor,No,No,No,No,65 to 74,Female,High school graduate or GED,No,Native Hawaiian or Other Pacific Islander,Yes
Plan A,Yes,Sometimes,Yes,Never,3,2,Always,Yes,1 time,Usually,Never,Sometimes,Always,10,Yes,1 specialist,5,No,Always,Never,No,Always,1,Poor,Very good,No,Yes,No,No,65 to 74,Female,High school graduate or GED,No,Black or African American,Yes
Plan A,No,Always,No,Never,2,3,Never,Yes,10 or more times,Never,Usually,Sometimes,Always,5,Yes,4,9,Yes,Usually,Usually,Yes,Sometimes,1,Fair,Very good,No,Yes,Yes,No,35 to 44,Male,More than 4-year college degree,No,Asian,No
Plan A,Yes,Never,No,Usually,10 or more times,1,Never,No,None,Sometimes,Sometimes,Usually,Usually,5,No,3,0,No,Always,Sometimes,No,Usually,3,Very good,Poor,Yes,No,No,No,18 to 24,Male,Some high school,Yes,Native Hawaiian or Other Pacific Islander,No
Plan D,Yes,Never,No,Sometimes,1 time,1,Never,No,1 time,Always,Usually,Usually,Usually,5,No,5 or more specialists,6,No,Always,Sometimes,Yes,Always,9,Poor,Poor,No,No,Yes,No,45 to 54,Male,More than 4-year college degree,Yes,Other,Yes
Plan B,Yes,Usually,No,Never,4,7,Sometimes,Yes,1 time,Always,Sometimes,Never,Sometimes,1,No,2,5,Yes,Always,Never,No,Usually,9,Very good,Excellent,Yes,Yes,Yes,Yes,75 or older,Female,More than 4-year college degree,Yes,White,No
Plan B,Yes,Never,No,Usually,1 time,8,Usually,Yes,1 time,Usually,Always,Usually,Always,5,Yes,2,4,Yes,Sometimes,Never,No,Usually,2,Fair,Excellent,Yes,No,Yes,No,35 to 44,Male,Some high school,No,Black or African American,No
Plan B,No,Usually,No,Sometimes,None,8,Always,No,1 time,Always,Always,Usually,Always,4,No,4,4,No,Never,Usually,No,Sometimes,8,Very good,Fair,Yes,No,Yes,Yes,45 to 54,Male,More than 4-year college degree,No,American Indian or Alaska Native,Yes
Plan E,No,Never,No,Always,5 to 9,6,Always,No,4,Usually,Usually,Sometimes,Usually,3,Yes,3,0,No,Never,Usually,No,Always,8,Fair,Good,Yes,No,No,Yes,18 to 24,Female,Some high school,No,Native Hawaiian or Other Pacific Islander,Yes
Plan B,Yes,Sometimes,Yes,Sometimes,3,4,Sometimes,No,10 or more times,Usually,Always,Never,Usually,10,No,4,8,No,Sometimes,Sometimes,No,Always,4,Very good,Excellent,Yes,No,No,Yes,35 to 44,Female,High school graduate or GED,No,Black or African American,Yes
Plan B,No,Always,No,Always,3,3,Sometimes,Yes,10 or more times,Sometimes,Never,Usually,Never,0,No,5 or more specialists,10,Yes,Sometimes,Sometimes,No,Always,9,Very good,Excellent,No,Yes,No,No,35 to 44,Male,8th grade or less,No,American Indian or Alaska Native,No
Plan C,No,Always,No,Never,None,10,Always,No,10 or more times,Always,Never,Usually,Never,4,Yes,4,2,Yes,Always,Usually,Yes,Sometimes,4,Poor,Good,No,Yes,Yes,No,25 to 34,Female,High school graduate or GED,No,White,No
Plan B,No,Never,Yes,Always,5 to 9,7,Never,No,5 to 9,Sometimes,Never,Never,Usually,1,Yes,None,5,Yes,Always,Never,No,Never,1,Poor,Excellent,Yes,No,Yes,Yes,35 to 44,Male,High school graduate or GED,Yes,Native Hawaiian or Other Pacific Islander,No
Plan A,Yes,Usually,No,Always,1 time,2,Always,Yes,5 to 9,Sometimes,Always,Always,Never,6,Yes,2,0,No,Usually,Never,Yes,Never,0,Good,Fair,Yes,Yes,Yes,Yes,75 or older,Female,Some college or 2-year degree,Yes,White,No
Plan C,No,Usually,No,Never,3,5,Sometimes,No,None,Always,Never,Always,Always,0,Yes,None,5,No,Always,Sometimes,Yes,Always,5,Very good,Poor,Yes,No,Yes,No,25 to 34,Female,High school graduate or GED,Yes,Black or African American,Yes
Plan A,No,Usually,No,Usually,4,9,Never,Yes,5 to 9,Never,Sometimes,Never,Usually,8,No,2,5,No,Usually,Sometimes,No,Always,9,Excellent,Fair,No,Yes,No,Yes,55 to 64,Female,Some college or 2-year degree,No,Other,Yes
Plan D,No,Never,No,Always,3,10,Usually,Yes,None,Sometimes,Sometimes,Always,Never,1,Yes,4,7,Yes,Sometimes,Never,No,Always,6,Poor,Poor,No,Yes,No,No,55 to 64,Female,Some college or 2-year degree,No,American Indian or Alaska Native,Yes
Plan A,Yes,Usually,No,Sometimes,3,6,Never,No,3,Usually,Never,Usually,Usually,2,Yes,2,5,Yes,Usually,Always,No,Usually,4,Very good,Poor,Yes,No,Yes,Yes,18 to 24,Male,More than 4-year college degree,No,Native Hawaiian or Other Pacific Islander,No
Plan D,No,Sometimes,Yes,Always,4,10,Usually,Yes,1 time,Usually,Never,Sometimes,Sometimes,3,Yes,5 or more specialists,7,Yes,Always,Always,No,Sometimes,7,Very good,Fair,Yes,Yes,No,Yes,18 to 24,Female,8th grade or less,Yes,White,Yes
Plan B,Yes,Usually,Yes,Never,1 time,2,Never,Yes,None,Always,Never,Sometimes,Sometimes,5,No,4,9,Yes,Never,Always,No,Always,0,Poor,Very good,No,No,Yes,No,18 to 24,Male,More than 4-year college degree,Yes,American Indian or Alaska Native,Yes
Plan B,No,Never,Yes,Always,1 time,5,Never,No,2,Usually,Never,Never,Usually,3,Yes,2,10,Yes,Never,Sometimes,No,Sometimes,3,Good,Very good,Yes,Yes,No,No,45 to 54,Female,8th grade or less,No,Asian,No
Plan B,No,Usually,Yes,Never,1 time,10,Never,No,4,Sometimes,Never,Always,Usually,10,Yes,None,4,Yes,Never,Always,Yes,Usually,2,Good,Poor,Yes,No,Yes,Yes,25 to 34,Male,4-year college graduate,Yes,Asian,Yes
Plan C,Yes,Sometimes,No,Never,4,6,Always,Yes,3,Sometimes,Sometimes,Usually,Sometimes,7,Yes,1 specialist,0,No,Always,Never,No,Sometimes,8,Very good,Excellent,No,Yes,Yes,Yes,25 to 34,Male,8th grade or less,No,Other,Yes
Plan B,Yes,Usually,No,Always,10 or more times,1,Sometimes,Yes,1 time,Usually,Never,Usually,Sometimes,2,No,1 specialist,9,No,Always,Always,Yes,Sometimes,2,Fair,Fair,No,Yes,Yes,Yes,75 or older,Male,Some high school,No,Native Hawaiian or Other Pacific Islander,Yes
Plan E,Yes,Usually,No,Never,4,5,Usually,Yes,4,Usually,Never,Never,Sometimes,1,Yes,3,10,No,Sometimes,Usually,Yes,Always,5,Fair,Poor,No,Yes,No,Yes,25 to 34,Male,More than 4-year college degree,Yes,White,Yes
Plan B,No,Usually,No,Usually,None,5,Always,Yes,1 time,Usually,Usually,Sometimes,Sometimes,10,Yes,4,5,No,Usually,Sometimes,No,Usually,0,Good,Fair,Yes,Yes,No,No,25 to 34,Female,8th grade or less,Yes,Black or African American,Yes
Plan E,Yes,Always,No,Never,1 time,1,Sometimes,No,2,Always,Sometimes,Sometimes,Usually,10,Yes,4,6,Yes,Always,Always,Yes,Never,6,Fair,Fair,No,No,No,No,65 to 74,Female,More than 4-year college degree,Yes,American Indian or Alaska Native,No
Plan E,Yes,Usually,No,Always,5 to 9,9,Sometimes,No,5 to 9,Never,Usually,Usually,Always,3,Yes,4,0,Yes,Never,Sometimes,Yes,Sometimes,4,Good,Good,No,No,Yes,No,55 to 64,Female,8th grade or less,No,White,No
Plan E,Yes,Always,Yes,Sometimes,3,0,Always,No,1 time,Always,Never,Always,Usually,9,No,2,6,Yes,Never,Never,Yes,Never,7,Poor,Good,Yes,Yes,No,Yes,18 to 24,Male,4-year college graduate,Yes,Native Hawaiian or Other Pacific Islander,Yes
Plan E,No,Usually,No,Sometimes,3,2,Always,No,4,Always,Always,Usually,Always,3,No,None,4,No,Usually,Sometimes,No,Usually,1,Fair,Very good,No,Yes,Yes,No,35 to 44,Male,Some college or 2-year degree,No,White,Yes
Plan B,No,Usually,Yes,Usually,3,7,Always,No,2,Usually,Usually,Never,Always,0,Yes,5 or more specialists,1,Yes,Never,Usually,No,Never,9,Poor,Fair,No,No,Yes,No,25 to 34,Female,8th grade or less,Yes,White,Yes
Plan B,Yes,Usually,No,Never,1 time,4,Always,Yes,4,Sometimes,Usually,Always,Sometimes,2,Yes,4,5,No,Usually,Always,Yes,Never,3,Good,Very good,No,No,No,No,75 or older,Female,Some high school,No,Other,Yes
Plan A,Yes,Usually,Yes,Usually,2,4,Always,Yes,1 time,Usually,Sometimes,Never,Always,8,No,None,0,No,Sometimes,Never,No,Always,10,Excellent,Poor,No,No,Yes,No,35 to 44,Female,8th grade or less,Yes,Black or African American,No
Plan C,No,Never,Yes,Usually,10 or more times,2,Always,No,10 or more times,Usually,Always,Always,Usually,2,No,4,6,Yes,Always,Always,Yes,Always,5,Good,Poor,Yes,Yes,Yes,No,75 or older,Female,More than 4-year college degree,No,Other,Yes
Plan C,No,Sometimes,Yes,Usually,5 to 9,6,Usually,No,1 time,Usually,Usually,Sometimes,Always,4,No,2,9,No,Never,Always,Yes,Always,5,Poor,Poor,No,No,No,Yes,18 to 24,Male,8th grade or less,Yes,Native Hawaiian or Other Pacific Islander,Yes
Plan C,Yes,Always,No,Always,4,7,Usually,Yes,None,Never,Always,Usually,Sometimes,1,No,4,7,Yes,Sometimes,Never,Yes,Usually,0,Excellent,Very good,Yes,Yes,No,No,45 to 54,Male,High school graduate or GED,Yes,Black or African American,No
Plan A,Yes,Usually,Yes,Never,1 time,2,Always,No,2,Sometimes,Always,Never,Never,3,No,3,10,No,Never,Always,No,Never,3,Excellent,Poor,Yes,Yes,Yes,Yes,65 to 74,Male,More than 4-year college degree,No,White,No
Plan E,Yes,Always,No,Usually,1 time,4,Never,No,10 or more times,Usually,Sometimes,Always,Never,4,Yes,5 or more specialists,1,No,Always,Never,Yes,Usually,6,Very good,Fair,Yes,Yes,Yes,Yes,18 to 24,Female,4-year college graduate,Yes,American Indian or Alaska Native,Yes
Plan D,No,Always,Yes,Sometimes,1 time,7,Never,Yes,None,Sometimes,Never,Always,Sometimes,7,Yes,5 or more specialists,0,Yes,Never,Usually,Yes,Always,6,Fair,Fair,No,Yes,No,Yes,35 to 44,Male,High school graduate or GED,Yes,Black or African American,Yes
Plan B,No,Always,No,Never,2,5,Always,No,5 to 9,Never,Usually,Never,Never,7,No,2,9,Yes,Never,Always,No,Sometimes,8,Poor,Good,Yes,No,No,Yes,55 to 64,Male,4-year college graduate,Yes,Other,No
Plan B,Yes,Never,Yes,Always,10 or more times,0,Never,No,5 to 9,Sometimes,Sometimes,Usually,Never,0,Yes,1 specialist,2,No,Always,Sometimes,Yes,Always,0,Poor,Very good,No,No,Yes,Yes,35 to 44,Male,Some college or 2-year degree,Yes,Native Hawaiian or Other Pacific Islander,No
Plan B,Yes,Always,No,Always,None,4,Never,Yes,None,Sometimes,Usually,Always,Usually,2,No,2,5,No,Always,Always,No,Always,7,Excellent,Poor,No,No,No,No,65 to 74,Male,Some high school,No,Asian,Yes
Plan A,No,Usually,No,Never,3,0,Usually,Yes,3,Always,Sometimes,Never,Always,4,Yes,5 or more specialists,2,No,Usually,Never,Yes,Never,7,Poor,Poor,Yes,Yes,No,No,35 to 44,Female,Some college or 2-year degree,Yes,White,No
Plan D,No,Usually,No,Sometimes,4,8,Usually,Yes,2,Always,Always,Usually,Never,4,No,3,5,No,Always,Usually,No,Always,0,Very good,Poor,Yes,Yes,No,No,18 to 24,Female,Some college or 2-year degree,No,White,No
Plan A,Yes,Sometimes,No,Always,10 or more times,6,Usually,No,1 time,Never,Never,Never,Usually,10,No,None,1,No,Never,Sometimes,Yes,Always,6,Fair,Fair,Yes,Yes,Yes,Yes,65 to 74,Female,Some high school,Yes,Native Hawaiian or Other Pacific Islander,Yes
Plan E,No,Sometimes,Yes,Never,10 or more times,7,Usually,No,3,Usually,Sometimes,Always,Never,9,Yes,1 specialist,7,No,Usually,Never,No,Usually,1,Fair,Good,No,Yes,No,No,25 to 34,Male,8th grade or less,No,American Indian or Alaska Native,No
Plan A,Yes,Usually,Yes,Always,4,10,Sometimes,No,5 to 9,Never,Never,Never,Sometimes,4,No,2,9,Yes,Never,Never,No,Always,6,Excellent,Excellent,No,Yes,No,Yes,35 to 44,Male,Some college or 2-year degree,No,Black or African American,No
Plan A,Yes,Never,No,Sometimes,2,8,Sometimes,Yes,5 to 9,Always,Sometimes,Usually,Usually,3,No,4,6,No,Never,Usually,No,Usually,4,Good,Poor,No,Yes,Yes,No,65 to 74,Male,High school graduate or GED,No,Native Hawaiian or Other Pacific Islander,No
Plan D,No,Usually,No,Always,5 to 9,4,Never,Yes,2,Never,Sometimes,Sometimes,Sometimes,3,Yes,5 or more specialists,5,No,Never,Sometimes,No,Never,10,Poor,Excellent,No,Yes,Yes,No,35 to 44,Male,High school graduate or GED,Yes,American Indian or Alaska Native,Yes
Plan E,No,Never,No,Always,3,7,Usually,Yes,1 time,Sometimes,Never,Usually,Usually,6,No,None,0,No,Never,Never,No,Sometimes,7,Fair,Excellent,No,No,No,Yes,75 or older,Male,Some high school,Yes,Native Hawaiian or Other Pacific Islander,Yes
Plan D,No,Sometimes,No,Never,None,4,Always,No,10 or more times,Usually,Never,Usually,Always,6,Yes,5 or more specialists,7,No,Always,Always,No,Sometimes,10,Fair,Very good,Yes,No,No,Yes,55 to 64,Male,Some high school,No,Black or African American,No
Plan D,No,Usually,Yes,Never,None,4,Usually,No,10 or more times,Always,Always,Always,Never,9,No,2,1,No,Usually,Never,No,Always,9,Very good,Fair,No,Yes,No,Yes,45 to 54,Female,4-year college graduate,No,Native Hawaiian or Other Pacific Islander,No
Plan D,Yes,Sometimes,No,Always,4,4,Usually,No,1 time,Always,Usually,Usually,Never,7,Yes,4,7,No,Sometimes,Always,No,Usually,2,Good,Excellent,Yes,No,No,Yes,35 to 44,Female,Some college or 2-year degree,No,Black or African American,Yes
Plan E,Yes,Always,Yes,Never,1 time,6,Always,No,1 time,Sometimes,Usually,Sometimes,Sometimes,6,No,1 specialist,2,Yes,Sometimes,Usually,No,Sometimes,1,Good,Good,Yes,No,No,No,55 to 64,Female,4-year college graduate,Yes,American Indian or Alaska Native,No
Plan A,Yes,Sometimes,Yes,Never,None,7,Always,No,2,Sometimes,Sometimes,Usually,Usually,6,Yes,3,4,Yes,Sometimes,Usually,No,Sometimes,4,Fair,Very good,No,No,No,No,45 to 54,Female,4-year college graduate,No,American Indian or Alaska Native,No
Plan C,No,Always,Yes,Always,None,9,Usually,Yes,None,Sometimes,Never,Always,Usually,10,Yes,5 or more specialists,2,No,Always,Sometimes,No,Never,4,Good,Excellent,Yes,Yes,No,No,65 to 74,Male,More than 4-year college degree,Yes,Native Hawaiian or Other Pacific Islander,Yes
Plan D,Yes,Usually,No,Sometimes,10 or more times,2,Sometimes,No,5 to 9,Usually,Usually,Always,Usually,3,Yes,2,3,Yes,Never,Always,No,Sometimes,9,Poor,Excellent,No,Yes,No,Yes,75 or older,Female,High school graduate or GED,No,Asian,No
Plan E,Yes,Sometimes,Yes,Sometimes,4,3,Usually,Yes,None,Never,Always,Always,Usually,10,Yes,1 specialist,2,Yes,Always,Always,Yes,Always,2,Very good,Fair,No,No,No,Yes,65 to 74,Female,Some high school,Yes,Asian,No
Plan C,Yes,Sometimes,No,Sometimes,10 or more times,10,Never,No,3,Usually,Never,Sometimes,Always,3,Yes,3,6,No,Never,Never,No,Never,10,Poor,Very good,No,Yes,No,Yes,55 to 64,Male,4-year college graduate,Yes,Black or African American,Yes
Plan B,Yes,Never,Yes,Never,5 to 9,4,Never,No,3,Sometimes,Always,Usually,Never,6,Yes,3,7,Yes,Never,Always,No,Sometimes,8,Poor,Poor,No,No,Yes,Yes,25 to 34,Male,Some college or 2-year degree,No,Other,No
Plan A,Yes,Usually,Yes,Never,10 or more times,5,Usually,No,None,Usually,Never,Never,Usually,4,Yes,5 or more specialists,1,No,Always,Usually,No,Never,2,Poor,Fair,Yes,No,Yes,Yes,25 to 34,Male,High school graduate or GED,No,Native Hawaiian or Other Pacific Islander,No
Plan A,No,Never,Yes,Usually,1 time,5,Sometimes,Yes,1 time,Always,Sometimes,Always,Sometimes,7,No,2,0,Yes,Always,Sometimes,Yes,Always,3,Good,Poor,No,Yes,Yes,Yes,35 to 44,Male,8th grade or less,Yes,Black or African American,No
Plan D,No,Never,No,Always,1 time,3,Usually,No,1 time,Never,Usually,Always,Usually,6,No,1 specialist,2,Yes,Usually,Sometimes,No,Never,4,Poor,Poor,Yes,Yes,No,No,75 or older,Female,Some high school,No,Native Hawaiian or Other Pacific Islander,No
Plan D,No,Never,No,Usually,10 or more times,0,Usually,No,1 time,Usually,Never,Always,Never,9,Yes,1 specialist,10,Yes,Never,Never,Yes,Never,8,Good,Poor,Yes,Yes,No,No,55 to 64,Male,More than 4-year college degree,Yes,Other,No
Plan A,No,Always,No,Never,10 or more times,6,Never,Yes,3,Always,Usually,Always,Usually,2,No,1 specialist,10,No,Always,Always,No,Never,10,Excellent,Excellent,No,Yes,Yes,Yes,55 to 64,Female,More than 4-year college degree,No,White,Yes
Plan C,Yes,Usually,No,Usually,2,5,Sometimes,Yes,2,Always,Sometimes,Sometimes,Sometimes,1,Yes,3,5,No,Usually,Always,Yes,Sometimes,10,Poor,Very good,No,Yes,Yes,Yes,65 to 74,Male,Some high school,Yes,Black or African American,No
Plan E,No,Always,No,Never,None,2,Always,Yes,10 or more times,Sometimes,Never,Sometimes,Never,4,Yes,3,1,Yes,Always,Never,Yes,Usually,0,Good,Poor,No,Yes,Yes,No,55 to 64,Female,4-year college graduate,Yes,Asian,Yes
Plan A,No,Sometimes,Yes,Always,None,10,Usually,No,3,Usually,Sometimes,Never,Always,9,Yes,5 or more specialists,3,No,Usually,Usually,No,Usually,2,Very good,Very good,Yes,No,No,Yes,65 to 74,Male,Some college or 2-year degree,No,American Indian or Alaska Native,No
Plan B,No,Never,Yes,Always,5 to 9,9,Always,No,4,Usually,Never,Sometimes,Sometimes,9,Yes,4,6,No,Usually,Never,No,Always,6,Fair,Good,No,Yes,No,Yes,35 to 44,Female,More than 4-year college degree,No,White,No
Plan B,No,Sometimes,No,Always,5 to 9,7,Usually,Yes,5 to 9,Never,Never,Never,Never,6,No,3,5,No,Never,Sometimes,No,Always,6,Excellent,Fair,Yes,Yes,No,No,55 to 64,Male,Some college or 2-year degree,No,American Indian or Alaska Native,Yes
Plan C,Yes,Sometimes,Yes,Sometimes,1 time,5,Never,Yes,4,Usually,Never,Never,Always,5,Yes,None,9,No,Usually,Usually,Yes,Sometimes,9,Very good,Poor,Yes,Yes,Yes,Yes,55 to 64,Male,4-year college graduate,Yes,Other,Yes
Plan E,Yes,Always,No,Never,None,1,Never,No,None,Usually,Sometimes,Never,Never,2,Yes,2,1,Yes,Usually,Usually,No,Usually,6,Fair,Fair,Yes,Yes,No,No,75 or older,Female,Some college or 2-year degree,No,Black or African American,Yes
Plan E,Yes,Sometimes,No,Usually,4,9,Usually,Yes,2,Never,Usually,Sometimes,Sometimes,1,Yes,4,3,No,Sometimes,Sometimes,No,Sometimes,8,Fair,Very good,No,Yes,No,Yes,65 to 74,Male,Some college or 2-year degree,No,Native Hawaiian or Other Pacific Islander,Yes
Plan B,Yes,Usually,No,Usually,1 time,0,Sometimes,Yes,4,Usually,Never,Sometimes,Always,4,No,None,8,Yes,Always,Never,No,Always,9,Fair,Excellent,No,No,Yes,No,55 to 64,Male,Some high school,Yes,Other,Yes
Plan A,No,Never,No,Never,4,2,Never,Yes,4,Always,Always,Usually,Never,2,Yes,5 or more specialists,2,Yes,Usually,Always,Yes,Sometimes,3,Good,Very good,Yes,No,Yes,No,25 to 34,Male,8th grade or less,No,White,Yes
Plan D,No,Never,Yes,Always,10 or more times,4,Never,No,4,Always,Usually,Always,Usually,3,Yes,None,9,Yes,Always,Never,No,Usually,2,Good,Excellent,Yes,No,Yes,Yes,55 to 64,Male,Some high school,Yes,American Indian or Alaska Native,No
Plan E,Yes,Sometimes,No,Sometimes,1 time,2,Always,No,5 to 9,Always,Usually,Never,Usually,3,No,None,7,Yes,Always,Usually,No,Never,6,Very good,Very good,No,No,Yes,Yes,55 to 64,Female,4-year college graduate,Yes,Asian,Yes
Plan E,Yes,Never,No,Usually,None,1,Usually,Yes,None,Sometimes,Usually,Always,Always,4,No,4,8,No,Sometimes,Usually,Yes,Never,0,Very good,Fair,No,Yes,Yes,No,18 to 24,Female,Some college or 2-year degree,No,White,No
Plan A,Yes,Always,No,Usually,10 or more times,9,Always,Yes,2,Never,Sometimes,Always,Never,10,No,2,10,Yes,Never,Never,No,Sometimes,0,Good,Good,No,No,Yes,No,25 to 34,Female,High school graduate or GED,Yes,Other,No
Plan A,No,Usually,No,Always,4,1,Usually,No,2,Never,Always,Usually,Sometimes,9,Yes,2,8,Yes,Sometimes,Never,Yes,Usually,4,Good,Poor,Yes,Yes,Yes,Yes,25 to 34,Female,4-year college graduate,No,Other,Yes
Plan B,No,Always,Yes,Never,3,6,Never,No,None,Sometimes,Never,Sometimes,Always,7,Yes,4,7,No,Always,Sometimes,No,Always,5,Good,Good,No,Yes,No,No,18 to 24,Female,High school graduate or GED,No,Native Hawaiian or Other Pacific Islander,No
Plan D,Yes,Always,No,Sometimes,2,8,Always,No,None,Always,Always,Sometimes,Usually,3,No,4,4,Yes,Usually,Sometimes,Yes,Never,3,Fair,Good,No,Yes,No,No,25 to 34,Male,More than 4-year college degree,Yes,Native Hawaiian or Other Pacific Islander,No
Plan E,Yes,Sometimes,No,Usually,None,0,Usually,No,10 or more times,Sometimes,Usually,Sometimes,Always,5,No,1 specialist,2,No,Sometimes,Sometimes,No,Usually,9,Very good,Very good,No,No,No,Yes,45 to 54,Male,High school graduate or GED,Yes,Asian,No
Plan E,No,Never,Yes,Never,5 to 9,4,Never,Yes,5 to 9,Sometimes,Sometimes,Usually,Always,8,Yes,None,0,No,Always,Usually,Yes,Usually,10,Excellent,Good,No,Yes,No,Yes,18 to 24,Male,8th grade or less,No,Other,Yes
Plan C,Yes,Usually,Yes,Usually,4,2,Always,Yes,None,Always,Never,Usually,Always,4,Yes,None,6,Yes,Always,Always,Yes,Usually,10,Very good,Good,No,Yes,Yes,Yes,65 to 74,Female,Some college or 2-year degree,No,Native Hawaiian or Other Pacific Islander,Yes
Plan A,Yes,Usually,Yes,Always,1 time,9,Always,Yes,3,Sometimes,Never,Sometimes,Never,1,Yes,5 or more specialists,6,No,Always,Always,No,Usually,6,Very good,Excellent,No,Yes,No,No,18 to 24,Female,More than 4-year college degree,Yes,Other,No
Plan D,No,Never,No,Usually,3,3,Never,Yes,4,Always,Sometimes,Never,Always,9,No,5 or more specialists,10,No,Never,Always,Yes,Always,3,Fair,Poor,Yes,Yes,No,Yes,65 to 74,Male,More than 4-year college degree,No,Native Hawaiian or Other Pacific Islander,Yes
Plan D,Yes,Always,No,Usually,1 time,1,Never,No,10 or more times,Sometimes,Always,Sometimes,Never,7,No,2,0,No,Sometimes,Usually,Yes,Sometimes,9,Fair,Excellent,Yes,Yes,No,No,75 or older,Male,High school graduate or GED,No,White,No
Plan D,No,Sometimes,Yes,Sometimes,2,10,Never,Yes,None,Always,Never,Always,Usually,0,Yes,1 specialist,6,No,Usually,Always,No,Sometimes,3,Excellent,Very good,No,Yes,No,No,45 to 54,Male,8th grade or less,Yes,Black or African American,No
Plan B,Yes,Always,No,Never,5 to 9,8,Never,Yes,3,Always,Always,Never,Sometimes,4,Yes,2,6,Yes,Sometimes,Sometimes,No,Always,3,Fair,Good,No,No,No,No,75 or older,Female,Some high school,Yes,Other,No
Plan E,No,Sometimes,Yes,Never,10 or more times,3,Never,Yes,3,Never,Always,Always,Never,2,Yes,5 or more specialists,8,No,Sometimes,Always,Yes,Sometimes,0,Very good,Fair,No,Yes,Yes,Yes,75 or older,Male,8th grade or less,No,Native Hawaiian or Other Pacific Islander,Yes
Plan D,No,Sometimes,Yes,Sometimes,5 to 9,10,Always,No,2,Sometimes,Never,Never,Always,2,No,1 specialist,10,Yes,Usually,Never,Yes,Sometimes,0,Very good,Good,Yes,No,No,No,75 or older,Male,More than 4-year college degree,Yes,American Indian or Alaska Native,Yes
Plan E,Yes,Never,No,Sometimes,1 time,9,Always,Yes,1 time,Usually,Always,Always,Sometimes,7,No,4,7,No,Usually,Usually,No,Always,2,Poor,Very good,Yes,Yes,Yes,No,65 to 74,Female,High school graduate or GED,Yes,American Indian or Alaska Native,No
Plan C,No,Never,Yes,Sometimes,3,5,Never,No,None,Always,Never,Sometimes,Never,9,No,1 specialist,4,No,Never,Sometimes,No,Always,10,Poor,Excellent,Yes,Yes,Yes,No,35 to 44,Male,High school graduate or GED,Yes,Asian,No
Plan C,No,Always,Yes,Sometimes,None,0,Usually,Yes,2,Never,Sometimes,Sometimes,Never,1,Yes,2,7,No,Always,Always,No,Always,2,Very good,Very good,Yes,Yes,No,No,45 to 54,Female,Some college or 2-year degree,No,White,No
Plan C,No,Always,Yes,Never,3,6,Always,Yes,5 to 9,Never,Usually,Always,Always,1,No,3,4,No,Usually,Sometimes,Yes,Usually,4,Excellent,Fair,Yes,No,Yes,No,35 to 44,Female,High school graduate or GED,No,Native Hawaiian or Other Pacific Islander,Yes
Plan C,No,Sometimes,Yes,Always,2,9,Never,Yes,3,Never,Never,Usually,Always,0,Yes,3,8,Yes,Sometimes,Always,Yes,Sometimes,3,Fair,Excellent,Yes,No,Yes,Yes,25 to 34,Female,4-year college graduate,No,Black or African American,No
Plan A,No,Sometimes,No,Usually,2,6,Never,Yes,1 time,Sometimes,Usually,Usually,Never,10,No,5 or more specialists,1,No,Always,Sometimes,Yes,Always,6,Excellent,Very good,Yes,Yes,No,No,25 to 34,Male,Some college or 2-year degree,Yes,American Indian or Alaska Native,No
Plan C,Yes,Usually,Yes,Sometimes,1 time,1,Never,Yes,1 time,Never,Always,Never,Always,0,Yes,3,4,No,Usually,Always,No,Always,8,Excellent,Fair,No,No,No,No,65 to 74,Male,8th grade or less,No,Asian,Yes
Plan A,Yes,Sometimes,No,Always,2,4,Never,Yes,4,Never,Sometimes,Always,Always,10,No,1 specialist,10,No,Usually,Always,No,Sometimes,4,Fair,Poor,Yes,No,No,No,18 to 24,Male,More than 4-year college degree,No,Other,Yes
Plan E,No,Never,Yes,Always,10 or more times,6,Never,No,5 to 9,Never,Usually,Usually,Always,3,Yes,4,3,Yes,Sometimes,Sometimes,No,Usually,10,Excellent,Fair,No,Yes,Yes,No,55 to 64,Female,Some high school,Yes,Black or African American,Yes
Plan B,Yes,Never,No,Never,4,5,Always,Yes,3,Usually,Sometimes,Always,Usually,1,No,4,5,No,Usually,Sometimes,Yes,Sometimes,6,Very good,Good,Yes,No,Yes,Yes,18 to 24,Female,Some college or 2-year degree,No,White,Yes
Plan C,No,Never,Yes,Usually,1 time,0,Sometimes,No,4,Always,Always,Never,Usually,6,No,2,4,No,Sometimes,Sometimes,Yes,Never,0,Excellent,Excellent,Yes,No,No,No,75 or older,Male,Some high school,No,White,No
Plan B,Yes,Always,No,Never,None,1,Usually,No,5 to 9,Usually,Always,Usually,Sometimes,0,No,None,10,No,Never,Sometimes,Yes,Usually,6,Poor,Poor,No,Yes,Yes,Yes,55 to 64,Female,8th grade or less,No,Other,Yes
Plan D,Yes,Always,Yes,Sometimes,3,10,Usually,No,2,Sometimes,Usually,Usually,Never,0,No,5 or more specialists,0,No,Never,Never,Yes,Never,7,Very good,Good,No,No,Yes,Yes,18 to 24,Female,Some high school,No,Asian,No
Plan C,No,Usually,Yes,Sometimes,1 time,7,Usually,Yes,5 to 9,Never,Usually,Never,Never,5,No,1 specialist,5,Yes,Always,Always,Yes,Usually,9,Very good,Good,Yes,No,No,No,75 or older,Male,8th grade or less,Yes,Other,Yes
Plan C,Yes,Sometimes,Yes,Never,2,2,Never,No,2,Sometimes,Always,Usually,Usually,1,No,1 specialist,1,Yes,Always,Sometimes,Yes,Never,8,Good,Very good,No,Yes,Yes,No,18 to 24,Male,4-year college graduate,Yes,Other,No
Plan A,No,Never,No,Always,5 to 9,3,Never,No,3,Always,Usually,Always,Always,1,No,3,7,No,Usually,Usually,Yes,Always,3,Poor,Fair,Yes,Yes,Yes,No,25 to 34,Female,More than 4-year college degree,No,Black or African American,Yes
Plan E,Yes,Always,Yes,Always,2,10,Never,Yes,3,Always,Never,Never,Never,6,No,5 or more specialists,0,No,Usually,Usually,No,Sometimes,0,Poor,Fair,Yes,Yes,Yes,No,55 to 64,Female,Some college or 2-year degree,No,Asian,Yes
Plan E,No,Always,Yes,Sometimes,None,0,Sometimes,No,3,Usually,Always,Sometimes,Always,9,No,5 or more specialists,2,Yes,Never,Usually,Yes,Sometimes,4,Very good,Excellent,No,No,No,Yes,55 to 64,Male,Some college or 2-year degree,No,Black or African American,No
Plan B,No,Never,No,Always,2,10,Sometimes,Yes,3,Always,Always,Never,Usually,4,Yes,1 specialist,1,No,Sometimes,Usually,No,Sometimes,1,Poor,Poor,No,Yes,Yes,Yes,45 to 54,Female,8th grade or less,No,Other,Yes
Plan E,No,Always,Yes,Always,5 to 9,10,Never,No,5 to 9,Usually,Sometimes,Usually,Never,8,No,5 or more specialists,5,Yes,Sometimes,Never,No,Never,7,Good,Fair,Yes,Yes,Yes,No,75 or older,Female,8th grade or less,Yes,White,No
Plan B,No,Always,No,Never,3,7,Never,Yes,5 to 9,Never,Usually,Never,Always,5,No,3,6,No,Always,Never,No,Sometimes,2,Poor,Poor,Yes,Yes,Yes,Yes,18 to 24,Male,More than 4-year college degree,Yes,Native Hawaiian or Other Pacific Islander,Yes
Plan B,Yes,Sometimes,No,Usually,3,8,Usually,No,2,Sometimes,Never,Never,Sometimes,4,Yes,None,7,Yes,Sometimes,Sometimes,No,Never,7,Poor,Fair,No,Yes,Yes,No,25 to 34,Female,8th grade or less,Yes,Other,Yes
Plan D,No,Usually,Yes,Usually,1 time,1,Sometimes,No,2,Always,Always,Sometimes,Usually,6,Yes,4,5,Yes,Always,Sometimes,No,Sometimes,8,Poor,Fair,No,Yes,No,Yes,75 or older,Female,More than 4-year college degree,No,Black or African American,Yes
Plan E,Yes,Sometimes,No,Always,1 time,7,Always,No,2,Usually,Sometimes,Usually,Sometimes,3,Yes,5 or more specialists,6,Yes,Always,Always,No,Sometimes,6,Good,Good,No,No,No,Yes,25 to 34,Male,8th grade or less,Yes,American Indian or Alaska Native,Yes
Plan B,No,Always,Yes,Always,None,0,Always,Yes,3,Usually,Never,Sometimes,Always,2,Yes,1 specialist,9,Yes,Usually,Always,No,Never,3,Excellent,Excellent,No,Yes,Yes,No,55 to 64,Female,High school graduate or GED,Yes,White,No
Plan D,Yes,Sometimes,No,Sometimes,2,0,Never,No,4,Always,Never,Never,Always,6,Yes,1 specialist,9,No,Usually,Usually,Yes,Sometimes,3,Poor,Excellent,No,Yes,No,Yes,65 to 74,Male,8th grade or less,Yes,American Indian or Alaska Native,Yes
Plan C,Yes,Always,Yes,Usually,None,5,Always,No,None,Always,Always,Never,Sometimes,8,No,3,0,Yes,Never,Usually,Yes,Always,7,Excellent,Good,No,Yes,Yes,No,75 or older,Male,8th grade or less,No,Other,No
Plan B,Yes,Usually,No,Always,2,9,Sometimes,No,4,Sometimes,Usually,Sometimes,Never,0,No,1 specialist,7,Yes,Never,Sometimes,No,Always,2,Good,Good,Yes,No,Yes,Yes,25 to 34,Male,4-year college graduate,No,Black or African American,No
Plan D,No,Sometimes,No,Always,10 or more times,8,Always,No,3,Sometimes,Usually,Always,Always,0,Yes,None,4,Yes,Never,Never,Yes,Sometimes,5,Fair,Very good,No,No,No,Yes,25 to 34,Male,Some college or 2-year degree,Yes,American Indian or Alaska Native,Yes
Plan B,No,Always,Yes,Sometimes,5 to 9,4,Sometimes,No,None,Usually,Sometimes,Sometimes,Never,8,Yes,None,6,Yes,Sometimes,Sometimes,Yes,Sometimes,4,Fair,Excellent,No,No,No,No,75 or older,Male,Some high school,Yes,Black or African American,Yes
Plan B,No,Always,No,Always,2,6,Sometimes,Yes,None,Usually,Sometimes,Never,Never,0,No,5 or more specialists,1,No,Sometimes,Always,Yes,Never,6,Excellent,Excellent,No,No,No,Yes,65 to 74,Male,High school graduate or GED,Yes,Native Hawaiian or Other Pacific Islander,No
Plan C,Yes,Sometimes,Yes,Always,1 time,9,Never,No,2,Sometimes,Always,Never,Never,8,Yes,3,4,No,Never,Always,Yes,Usually,6,Good,Poor,No,Yes,Yes,No,75 or older,Female,Some high school,Yes,Other,No
Plan E,Yes,Always,No,Usually,1 time,2,Always,Yes,10 or more times,Never,Never,Usually,Always,3,Yes,4,1,No,Never,Usually,Yes,Usually,5,Fair,Very good,No,Yes,No,Yes,55 to 64,Male,Some college or 2-year degree,Yes,Native Hawaiian or Other Pacific Islander,No
Plan D,No,Sometimes,No,Always,1 time,4,Never,No,5 to 9,Always,Never,Never,Always,0,No,5 or more specialists,10,No,Always,Never,Yes,Always,1,Good,Poor,Yes,No,No,No,55 to 64,Female,8th grade or less,Yes,American Indian or Alaska Native,Yes
Plan C,Yes,Never,Yes,Sometimes,4,8,Never,No,None,Never,Always,Usually,Always,4,No,1 specialist,1,Yes,Never,Usually,No,Always,1,Fair,Excellent,Yes,No,Yes,No,45 to 54,Female,Some high school,No,Black or African American,No
Plan B,Yes,Never,No,Usually,5 to 9,10,Always,Yes,5 to 9,Sometimes,Usually,Usually,Never,3,No,None,9,No,Always,Usually,No,Always,9,Excellent,Fair,Yes,Yes,No,No,55 to 64,Male,4-year college graduate,Yes,White,Yes
Plan D,Yes,Usually,No,Never,5 to 9,7,Usually,No,1 time,Usually,Never,Never,Sometimes,10,Yes,4,6,No,Never,Always,Yes,Sometimes,10,Fair,Poor,Yes,No,No,Yes,55 to 64,Female,Some high school,No,Other,No
Plan D,Yes,Usually,Yes,Usually,10 or more times,3,Always,Yes,2,Usually,Usually,Never,Always,10,Yes,4,1,Yes,Usually,Never,No,Usually,6,Very good,Very good,No,No,Yes,No,45 to 54,Male,8th grade or less,Yes,Other,Yes
Plan A,No,Sometimes,No,Never,4,0,Never,No,1 time,Never,Never,Never,Always,0,No,4,10,Yes,Always,Usually,No,Usually,7,Poor,Excellent,Yes,No,Yes,No,18 to 24,Female,8th grade or less,No,Other,Yes
Plan E,Yes,Usually,Yes,Usually,2,3,Sometimes,No,1 time,Sometimes,Never,Always,Usually,8,Yes,5 or more specialists,9,No,Always,Always,No,Never,8,Good,Fair,No,Yes,Yes,Yes,75 or older,Male,Some high school,Yes,Native Hawaiian or Other Pacific Islander,No
Plan B,Yes,Always,No,Sometimes,1 time,3,Never,Yes,None,Usually,Always,Sometimes,Never,1,Yes,4,7,Yes,Sometimes,Never,Yes,Always,10,Fair,Very good,No,No,No,Yes,55 to 64,Male,High school graduate or GED,No,Native Hawaiian or Other Pacific Islander,No
Plan D,No,Always,Yes,Always,3,6,Usually,No,10 or more times,Never,Always,Sometimes,Always,6,Yes,3,9,No,Sometimes,Always,No,Never,0,Poor,Excellent,No,Yes,Yes,Yes,65 to 74,Female,High school graduate or GED,Yes,Native Hawaiian or Other Pacific Islander,Yes
Plan C,No,Never,No,Always,2,10,Sometimes,No,3,Always,Never,Never,Sometimes,3,Yes,2,5,No,Sometimes,Usually,Yes,Always,8,Good,Poor,Yes,No,Yes,No,55 to 64,Female,4-year college graduate,No,Asian,No
Plan A,Yes,Sometimes,Yes,Never,10 or more times,0,Always,Yes,4,Always,Always,Never,Always,6,Yes,None,6,Yes,Usually,Always,No,Never,2,Good,Excellent,No,Yes,No,Yes,65 to 74,Female,4-year college graduate,No,American Indian or Alaska Native,Yes
Plan E,Yes,Never,No,Always,2,5,Usually,No,3,Always,Sometimes,Usually,Sometimes,10,No,1 specialist,5,No,Sometimes,Sometimes,Yes,Always,9,Fair,Very good,Yes,No,No,Yes,75 or older,Male,Some high school,No,Other,No
Plan E,Yes,Always,Yes,Sometimes,2,9,Usually,No,5 to 9,Always,Sometimes,Sometimes,Always,9,No,None,4,Yes,Always,Never,Yes,Usually,6,Poor,Good,No,No,Yes,No,18 to 24,Female,Some college or 2-year degree,Yes,Asian,Yes
Plan A,Yes,Usually,Yes,Usually,3,10,Always,Yes,4,Always,Sometimes,Always,Usually,10,No,5 or more specialists,9,No,Always,Usually,Yes,Sometimes,8,Poor,Fair,Yes,No,No,Yes,25 to 34,Male,Some college or 2-year degree,No,American Indian or Alaska Native,No
Plan E,No,Sometimes,No,Sometimes,10 or more times,4,Always,Yes,5 to 9,Usually,Always,Usually,Sometimes,10,No,4,4,Yes,Usually,Usually,Yes,Sometimes,3,Poor,Very good,Yes,No,No,Yes,55 to 64,Female,More than 4-year college degree,Yes,White,No
Plan D,No,Usually,No,Usually,3,6,Sometimes,No,4,Sometimes,Never,Sometimes,Usually,4,Yes,3,8,No,Never,Never,Yes,Sometimes,7,Fair,Excellent,No,No,Yes,No,65 to 74,Female,8th grade or less,Yes,Native Hawaiian or Other Pacific Islander,Yes
Plan A,No,Always,Yes,Usually,3,1,Never,Yes,1 time,Usually,Sometimes,Never,Never,2,No,5 or more specialists,8,No,Never,Never,No,Usually,9,Fair,Good,Yes,No,Yes,No,18 to 24,Female,More than 4-year college degree,No,Asian,Yes
Plan D,Yes,Never,No,Never,5 to 9,8,Never,No,5 to 9,Always,Never,Usually,Usually,9,No,3,6,No,Usually,Always,No,Always,3,Good,Excellent,Yes,No,Yes,No,18 to 24,Female,High school graduate or GED,Yes,White,Yes
Plan C,No,Never,Yes,Always,3,5,Sometimes,No,10 or more times,Usually,Usually,Usually,Never,7,No,None,6,Yes,Sometimes,Sometimes,No,Never,6,Very good,Excellent,No,No,Yes,No,18 to 24,Male,4-year college graduate,No,Other,No
Plan E,Yes,Usually,No,Usually,5 to 9,1,Always,Yes,4,Usually,Sometimes,Never,Usually,1,No,1 specialist,2,No,Never,Usually,No,Always,4,Fair,Good,Yes,Yes,Yes,No,25 to 34,Female,More than 4-year college degree,No,Black or African American,No
Plan E,Yes,Sometimes,Yes,Usually,10 or more times,4,Always,No,5 to 9,Usually,Sometimes,Always,Usually,2,Yes,1 specialist,0,Yes,Always,Never,Yes,Usually,10,Fair,Poor,Yes,No,No,Yes,45 to 54,Male,Some high school,Yes,White,No
Plan A,No,Sometimes,Yes,Never,1 time,1,Sometimes,Yes,None,Sometimes,Sometimes,Always,Usually,5,Yes,5 or more specialists,10,No,Always,Sometimes,Yes,Usually,8,Excellent,Fair,No,No,Yes,Yes,45 to 54,Male,More than 4-year college degree,Yes,Other,Yes
Plan D,Yes,Always,No,Sometimes,None,7,Always,No,5 to 9,Sometimes,Always,Never,Always,1,Yes,None,0,Yes,Usually,Always,Yes,Sometimes,8,Excellent,Excellent,Yes,Yes,Yes,No,35 to 44,Male,More than 4-year college degree,Yes,Black or African American,Yes
Plan D,Yes,Usually,Yes,Never,10 or more times,5,Sometimes,No,1 time,Usually,Usually,Sometimes,Usually,3,No,5 or more specialists,8,No,Usually,Always,Yes,Never,1,Very good,Good,No,Yes,Yes,No,45 to 54,Female,High school graduate or GED,Yes,Native Hawaiian or Other Pacific Islander,No
Plan B,No,Usually,No,Always,5 to 9,0,Always,Yes,2,Usually,Always,Never,Never,5,Yes,5 or more specialists,8,No,Always,Usually,Yes,Never,3,Excellent,Fair,No,Yes,No,No,18 to 24,Female,8th grade or less,No,Asian,No
Plan D,No,Always,Yes,Always,10 or more times,7,Sometimes,Yes,5 to 9,Usually,Always,Never,Never,7,Yes,None,5,No,Sometimes,Always,No,Usually,1,Good,Fair,No,No,No,Yes,25 to 34,Male,8th grade or less,Yes,Asian,Yes
Plan C,Yes,Usually,Yes,Sometimes,None,5,Usually,No,3,Always,Sometimes,Always,Usually,7,No,None,3,Yes,Always,Usually,No,Sometimes,0,Poor,Fair,Yes,Yes,No,Yes,55 to 64,Male,More than 4-year college degree,Yes,Native Hawaiian or Other Pacific Islander,No
Plan D,No,Never,No,Sometimes,1 time,6,Usually,No,10 or more times,Sometimes,Sometimes,Usually,Sometimes,0,Yes,4,7,Yes,Sometimes,Always,No,Sometimes,3,Very good,Very good,No,No,No,Yes,65 to 74,Female,More than 4-year college degree,No,Asian,No
Plan A,No,Usually,No,Sometimes,2,2,Always,No,None,Usually,Never,Usually,Always,8,No,None,0,No,Usually,Usually,Yes,Never,7,Excellent,Very good,No,No,No,No,65 to 74,Male,High school graduate or GED,Yes,Other,Yes
Plan E,No,Always,No,Usually,3,0,Always,No,1 time,Sometimes,Sometimes,Never,Always,7,Yes,2,1,No,Usually,Always,Yes,Always,9,Poor,Fair,Yes,No,Yes,No,35 to 44,Female,8th grade or less,Yes,White,No
Plan C,Yes,Sometimes,Yes,Usually,10 or more times,4,Sometimes,Yes,None,Sometimes,Always,Sometimes,Usually,6,No,5 or more specialists,3,Yes,Sometimes,Usually,No,Sometimes,5,Poor,Very good,No,Yes,Yes,No,55 to 64,Male,Some college or 2-year degree,Yes,Asian,Yes
Plan E,Yes,Usually,Yes,Usually,10 or more times,4,Never,Yes,1 time,Sometimes,Always,Never,Never,3,Yes,5 or more specialists,9,No,Usually,Sometimes,Yes,Sometimes,7,Good,Excellent,Yes,No,No,No,65 to 74,Male,More than 4-year college degree,Yes,Native Hawaiian or Other Pacific Islander,No
Plan D,Yes,Sometimes,Yes,Usually,10 or more times,6,Sometimes,No,3,Never,Sometimes,Never,Never,3,No,2,3,No,Usually,Sometimes,No,Always,10,Poor,Very good,Yes,No,Yes,No,45 to 54,Male,More than 4-year college degree,No,Black or African American,Yes
Plan A,No,Never,No,Sometimes,2,8,Usually,Yes,4,Never,Always,Always,Always,8,Yes,3,10,Yes,Always,Always,Yes,Sometimes,9,Very good,Very good,No,No,Yes,Yes,65 to 74,Female,More than 4-year college degree,No,Asian,Yes
Plan D,Yes,Never,No,Never,3,6,Never,No,10 or more times,Usually,Sometimes,Usually,Always,1,No,3,7,Yes,Usually,Sometimes,Yes,Sometimes,3,Fair,Poor,Yes,No,Yes,Yes,45 to 54,Female,More than 4-year college degree,Yes,Other,No
Plan D,No,Usually,No,Never,4,7,Usually,No,10 or more times,Usually,Usually,Always,Never,5,No,4,1,No,Never,Sometimes,Yes,Usually,5,Excellent,Very good,Yes,Yes,No,Yes,75 or older,Male,More than 4-year college degree,Yes,Native Hawaiian or Other Pacific Islander,No
Plan B,Yes,Sometimes,No,Usually,None,0,Sometimes,No,10 or more times,Always,Never,Sometimes,Usually,5,No,5 or more specialists,4,Yes,Usually,Never,No,Usually,4,Very good,Poor,No,No,Yes,No,65 to 74,Male,4-year college graduate,No,White,Yes
Plan E,Yes,Sometimes,Yes,Never,5 to 9,3,Always,No,1 time,Usually,Usually,Never,Never,6,Yes,4,4,Yes,Usually,Usually,Yes,Sometimes,9,Very good,Poor,No,Yes,No,Yes,45 to 54,Female,High school graduate or GED,Yes,Asian,No
Plan E,No,Usually,Yes,Usually,5 to 9,2,Sometimes,No,1 time,Always,Usually,Never,Usually,6,Yes,4,10,Yes,Sometimes,Usually,No,Always,8,Very good,Poor,Yes,No,Yes,No,35 to 44,Male,8th grade or less,Yes,Native Hawaiian or Other Pacific Islander,Yes
Plan A,Yes,Never,Yes,Always,None,0,Never,No,3,Always,Always,Usually,Sometimes,0,Yes,2,7,No,Sometimes,Always,No,Usually,8,Very good,Excellent,Yes,Yes,No,No,18 to 24,Female,High school graduate or GED,No,American Indian or Alaska Native,Yes
Plan C,Yes,Usually,No,Sometimes,4,0,Never,No,2,Sometimes,Always,Always,Sometimes,4,Yes,3,5,Yes,Never,Never,Yes,Usually,7,Excellent,Fair,Yes,Yes,Yes,No,75 or older,Male,Some college or 2-year degree,No,Other,No
Plan C,Yes,Sometimes,Yes,Always,3,4,Usually,Yes,5 to 9,Sometimes,Never,Always,Usually,5,No,2,6,No,Never,Usually,Yes,Never,6,Good,Fair,Yes,No,No,Yes,75 or older,Male,Some high school,Yes,American Indian or Alaska Native,Yes
Plan B,No,Always,No,Never,1 time,6,Sometimes,Yes,None,Usually,Sometimes,Always,Sometimes,3,Yes,5 or more specialists,9,No,Usually,Always,No,Usually,3,Excellent,Very good,No,Yes,Yes,No,75 or older,Female,More than 4-year college degree,No,Black or African American,Yes
Plan B,No,Sometimes,No,Never,5 to 9,2,Never,No,4,Always,Usually,Never,Never,2,Yes,4,0,Yes,Usually,Always,Yes,Sometimes,7,Good,Poor,No,Yes,Yes,No,18 to 24,Male,High school graduate or GED,No,Other,Yes
Plan D,No,Sometimes,Yes,Always,None,9,Sometimes,Yes,3,Usually,Usually,Never,Always,7,Yes,5 or more specialists,0,Yes,Never,Sometimes,No,Usually,8,Poor,Fair,Yes,No,Yes,No,35 to 44,Female,8th grade or less,Yes,Black or African American,No
Plan D,Yes,Never,Yes,Sometimes,4,3,Always,Yes,2,Sometimes,Never,Never,Always,0,No,1 specialist,10,No,Usually,Always,Yes,Sometimes,6,Fair,Excellent,No,Yes,Yes,No,45 to 54,Female,8th grade or less,No,American Indian or Alaska Native,Yes
Plan D,Yes,Never,Yes,Usually,5 to 9,10,Usually,No,5 to 9,Sometimes,Always,Never,Never,7,Yes,None,7,No,Sometimes,Usually,Yes,Usually,7,Excellent,Very good,No,Yes,No,No,55 to 64,Female,More than 4-year college degree,No,Other,Yes
Plan C,Yes,Sometimes,No,Sometimes,10 or more times,6,Never,No,10 or more times,Always,Never,Never,Usually,7,No,1 specialist,9,Yes,Always,Sometimes,No,Usually,3,Excellent,Poor,Yes,Yes,Yes,No,65 to 74,Male,Some high school,Yes,American Indian or Alaska Native,Yes
Plan C,Yes,Sometimes,No,Usually,10 or more times,5,Sometimes,Yes,5 to 9,Sometimes,Always,Sometimes,Usually,0,Yes,4,2,Yes,Sometimes,Sometimes,No,Never,9,Poor,Poor,No,No,No,No,75 or older,Female,4-year college graduate,Yes,American Indian or Alaska Native,Yes
Plan A,No,Never,No,Usually,5 to 9,2,Never,No,10 or more times,Always,Sometimes,Sometimes,Sometimes,1,No,5 or more specialists,3,No,Never,Usually,No,Never,1,Poor,Good,Yes,No,No,No,55 to 64,Female,Some college or 2-year degree,Yes,Black or African American,No
Plan C,Yes,Never,No,Sometimes,3,1,Always,Yes,None,Never,Never,Never,Never,5,Yes,5 or more specialists,10,Yes,Usually,Never,Yes,Always,2,Very good,Fair,Yes,No,Yes,Yes,18 to 24,Female,High school graduate or GED,Yes,White,No
Plan E,Yes,Always,No,Always,10 or more times,6,Usually,No,2,Always,Usually,Never,Usually,3,No,None,9,Yes,Never,Never,Yes,Usually,6,Good,Good,No,Yes,No,Yes,35 to 44,Male,More than 4-year college degree,Yes,White,Yes
Plan E,Yes,Always,Yes,Always,3,6,Usually,Yes,10 or more times,Never,Never,Usually,Never,5,Yes,2,0,Yes,Always,Always,No,Sometimes,0,Good,Poor,Yes,Yes,Yes,Yes,55 to 64,Female,Some high school,No,Black or African American,No
Plan D,Yes,Always,No,Always,10 or more times,0,Sometimes,Yes,2,Usually,Never,Always,Never,8,Yes,4,6,Yes,Usually,Always,No,Usually,7,Very good,Excellent,Yes,Yes,No,Yes,35 to 44,Female,8th grade or less,Yes,Native Hawaiian or Other Pacific Islander,No
Plan E,Yes,Sometimes,Yes,Never,None,4,Always,No,2,Always,Always,Never,Usually,4,Yes,2,2,No,Sometimes,Sometimes,Yes,Never,3,Very good,Fair,Yes,Yes,Yes,No,65 to 74,Male,Some college or 2-year degree,No,Asian,Yes
Plan B,No,Sometimes,No,Never,4,6,Usually,Yes,10 or more times,Usually,Usually,Always,Usually,7,Yes,1 specialist,1,Yes,Always,Usually,Yes,Sometimes,10,Good,Very good,No,Yes,No,No,18 to 24,Male,Some high school,Yes,Black or African American,No
Plan A,No,Sometimes,Yes,Always,5 to 9,2,Never,No,None,Never,Usually,Always,Always,7,No,4,3,No,Always,Sometimes,Yes,Always,2,Good,Poor,No,Yes,Yes,No,25 to 34,Female,8th grade or less,Yes,Other,No
Plan B,Yes,Sometimes,No,Usually,5 to 9,9,Never,No,1 time,Usually,Sometimes,Sometimes,Never,7,No,None,5,No,Never,Sometimes,No,Sometimes,10,Good,Good,Yes,Yes,No,No,45 to 54,Male,More than 4-year college degree,Yes,Black or African American,No
Plan B,No,Never,No,Sometimes,5 to 9,0,Usually,Yes,4,Always,Never,Usually,Usually,7,Yes,None,5,Yes,Always,Always,Yes,Sometimes,7,Very good,Poor,No,No,Yes,No,75 or older,Male,Some college or 2-year degree,No,Black or African American,Yes
Plan C,Yes,Usually,No,Sometimes,1 time,9,Usually,Yes,10 or more times,Always,Always,Never,Never,2,No,5 or more specialists,7,No,Always,Usually,No,Usually,4,Poor,Very good,No,Yes,Yes,Yes,65 to 74,Male,More than 4-year college degree,Yes,White,No
Plan B,Yes,Always,No,Sometimes,3,5,Sometimes,No,None,Always,Never,Always,Always,9,Yes,4,5,No,Always,Usually,Yes,Always,3,Fair,Poor,Yes,No,No,Yes,45 to 54,Male,4-year college graduate,No,Asian,Yes
Plan E,No,Never,Yes,Always,None,0,Never,No,1 time,Usually,Sometimes,Sometimes,Sometimes,3,Yes,4,5,No,Always,Sometimes,No,Always,5,Very good,Good,Yes,No,Yes,No,18 to 24,Female,8th grade or less,Yes,Black or African American,Yes
Plan A,Yes,Usually,No,Always,5 to 9,1,Usually,Yes,2,Always,Always,Sometimes,Sometimes,6,No,2,10,No,Always,Usually,Yes,Usually,6,Very good,Good,Yes,Yes,No,Yes,75 or older,Male,High school graduate or GED,No,Black or African American,No
Plan A,Yes,Sometimes,No,Never,3,5,Sometimes,Yes,10 or more times,Sometimes,Usually,Always,Never,9,Yes,5 or more specialists,0,No,Never,Always,No,Usually,10,Good,Excellent,No,No,No,Yes,25 to 34,Female,4-year college graduate,No,Other,Yes
Plan B,Yes,Always,Yes,Always,10 or more times,5,Usually,Yes,5 to 9,Never,Sometimes,Always,Usually,10,Yes,3,2,No,Always,Always,No,Sometimes,3,Fair,Poor,Yes,Yes,No,No,35 to 44,Female,4-year college graduate,Yes,American Indian or Alaska Native,Yes
Plan D,Yes,Always,Yes,Never,None,1,Sometimes,Yes,2,Never,Never,Usually,Never,1,Yes,None,1,No,Usually,Usually,Yes,Usually,6,Good,Good,Yes,No,No,Yes,45 to 54,Female,Some high school,Yes,Black or African American,No
Plan A,No,Sometimes,Yes,Sometimes,1 time,10,Sometimes,No,5 to 9,Usually,Always,Always,Never,8,No,1 specialist,9,Yes,Usually,Always,No,Always,1,Poor,Good,Yes,No,Yes,No,45 to 54,Female,8th grade or less,No,American Indian or Alaska Native,No
Plan A,No,Sometimes,Yes,Never,3,8,Sometimes,No,10 or more times,Usually,Usually,Always,Usually,0,Yes,4,6,No,Usually,Never,No,Always,3,Very good,Very good,Yes,No,Yes,Yes,18 to 24,Male,4-year college graduate,Yes,Black or African American,Yes
Plan D,Yes,Sometimes,Yes,Usually,1 time,3,Sometimes,No,5 to 9,Never,Sometimes,Usually,Sometimes,4,No,None,2,Yes,Usually,Sometimes,No,Usually,8,Excellent,Excellent,Yes,No,Yes,No,55 to 64,Female,High school graduate or GED,No,American Indian or Alaska Native,Yes
Plan D,Yes,Sometimes,Yes,Usually,10 or more times,1,Always,Yes,None,Never,Always,Always,Usually,4,No,2,2,Yes,Sometimes,Usually,Yes,Sometimes,7,Good,Excellent,No,No,Yes,No,25 to 34,Female,Some high school,Yes,Native Hawaiian or Other Pacific Islander,No
Plan A,Yes,Sometimes,Yes,Sometimes,1 time,1,Always,Yes,None,Never,Never,Never,Sometimes,4,No,4,0,No,Usually,Sometimes,Yes,Usually,5,Good,Fair,Yes,No,No,No,45 to 54,Female,Some high school,No,American Indian or Alaska Native,No
Plan A,Yes,Never,No,Always,10 or more times,5,Always,Yes,1 time,Sometimes,Usually,Always,Usually,2,Yes,3,10,No,Sometimes,Sometimes,No,Never,2,Good,Fair,Yes,Yes,No,Yes,65 to 74,Male,4-year college graduate,No,Black or African American,Yes
Plan B,Yes,Never,No,Never,3,5,Usually,No,10 or more times,Always,Never,Always,Never,2,Yes,4,5,No,Sometimes,Always,Yes,Always,3,Good,Excellent,No,No,Yes,Yes,45 to 54,Male,High school graduate or GED,Yes,Native Hawaiian or Other Pacific Islander,No
Plan D,No,Usually,Yes,Always,2,4,Usually,No,10 or more times,Always,Usually,Always,Sometimes,9,Yes,4,1,No,Sometimes,Usually,Yes,Always,8,Very good,Good,No,Yes,Yes,Yes,35 to 44,Male,Some college or 2-year degree,No,White,No
Plan D,No,Always,No,Never,None,5,Usually,No,1 time,Never,Never,Sometimes,Sometimes,9,No,2,5,No,Sometimes,Never,Yes,Never,6,Poor,Excellent,No,Yes,Yes,Yes,18 to 24,Male,8th grade or less,Yes,American Indian or Alaska Native,Yes
Plan E,Yes,Usually,Yes,Always,None,0,Always,Yes,1 time,Sometimes,Usually,Usually,Always,2,Yes,4,7,Yes,Always,Always,No,Sometimes,8,Good,Fair,No,No,No,Yes,45 to 54,Male,More than 4-year college degree,No,Black or African American,Yes
Plan C,Yes,Sometimes,Yes,Sometimes,1 time,5,Usually,Yes,3,Always,Sometimes,Never,Always,6,Yes,1 specialist,7,Yes,Never,Usually,No,Sometimes,8,Fair,Fair,Yes,Yes,Yes,No,55 to 64,Male,Some high school,No,American Indian or Alaska Native,No
Plan A,Yes,Sometimes,Yes,Always,1 time,0,Usually,Yes,5 to 9,Usually,Sometimes,Sometimes,Always,1,Yes,4,6,No,Sometimes,Always,Yes,Never,5,Excellent,Very good,Yes,Yes,Yes,No,18 to 24,Female,4-year college graduate,Yes,Native Hawaiian or Other Pacific Islander,No
Plan B,No,Never,No,Always,10 or more times,1,Always,Yes,5 to 9,Always,Never,Never,Usually,6,Yes,3,0,No,Usually,Usually,Yes,Never,7,Poor,Poor,Yes,Yes,No,No,65 to 74,Male,4-year college graduate,No,Native Hawaiian or Other Pacific Islander,Yes
Plan E,Yes,Always,Yes,Sometimes,10 or more times,5,Sometimes,No,5 to 9,Never,Never,Never,Usually,8,Yes,5 or more specialists,5,No,Always,Never,Yes,Never,1,Very good,Excellent,No,No,Yes,Yes,65 to 74,Female,Some high school,No,Other,Yes
Plan B,No,Never,No,Never,None,0,Usually,Yes,4,Never,Never,Sometimes,Never,8,No,None,5,Yes,Sometimes,Sometimes,Yes,Never,4,Good,Fair,No,No,No,No,18 to 24,Male,Some high school,Yes,Asian,Yes
Plan C,No,Sometimes,Yes,Always,5 to 9,9,Always,Yes,2,Always,Never,Always,Never,2,No,2,3,No,Sometimes,Sometimes,Yes,Never,7,Very good,Very good,No,No,Yes,No,18 to 24,Male,More than 4-year college degree,Yes,American Indian or Alaska Native,Yes
Plan E,No,Never,Yes,Sometimes,5 to 9,4,Never,Yes,1 time,Always,Usually,Always,Never,3,Yes,1 specialist,8,Yes,Usually,Always,No,Sometimes,2,Poor,Excellent,Yes,Yes,No,No,55 to 64,Female,More than 4-year college degree,No,Black or African American,Yes
Plan D,No,Usually,Yes,Usually,5 to 9,10,Always,No,10 or more times,Never,Never,Usually,Usually,0,Yes,5 or more specialists,4,Yes,Always,Always,Yes,Usually,4,Very good,Good,Yes,Yes,Yes,No,55 to 64,Male,Some high school,Yes,Black or African American,Yes
Plan D,Yes,Never,No,Sometimes,1 time,1,Sometimes,No,10 or more times,Sometimes,Usually,Never,Usually,1,No,4,10,No,Usually,Never,No,Usually,3,Excellent,Fair,Yes,No,No,No,18 to 24,Male,More than 4-year college degree,No,Black or African American,No
Plan C,Yes,Never,No,Sometimes,1 time,3,Never,No,10 or more times,Never,Usually,Always,Sometimes,8,Yes,5 or more specialists,3,No,Sometimes,Usually,Yes,Never,2,Good,Very good,Yes,No,Yes,Yes,65 to 74,Male,Some college or 2-year degree,Yes,Other,No
Plan D,Yes,Always,No,Usually,3,9,Usually,Yes,None,Sometimes,Always,Sometimes,Usually,6,Yes,3,2,No,Sometimes,Sometimes,Yes,Usually,2,Fair,Excellent,Yes,No,No,Yes,18 to 24,Female,Some high school,No,Asian,No
Plan A,Yes,Always,No,Usually,None,3,Always,No,1 time,Sometimes,Always,Usually,Never,1,Yes,1 specialist,5,Yes,Never,Sometimes,No,Always,8,Fair,Excellent,No,No,No,Yes,25 to 34,Female,High school graduate or GED,No,White,No
Plan E,Yes,Never,No,Never,1 time,4,Always,No,2,Sometimes,Always,Always,Sometimes,10,Yes,4,0,No,Never,Sometimes,Yes,Never,0,Excellent,Fair,Yes,No,No,Yes,45 to 54,Male,More than 4-year college degree,Yes,Native Hawaiian or Other Pacific Islander,Yes
Plan B,Yes,Sometimes,Yes,Never,2,8,Always,Yes,2,Usually,Never,Always,Never,2,No,None,4,Yes,Never,Always,Yes,Always,8,Good,Fair,Yes,Yes,Yes,Yes,18 to 24,Female,4-year college graduate,Yes,Other,Yes
Plan C,Yes,Always,No,Usually,4,10,Never,No,None,Sometimes,Sometimes,Never,Usually,2,Yes,None,8,Yes,Always,Never,No,Always,7,Very good,Good,No,No,No,Yes,35 to 44,Male,8th grade or less,Yes,Black or African American,No
Plan A,No,Usually,Yes,Sometimes,2,4,Sometimes,No,3,Sometimes,Sometimes,Always,Always,6,Yes,None,10,Yes,Usually,Never,Yes,Sometimes,10,Excellent,Poor,No,Yes,No,Yes,65 to 74,Female,More than 4-year college degree,No,Asian,Yes
Plan A,No,Never,Yes,Sometimes,5 to 9,4,Never,No,3,Sometimes,Never,Sometimes,Usually,8,No,1 specialist,8,No,Always,Usually,No,Always,10,Good,Poor,No,No,No,Yes,45 to 54,Male,4-year college graduate,Yes,Asian,No
Plan B,No,Usually,No,Always,10 or more times,3,Sometimes,Yes,1 time,Sometimes,Sometimes,Never,Always,1,Yes,None,9,Yes,Usually,Always,Yes,Always,0,Poor,Excellent,Yes,Yes,Yes,No,18 to 24,Male,Some college or 2-year degree,No,Native Hawaiian or Other Pacific Islander,Yes
Plan A,No,Usually,No,Never,10 or more times,7,Sometimes,Yes,3,Usually,Usually,Always,Usually,9,Yes,3,3,No,Usually,Sometimes,No,Never,5,Excellent,Fair,Yes,Yes,No,Yes,75 or older,Male,4-year college graduate,No,Native Hawaiian or Other Pacific Islander,Yes
Plan A,No,Sometimes,No,Usually,None,6,Usually,Yes,3,Usually,Usually,Usually,Sometimes,7,No,5 or more specialists,10,Yes,Always,Sometimes,Yes,Never,10,Fair,Very good,Yes,No,No,No,45 to 54,Female,Some high school,No,Other,Yes
Plan E,No,Usually,No,Usually,None,6,Usually,Yes,None,Never,Usually,Usually,Always,1,No,3,10,Yes,Sometimes,Never,Yes,Always,4,Very good,Fair,Yes,No,No,Yes,45 to 54,Female,4-year college graduate,Yes,Native Hawaiian or Other Pacific Islander,No
Plan E,No,Never,No,Usually,1 time,3,Usually,Yes,None,Always,Never,Usually,Always,4,Yes,3,5,Yes,Always,Always,No,Sometimes,5,Excellent,Fair,Yes,No,No,Yes,65 to 74,Male,8th grade or less,Yes,Asian,No
Plan B,Yes,Usually,No,Always,2,1,Usually,No,3,Usually,Sometimes,Sometimes,Usually,1,No,5 or more specialists,3,Yes,Sometimes,Sometimes,No,Always,9,Poor,Very good,Yes,No,Yes,Yes,45 to 54,Female,8th grade or less,No,Black or African American,No
Plan A,No,Usually,Yes,Usually,2,8,Usually,Yes,10 or more times,Sometimes,Never,Never,Always,6,Yes,2,9,No,Never,Always,No,Always,3,Good,Excellent,No,No,Yes,Yes,35 to 44,Female,Some college or 2-year degree,Yes,Asian,Yes
Plan D,No,Never,No,Always,10 or more times,8,Usually,Yes,5 to 9,Usually,Usually,Never,Usually,9,No,1 specialist,7,No,Always,Always,No,Usually,1,Fair,Good,Yes,No,Yes,No,18 to 24,Male,4-year college graduate,No,Black or African American,No
Plan A,No,Always,Yes,Sometimes,5 to 9,0,Never,No,None,Sometimes,Never,Usually,Never,5,Yes,1 specialist,5,Yes,Usually,Never,Yes,Usually,3,Very good,Excellent,No,Yes,Yes,Yes,35 to 44,Male,Some high school,Yes,Asian,No
Plan B,No,Usually,Yes,Sometimes,10 or more times,6,Sometimes,Yes,5 to 9,Sometimes,Never,Usually,Sometimes,3,No,1 specialist,2,No,Never,Usually,Yes,Never,6,Fair,Excellent,Yes,Yes,No,Yes,35 to 44,Male,8th grade or less,Yes,White,No
Plan E,No,Never,Yes,Never,None,10,Never,Yes,1 time,Always,Always,Never,Never,3,No,1 specialist,9,Yes,Never,Usually,No,Usually,7,Poor,Excellent,Yes,No,Yes,Yes,45 to 54,Female,More than 4-year college degree,No,Black or African American,No
Plan E,Yes,Sometimes,Yes,Usually,4,4,Always,Yes,10 or more times,Usually,Usually,Sometimes,Always,3,Yes,1 specialist,2,Yes,Usually,Always,Yes,Usually,7,Good,Excellent,Yes,No,No,No,45 to 54,Female,Some college or 2-year degree,No,Black or African American,No
Plan B,Yes,Usually,No,Never,10 or more times,10,Always,Yes,None,Sometimes,Never,Never,Always,1,No,5 or more specialists,3,No,Never,Always,Yes,Sometimes,8,Fair,Poor,Yes,No,Yes,No,75 or older,Female,High school graduate or GED,Yes,American Indian or Alaska Native,No
Plan D,Yes,Sometimes,Yes,Usually,2,1,Usually,No,1 time,Never,Sometimes,Always,Always,4,No,None,7,No,Always,Always,No,Always,4,Excellent,Poor,No,Yes,Yes,Yes,65 to 74,Male,Some high school,Yes,Other,No
Plan E,Yes,Never,Yes,Usually,4,9,Always,Yes,5 to 9,Sometimes,Sometimes,Never,Never,7,Yes,1 specialist,7,Yes,Always,Never,No,Always,4,Poor,Very good,Yes,No,Yes,No,65 to 74,Male,High school graduate or GED,Yes,Asian,Yes
Plan E,Yes,Sometimes,Yes,Always,4,4,Sometimes,Yes,2,Never,Usually,Never,Always,8,Yes,4,4,Yes,Never,Sometimes,No,Sometimes,4,Poor,Good,No,Yes,Yes,No,45 to 54,Female,Some college or 2-year degree,No,Other,No
Plan D,Yes,Sometimes,Yes,Sometimes,1 time,0,Sometimes,No,2,Always,Usually,Never,Sometimes,3,No,None,1,No,Usually,Usually,Yes,Never,0,Excellent,Excellent,No,Yes,No,No,75 or older,Female,4-year college graduate,Yes,Asian,Yes
Plan B,Yes,Always,No,Usually,10 or more times,8,Always,Yes,5 to 9,Never,Never,Never,Never,7,Yes,2,9,Yes,Always,Never,No,Never,10,Very good,Excellent,Yes,No,Yes,Yes,65 to 74,Male,8th grade or less,Yes,American Indian or Alaska Native,Yes
Plan C,No,Never,No,Sometimes,3,9,Usually,Yes,3,Usually,Sometimes,Never,Always,5,No,None,6,No,Sometimes,Never,Yes,Always,5,Very good,Good,No,No,No,Yes,35 to 44,Male,8th grade or less,Yes,Black or African American,Yes
Plan B,Yes,Usually,Yes,Sometimes,5 to 9,7,Usually,No,None,Never,Never,Always,Never,5,No,None,1,Yes,Never,Always,Yes,Always,2,Very good,Good,No,No,Yes,Yes,35 to 44,Female,Some college or 2-year degree,Yes,Other,No
Plan D,No,Sometimes,Yes,Never,3,9,Always,Yes,1 time,Sometimes,Sometimes,Sometimes,Always,2,No,4,2,No,Sometimes,Usually,Yes,Sometimes,10,Poor,Good,No,Yes,No,Yes,25 to 34,Male,High school graduate or GED,Yes,American Indian or Alaska Native,No
Plan E,No,Never,Yes,Always,3,6,Always,No,1 time,Always,Never,Never,Never,3,Yes,1 specialist,1,No,Usually,Sometimes,No,Always,10,Excellent,Very good,No,No,Yes,No,45 to 54,Female,More than 4-year college degree,No,American Indian or Alaska Native,Yes
Plan C,No,Sometimes,No,Sometimes,3,9,Sometimes,Yes,2,Sometimes,Usually,Always,Usually,5,Yes,5 or more specialists,2,Yes,Never,Usually,Yes,Usually,4,Excellent,Excellent,Yes,Yes,Yes,No,18 to 24,Female,Some high school,No,White,No
Plan D,No,Usually,Yes,Sometimes,3,3,Sometimes,Yes,1 time,Usually,Always,Sometimes,Sometimes,8,No,1 specialist,6,Yes,Always,Sometimes,No,Usually,4,Fair,Good,No,No,No,No,55 to 64,Female,Some high school,Yes,American Indian or Alaska Native,No
Plan C,Yes,Never,No,Never,4,4,Sometimes,Yes,2,Never,Sometimes,Never,Always,8,Yes,2,3,No,Never,Sometimes,Yes,Never,1,Poor,Very good,Yes,No,Yes,Yes,55 to 64,Male,High school graduate or GED,Yes,Native Hawaiian or Other Pacific Islander,Yes
Plan E,No,Sometimes,No,Sometimes,10 or more times,2,Never,No,2,Usually,Never,Usually,Always,6,No,1 specialist,2,No,Sometimes,Always,No,Sometimes,6,Good,Excellent,Yes,No,Yes,Yes,25 to 34,Male,High school graduate or GED,Yes,Other,No
Plan A,Yes,Never,No,Sometimes,None,4,Usually,Yes,None,Sometimes,Never,Sometimes,Usually,10,No,4,2,Yes,Sometimes,Always,No,Never,7,Fair,Excellent,Yes,Yes,Yes,Yes,18 to 24,Male,4-year college graduate,No,White,Yes
Plan A,No,Usually,No,Never,1 time,4,Sometimes,No,1 time,Always,Usually,Always,Sometimes,7,Yes,3,7,No,Usually,Sometimes,No,Never,0,Very good,Excellent,Yes,Yes,Yes,No,55 to 64,Female,4-year college graduate,No,Asian,No
Plan A,Yes,Always,No,Usually,10 or more times,2,Sometimes,No,3,Sometimes,Never,Never,Usually,7,No,4,8,Yes,Sometimes,Usually,No,Always,5,Good,Excellent,No,Yes,Yes,Yes,25 to 34,Male,8th grade or less,Yes,Black or African American,Yes
Plan A,Yes,Usually,Yes,Usually,10 or more times,1,Never,Yes,2,Always,Usually,Sometimes,Sometimes,7,No,4,6,No,Always,Never,No,Sometimes,1,Poor,Excellent,No,No,Yes,Yes,75 or older,Female,Some high school,Yes,American Indian or Alaska Native,Yes
Plan D,Yes,Usually,No,Never,4,0,Sometimes,No,4,Usually,Sometimes,Usually,Never,6,Yes,3,9,No,Always,Always,Yes,Never,4,Fair,Very good,No,No,No,Yes,45 to 54,Male,High school graduate or GED,No,Asian,Yes
Plan B,No,Sometimes,No,Never,10 or more times,0,Always,Yes,5 to 9,Always,Always,Always,Always,1,Yes,5 or more specialists,0,Yes,Never,Usually,No,Never,1,Fair,Very good,No,Yes,Yes,Yes,55 to 64,Female,More than 4-year college degree,Yes,American Indian or Alaska Native,Yes
Plan A,No,Never,Yes,Never,1 time,10,Usually,Yes,4,Always,Usually,Always,Never,8,Yes,3,6,No,Usually,Sometimes,Yes,Usually,0,Good,Good,Yes,No,No,No,45 to 54,Female,High school graduate or GED,Yes,Black or African American,Yes
Plan B,No,Always,No,Sometimes,3,4,Always,No,1 time,Sometimes,Sometimes,Always,Always,5,No,2,0,Yes,Sometimes,Sometimes,Yes,Usually,2,Excellent,Excellent,Yes,Yes,Yes,No,25 to 34,Male,Some high school,Yes,Native Hawaiian or Other Pacific Islander,Yes
Plan A,Yes,Never,No,Never,2,3,Always,No,None,Sometimes,Sometimes,Sometimes,Sometimes,6,Yes,3,10,Yes,Sometimes,Never,Yes,Sometimes,10,Good,Poor,Yes,No,Yes,Yes,65 to 74,Female,More than 4-year college degree,No,Other,Yes
Plan B,No,Never,No,Sometimes,10 or more times,5,Always,No,4,Sometimes,Never,Always,Usually,3,Yes,None,6,No,Always,Never,No,Usually,1,Very good,Good,No,No,Yes,No,45 to 54,Male,8th grade or less,Yes,Asian,Yes
Plan E,No,Never,No,Never,1 time,3,Always,Yes,5 to 9,Always,Sometimes,Usually,Always,10,No,1 specialist,1,No,Usually,Always,Yes,Never,6,Fair,Very good,Yes,No,No,Yes,25 to 34,Female,Some college or 2-year degree,No,American Indian or Alaska Native,No
Plan D,No,Never,No,Sometimes,5 to 9,3,Usually,No,None,Never,Sometimes,Never,Never,9,No,4,6,No,Usually,Usually,No,Sometimes,1,Good,Poor,No,Yes,No,No,35 to 44,Male,Some high school,No,Native Hawaiian or Other Pacific Islander,Yes
Plan D,No,Usually,Yes,Sometimes,3,2,Usually,No,10 or more times,Never,Always,Never,Always,8,No,1 specialist,6,No,Always,Sometimes,Yes,Never,3,Fair,Good,No,Yes,Yes,No,55 to 64,Female,4-year college graduate,No,Other,Yes
Plan B,No,Sometimes,Yes,Usually,1 time,6,Usually,No,5 to 9,Usually,Sometimes,Always,Sometimes,7,No,5 or more specialists,3,Yes,Never,Always,No,Sometimes,1,Very good,Poor,Yes,No,No,No,35 to 44,Male,More than 4-year college degree,No,Black or African American,Yes
Plan C,No,Usually,Yes,Sometimes,2,7,Always,No,5 to 9,Never,Never,Usually,Usually,2,Yes,4,5,Yes,Usually,Usually,Yes,Always,7,Excellent,Poor,Yes,Yes,Yes,No,35 to 44,Male,4-year college graduate,Yes,Black or African American,Yes
Plan B,No,Never,Yes,Usually,4,8,Never,No,2,Always,Always,Never,Sometimes,8,Yes,4,3,No,Always,Always,Yes,Always,0,Good,Very good,No,Yes,No,Yes,55 to 64,Female,8th grade or less,No,Native Hawaiian or Other Pacific Islander,Yes
Plan C,No,Usually,No,Always,2,6,Never,No,10 or more times,Never,Usually,Never,Always,2,No,1 specialist,10,No,Always,Never,No,Usually,7,Fair,Excellent,No,No,No,Yes,45 to 54,Male,More than 4-year college degree,No,Asian,No
Plan D,Yes,Never,No,Sometimes,2,8,Usually,Yes,4,Sometimes,Usually,Always,Never,1,Yes,2,10,No,Sometimes,Usually,No,Usually,10,Good,Good,Yes,No,Yes,No,55 to 64,Female,8th grade or less,Yes,American Indian or Alaska Native,Yes
Plan A,No,Never,No,Never,3,10,Sometimes,Yes,2,Never,Always,Sometimes,Always,5,Yes,3,3,No,Usually,Never,No,Never,4,Good,Poor,Yes,Yes,No,No,55 to 64,Male,4-year college graduate,No,American Indian or Alaska Native,No
Plan D,No,Usually,No,Never,5 to 9,4,Usually,Yes,None,Usually,Sometimes,Always,Never,2,No,1 specialist,2,Yes,Usually,Sometimes,Yes,Sometimes,3,Very good,Poor,Yes,Yes,No,Yes,55 to 64,Female,Some high school,Yes,Black or African American,No
Plan E,No,Sometimes,No,Always,10 or more times,0,Never,No,2,Sometimes,Never,Sometimes,Usually,10,No,3,8,No,Never,Usually,Yes,Sometimes,4,Good,Good,Yes,Yes,Yes,Yes,35 to 44,Male,More than 4-year college degree,No,Native Hawaiian or Other Pacific Islander,Yes
Plan A,Yes,Sometimes,Yes,Usually,2,0,Always,No,4,Usually,Usually,Always,Usually,7,Yes,None,3,No,Sometimes,Never,Yes,Sometimes,4,Fair,Very good,Yes,No,No,Yes,25 to 34,Female,8th grade or less,Yes,Black or African American,Yes
Plan D,Yes,Sometimes,No,Always,1 time,5,Sometimes,Yes,2,Never,Sometimes,Always,Usually,10,No,5 or more specialists,5,Yes,Usually,Always,Yes,Always,2,Excellent,Poor,Yes,No,No,Yes,65 to 74,Female,4-year college graduate,No,Other,No
Plan E,Yes,Never,Yes,Always,5 to 9,10,Sometimes,No,5 to 9,Sometimes,Never,Never,Usually,0,No,None,1,No,Never,Never,Yes,Sometimes,6,Good,Poor,No,Yes,No,Yes,75 or older,Male,High school graduate or GED,Yes,Asian,Yes
Plan D,Yes,Always,No,Usually,3,4,Always,Yes,5 to 9,Sometimes,Usually,Usually,Sometimes,9,Yes,5 or more specialists,9,No,Never,Usually,Yes,Sometimes,6,Excellent,Fair,No,Yes,No,Yes,55 to 64,Female,4-year college graduate,Yes,White,No
Plan C,No,Never,Yes,Usually,10 or more times,1,Usually,Yes,None,Never,Sometimes,Always,Usually,1,No,2,9,Yes,Sometimes,Usually,Yes,Sometimes,9,Excellent,Fair,No,No,Yes,No,45 to 54,Female,More than 4-year college degree,Yes,Black or African American,Yes
Plan C,Yes,Never,No,Always,1 time,8,Always,Yes,1 time,Never,Always,Never,Always,7,Yes,5 or more specialists,4,No,Always,Sometimes,Yes,Never,6,Fair,Good,No,Yes,Yes,Yes,75 or older,Male,Some college or 2-year degree,Yes,Other,No
Plan A,Yes,Sometimes,No,Always,10 or more times,8,Sometimes,Yes,3,Never,Always,Always,Always,6,Yes,3,1,No,Usually,Usually,Yes,Never,6,Fair,Excellent,Yes,Yes,No,Yes,25 to 34,Female,4-year college graduate,No,American Indian or Alaska Native,No
Plan A,Yes,Sometimes,No,Sometimes,5 to 9,3,Never,Yes,4,Always,Sometimes,Never,Never,5,No,3,7,Yes,Usually,Sometimes,No,Never,0,Excellent,Excellent,Yes,Yes,No,Yes,18 to 24,Male,Some college or 2-year degree,No,Asian,Yes
Plan A,No,Always,No,Always,5 to 9,3,Usually,No,5 to 9,Usually,Never,Never,Usually,1,Yes,1 specialist,3,Yes,Never,Always,No,Sometimes,7,Excellent,Poor,No,No,Yes,No,55 to 64,Male,4-year college graduate,Yes,Native Hawaiian or Other Pacific Islander,No
Plan A,Yes,Never,No,Usually,4,7,Usually,No,2,Sometimes,Always,Sometimes,Sometimes,3,Yes,5 or more specialists,4,Yes,Sometimes,Always,Yes,Always,2,Fair,Poor,No,Yes,No,Yes,25 to 34,Male,4-year college graduate,Yes,White,No
Plan D,Yes,Always,Yes,Never,2,3,Never,Yes,5 to 9,Always,Always,Sometimes,Never,10,Yes,5 or more specialists,6,No,Never,Always,No,Usually,2,Poor,Poor,No,Yes,No,No,75 or older,Female,8th grade or less,No,American Indian or Alaska Native,No
Plan D,Yes,Sometimes,Yes,Never,3,3,Usually,Yes,10 or more times,Always,Always,Sometimes,Sometimes,0,No,4,10,No,Usually,Never,No,Never,7,Excellent,Fair,Yes,No,No,Yes,65 to 74,Female,8th grade or less,No,Other,Yes
Plan B,Yes,Usually,Yes,Sometimes,3,0,Always,No,4,Never,Never,Sometimes,Sometimes,10,Yes,1 specialist,0,Yes,Sometimes,Sometimes,No,Sometimes,10,Very good,Very good,No,Yes,No,Yes,35 to 44,Female,Some college or 2-year degree,Yes,American Indian or Alaska Native,No
Plan D,Yes,Sometimes,No,Usually,3,4,Always,No,10 or more times,Usually,Usually,Always,Never,1,No,3,10,Yes,Always,Never,No,Never,10,Good,Poor,No,Yes,No,Yes,45 to 54,Male,8th grade or less,No,American Indian or Alaska Native,No
Plan D,No,Sometimes,Yes,Never,2,0,Never,No,1 time,Always,Usually,Always,Usually,5,Yes,1 specialist,3,No,Never,Usually,Yes,Usually,2,Very good,Poor,No,No,No,No,25 to 34,Female,8th grade or less,Yes,Other,No
Plan E,Yes,Always,Yes,Always,5 to 9,3,Always,Yes,None,Always,Sometimes,Always,Sometimes,2,Yes,None,8,Yes,Always,Never,No,Never,4,Excellent,Excellent,No,No,No,No,55 to 64,Male,More than 4-year college degree,No,Native Hawaiian or Other Pacific Islander,Yes
Plan B,No,Sometimes,Yes,Sometimes,4,10,Always,Yes,10 or more times,Never,Never,Always,Never,5,No,None,3,Yes,Usually,Usually,No,Usually,7,Very good,Fair,Yes,No,No,No,45 to 54,Female,Some high school,No,American Indian or Alaska Native,Yes
Plan B,Yes,Sometimes,Yes,Usually,1 time,2,Usually,No,1 time,Always,Always,Sometimes,Sometimes,6,No,5 or more specialists,1,No,Sometimes,Sometimes,Yes,Always,8,Poor,Fair,No,Yes,Yes,Yes,18 to 24,Male,8th grade or less,Yes,American Indian or Alaska Native,Yes
Plan A,No,Usually,No,Never,2,6,Usually,Yes,1 time,Sometimes,Always,Usually,Sometimes,2,No,4,5,Yes,Sometimes,Usually,No,Usually,5,Very good,Very good,Yes,Yes,No,Yes,45 to 54,Male,More than 4-year college degree,Yes,Native Hawaiian or Other Pacific Islander,No
Plan E,No,Always,No,Never,4,4,Sometimes,No,1 time,Always,Sometimes,Sometimes,Always,6,Yes,4,6,Yes,Usually,Sometimes,No,Never,5,Poor,Poor,Yes,No,Yes,No,55 to 64,Female,Some high school,Yes,American Indian or Alaska Native,No
Plan A,No,Never,No,Sometimes,2,1,Always,No,1 time,Never,Usually,Always,Sometimes,5,No,2,5,No,Usually,Never,Yes,Sometimes,2,Good,Very good,No,No,Yes,No,25 to 34,Male,High school graduate or GED,No,Native Hawaiian or Other Pacific Islander,Yes
Plan C,No,Never,No,Sometimes,5 to 9,3,Always,Yes,4,Usually,Always,Usually,Usually,5,No,1 specialist,10,Yes,Always,Always,Yes,Usually,2,Fair,Very good,No,Yes,No,No,45 to 54,Male,More than 4-year college degree,No,Black or African American,No
Plan E,Yes,Usually,No,Usually,5 to 9,5,Sometimes,Yes,1 time,Always,Never,Never,Sometimes,5,Yes,2,0,No,Sometimes,Always,Yes,Always,4,Excellent,Excellent,No,No,No,No,35 to 44,Male,High school graduate or GED,No,Asian,No
Plan E,Yes,Usually,Yes,Usually,3,2,Never,No,2,Sometimes,Always,Usually,Sometimes,9,Yes,1 specialist,8,Yes,Never,Sometimes,Yes,Always,10,Fair,Good,No,No,Yes,No,55 to 64,Female,Some college or 2-year degree,No,American Indian or Alaska Native,Yes
Plan C,No,Sometimes,No,Sometimes,3,7,Never,Yes,4,Always,Sometimes,Never,Usually,8,Yes,4,7,No,Sometimes,Always,Yes,Never,1,Excellent,Fair,No,No,No,Yes,18 to 24,Female,More than 4-year college degree,Yes,American Indian or Alaska Native,Yes
Plan A,No,Always,Yes,Always,2,9,Always,Yes,4,Usually,Usually,Never,Always,8,Yes,None,5,No,Sometimes,Never,No,Never,6,Fair,Poor,No,Yes,Yes,Yes,18 to 24,Female,Some high school,Yes,White,No
Plan A,No,Never,No,Never,1 time,9,Always,No,3,Sometimes,Usually,Always,Sometimes,2,Yes,5 or more specialists,2,No,Usually,Usually,No,Never,3,Excellent,Good,No,No,Yes,Yes,65 to 74,Female,Some high school,No,American Indian or Alaska Native,Yes
Plan D,No,Never,Yes,Sometimes,5 to 9,3,Sometimes,Yes,2,Usually,Sometimes,Usually,Usually,3,No,2,9,No,Always,Sometimes,Yes,Never,5,Excellent,Excellent,Yes,No,Yes,Yes,25 to 34,Male,More than 4-year college degree,Yes,Black or African American,No
Plan E,Yes,Never,Yes,Never,10 or more times,3,Sometimes,No,5 to 9,Usually,Sometimes,Sometimes,Always,4,No,3,4,No,Never,Usually,No,Usually,8,Poor,Good,Yes,Yes,Yes,Yes,45 to 54,Male,4-year college graduate,No,Black or African American,No
Plan A,Yes,Usually,Yes,Never,3,5,Never,Yes,10 or more times,Sometimes,Usually,Usually,Sometimes,2,No,4,7,Yes,Usually,Always,Yes,Always,7,Very good,Very good,No,No,No,Yes,75 or older,Female,More than 4-year college degree,No,Black or African American,Yes
Plan A,No,Sometimes,No,Usually,2,4,Never,No,10 or more times,Always,Never,Always,Always,9,Yes,1 specialist,8,No,Never,Never,No,Never,4,Fair,Excellent,No,No,No,No,45 to 54,Female,High school graduate or GED,No,Native Hawaiian or Other Pacific Islander,Yes
Plan A,No,Sometimes,No,Usually,5 to 9,10,Sometimes,No,2,Sometimes,Never,Sometimes,Usually,6,No,4,4,Yes,Usually,Usually,No,Never,7,Excellent,Good,Yes,No,No,No,75 or older,Female,4-year college graduate,Yes,Other,Yes
Plan E,Yes,Sometimes,No,Usually,5 to 9,9,Always,No,3,Sometimes,Never,Always,Usually,4,Yes,1 specialist,10,Yes,Always,Always,Yes,Usually,3,Excellent,Poor,No,No,Yes,No,25 to 34,Female,Some high school,No,American Indian or Alaska Native,Yes
Plan B,Yes,Usually,Yes,Always,5 to 9,3,Usually,No,4,Always,Never,Always,Never,5,Yes,None,7,Yes,Sometimes,Never,No,Always,7,Excellent,Good,Yes,No,No,Yes,35 to 44,Male,Some college or 2-year degree,No,White,Yes
Plan C,Yes,Never,Yes,Always,3,8,Always,No,2,Usually,Never,Never,Never,4,Yes,None,5,Yes,Never,Never,Yes,Never,10,Fair,Fair,Yes,No,No,No,65 to 74,Female,8th grade or less,No,Other,Yes
Plan B,Yes,Sometimes,Yes,Always,5 to 9,2,Usually,No,None,Never,Usually,Always,Always,0,Yes,1 specialist,2,Yes,Always,Always,No,Sometimes,4,Fair,Very good,Yes,Yes,No,Yes,65 to 74,Male,Some college or 2-year degree,No,Black or African American,Yes
Plan B,Yes,Usually,No,Always,1 time,2,Sometimes,Yes,2,Sometimes,Usually,Always,Never,4,Yes,1 specialist,1,Yes,Usually,Always,No,Sometimes,6,Very good,Excellent,Yes,Yes,Yes,Yes,55 to 64,Female,4-year college graduate,Yes,American Indian or Alaska Native,No
Plan C,No,Always,Yes,Always,2,3,Sometimes,No,1 time,Sometimes,Never,Usually,Usually,9,No,4,4,Yes,Always,Sometimes,Yes,Never,6,Fair,Good,No,No,No,Yes,18 to 24,Female,Some high school,No,White,Yes
Plan D,Yes,Always,No,Sometimes,2,8,Always,No,1 time,Usually,Always,Never,Usually,4,Yes,None,1,No,Usually,Always,Yes,Always,3,Poor,Good,No,Yes,Yes,No,65 to 74,Female,8th grade or less,Yes,Asian,No
Plan C,No,Never,Yes,Usually,10 or more times,6,Usually,Yes,None,Sometimes,Always,Never,Usually,7,Yes,2,3,Yes,Never,Always,Yes,Always,4,Poor,Fair,No,Yes,Yes,Yes,35 to 44,Female,High school graduate or GED,No,Black or African American,Yes
Plan A,Yes,Usually,Yes,Never,3,9,Usually,Yes,4,Usually,Sometimes,Always,Always,1,No,2,0,Yes,Usually,Never,Yes,Never,2,Poor,Poor,Yes,No,No,No,25 to 34,Female,Some high school,Yes,Asian,Yes
Plan E,No,Sometimes,No,Never,5 to 9,3,Usually,Yes,None,Always,Usually,Never,Sometimes,2,Yes,5 or more specialists,3,Yes,Never,Always,No,Usually,8,Fair,Excellent,Yes,No,No,No,45 to 54,Female,4-year college graduate,No,White,No
Plan B,No,Sometimes,Yes,Usually,4,7,Never,Yes,5 to 9,Sometimes,Never,Always,Sometimes,5,No,None,1,Yes,Sometimes,Always,Yes,Always,8,Very good,Good,No,No,No,No,25 to 34,Male,4-year college graduate,No,American Indian or Alaska Native,Yes
Plan B,No,Sometimes,Yes,Always,4,0,Always,No,None,Always,Never,Usually,Usually,2,No,5 or more specialists,8,No,Usually,Sometimes,Yes,Sometimes,0,Excellent,Very good,No,No,Yes,Yes,25 to 34,Female,8th grade or less,No,White,Yes
Plan C,Yes,Sometimes,Yes,Sometimes,5 to 9,4,Usually,No,None,Always,Usually,Always,Usually,9,No,3,8,Yes,Usually,Never,Yes,Sometimes,6,Very good,Excellent,No,No,No,No,35 to 44,Male,4-year college graduate,Yes,Black or African American,No
Plan C,No,Usually,Yes,Sometimes,10 or more times,10,Sometimes,Yes,None,Sometimes,Sometimes,Always,Always,6,Yes,2,8,No,Sometimes,Never,No,Sometimes,8,Good,Very good,Yes,No,Yes,Yes,18 to 24,Female,4-year college graduate,No,Black or African American,Yes
Plan B,No,Always,Yes,Never,4,8,Usually,Yes,1 time,Sometimes,Usually,Sometimes,Never,3,Yes,2,7,No,Usually,Usually,No,Never,0,Good,Poor,No,No,Yes,No,55 to 64,Female,Some college or 2-year degree,Yes,White,Yes
Plan E,No,Always,No,Always,None,6,Never,Yes,3,Never,Always,Usually,Always,0,Yes,None,9,No,Never,Always,Yes,Never,4,Poor,Good,Yes,No,Yes,Yes,45 to 54,Female,Some high school,Yes,Native Hawaiian or Other Pacific Islander,Yes
Plan A,Yes,Usually,Yes,Never,None,4,Usually,Yes,5 to 9,Usually,Never,Usually,Never,4,Yes,5 or more specialists,2,Yes,Usually,Never,No,Usually,4,Poor,Good,Yes,Yes,Yes,Yes,45 to 54,Male,Some college or 2-year degree,Yes,Black or African American,No
Plan B,Yes,Never,Yes,Never,None,4,Usually,Yes,1 time,Always,Never,Usually,Never,9,Yes,4,10,Yes,Never,Usually,No,Never,1,Very good,Fair,No,No,Yes,Yes,65 to 74,Male,Some high school,Yes,Asian,Yes
Plan A,No,Usually,No,Usually,10 or more times,0,Sometimes,No,10 or more times,Usually,Sometimes,Usually,Usually,9,No,1 specialist,7,No,Usually,Never,No,Always,4,Fair,Excellent,Yes,Yes,Yes,No,55 to 64,Female,More than 4-year college degree,Yes,Native Hawaiian or Other Pacific Islander,Yes
Plan B,Yes,Usually,No,Sometimes,2,10,Never,No,4,Sometimes,Usually,Always,Never,2,No,4,2,Yes,Always,Sometimes,Yes,Always,6,Good,Poor,Yes,No,No,Yes,55 to 64,Female,More than 4-year college degree,Yes,Black or African American,Yes
Plan A,Yes,Sometimes,No,Sometimes,1 time,4,Sometimes,Yes,None,Never,Usually,Never,Never,4,Yes,1 specialist,7,Yes,Usually,Sometimes,Yes,Never,7,Poor,Excellent,Yes,No,No,No,35 to 44,Female,More than 4-year college degree,Yes,Other,Yes
Plan A,Yes,Sometimes,Yes,Sometimes,None,6,Never,No,None,Sometimes,Sometimes,Usually,Always,5,No,1 specialist,8,Yes,Never,Always,No,Never,0,Very good,Poor,Yes,Yes,Yes,No,75 or older,Male,8th grade or less,Yes,White,No
Plan C,Yes,Usually,Yes,Always,None,10,Sometimes,No,5 to 9,Always,Never,Never,Sometimes,0,Yes,5 or more specialists,3,No,Usually,Sometimes,No,Usually,1,Poor,Very good,Yes,Yes,Yes,Yes,45 to 54,Female,Some college or 2-year degree,Yes,White,Yes
Plan E,Yes,Sometimes,No,Always,None,6,Always,Yes,None,Sometimes,Always,Usually,Always,2,Yes,2,2,Yes,Never,Sometimes,No,Never,5,Excellent,Good,No,No,Yes,No,25 to 34,Female,High school graduate or GED,No,Other,No
Plan D,No,Usually,Yes,Never,3,4,Sometimes,No,5 to 9,Never,Usually,Always,Sometimes,2,No,4,10,Yes,Always,Always,Yes,Sometimes,0,Fair,Fair,No,No,No,No,18 to 24,Male,4-year college graduate,No,American Indian or Alaska Native,Yes
Plan A,No,Usually,No,Never,3,8,Never,No,3,Never,Always,Always,Always,1,Yes,1 specialist,1,Yes,Usually,Never,Yes,Sometimes,0,Fair,Excellent,Yes,Yes,Yes,No,25 to 34,Female,8th grade or less,Yes,Asian,No
Plan E,No,Always,Yes,Never,3,6,Sometimes,Yes,4,Usually,Never,Sometimes,Never,8,No,3,2,No,Usually,Sometimes,Yes,Usually,7,Excellent,Good,Yes,No,No,Yes,18 to 24,Female,Some high school,No,Other,No
Plan A,Yes,Always,Yes,Usually,2,8,Sometimes,Yes,10 or more times,Never,Always,Never,Usually,10,No,3,8,Yes,Never,Always,Yes,Never,7,Fair,Fair,Yes,No,No,Yes,25 to 34,Male,More than 4-year college degree,No,Asian,Yes
Plan B,No,Usually,Yes,Never,3,0,Never,Yes,3,Usually,Always,Usually,Sometimes,3,Yes,2,1,Yes,Never,Never,No,Never,6,Good,Very good,No,No,No,No,55 to 64,Female,Some high school,No,American Indian or Alaska Native,No
Plan D,Yes,Always,Yes,Never,5 to 9,7,Usually,No,5 to 9,Sometimes,Always,Usually,Always,1,No,1 specialist,1,No,Usually,Usually,Yes,Usually,7,Good,Excellent,Yes,No,No,Yes,18 to 24,Female,More than 4-year college degree,No,Black or African American,Yes
Plan A,No,Never,Yes,Sometimes,3,9,Sometimes,No,10 or more times,Usually,Always,Never,Never,4,No,None,7,No,Never,Never,Yes,Usually,3,Fair,Excellent,Yes,No,Yes,Yes,45 to 54,Female,High school graduate or GED,No,Other,Yes
Plan B,No,Usually,No,Usually,4,7,Never,No,None,Usually,Sometimes,Usually,Usually,0,No,None,1,Yes,Always,Always,No,Usually,9,Good,Excellent,Yes,Yes,No,No,25 to 34,Male,High school graduate or GED,Yes,Black or African American,No
Plan B,No,Sometimes,No,Never,None,6,Always,Yes,3,Sometimes,Always,Always,Never,0,No,5 or more specialists,9,Yes,Always,Usually,Yes,Never,10,Excellent,Excellent,Yes,Yes,Yes,Yes,25 to 34,Male,Some college or 2-year degree,Yes,Other,No
Plan C,No,Always,Yes,Always,4,2,Never,Yes,4,Never,Usually,Never,Never,5,No,1 specialist,2,Yes,Usually,Never,No,Usually,7,Very good,Good,No,No,No,No,35 to 44,Male,4-year college graduate,No,Asian,No
Plan A,Yes,Never,Yes,Never,3,5,Never,No,5 to 9,Never,Always,Usually,Always,8,Yes,3,3,No,Usually,Never,Yes,Never,10,Fair,Excellent,Yes,Yes,Yes,Yes,25 to 34,Female,8th grade or less,Yes,Asian,Yes
Plan B,Yes,Never,Yes,Always,1 time,3,Sometimes,No,3,Never,Always,Usually,Always,6,No,5 or more specialists,0,No,Never,Always,Yes,Usually,2,Fair,Poor,Yes,No,Yes,No,75 or older,Male,4-year college graduate,Yes,White,No
Plan B,Yes,Always,No,Sometimes,10 or more times,9,Usually,Yes,1 time,Never,Sometimes,Sometimes,Sometimes,10,No,2,3,Yes,Sometimes,Usually,No,Sometimes,1,Poor,Excellent,Yes,Yes,Yes,Yes,25 to 34,Male,More than 4-year college degree,No,Asian,No
Plan D,No,Never,No,Always,3,8,Never,Yes,1 time,Always,Sometimes,Usually,Sometimes,5,No,2,5,No,Usually,Always,No,Sometimes,4,Excellent,Very good,Yes,Yes,Yes,No,18 to 24,Female,High school graduate or GED,Yes,Asian,Yes
Plan C,No,Always,Yes,Sometimes,4,5,Sometimes,No,5 to 9,Never,Sometimes,Sometimes,Sometimes,6,No,4,6,Yes,Always,Never,Yes,Never,2,Poor,Good,No,No,Yes,Yes,45 to 54,Male,More than 4-year college degree,Yes,Native Hawaiian or Other Pacific Islander,Yes
Plan D,No,Never,Yes,Usually,4,3,Usually,No,None,Always,Usually,Always,Usually,10,No,3,8,Yes,Always,Always,No,Always,9,Poor,Excellent,Yes,Yes,No,No,18 to 24,Female,4-year college graduate,No,Asian,No
Plan B,No,Always,No,Always,None,3,Sometimes,Yes,4,Always,Always,Always,Always,4,Yes,4,5,No,Usually,Always,Yes,Never,3,Fair,Poor,No,No,Yes,Yes,18 to 24,Female,High school graduate or GED,Yes,Other,No
Plan A,No,Usually,No,Never,1 time,10,Sometimes,No,4,Always,Sometimes,Always,Never,6,No,2,10,No,Sometimes,Sometimes,No,Sometimes,3,Fair,Good,Yes,No,Yes,Yes,45 to 54,Female,8th grade or less,No,Black or African American,No
Plan D,No,Always,Yes,Never,5 to 9,3,Sometimes,Yes,3,Never,Usually,Sometimes,Usually,5,No,None,10,No,Never,Never,Yes,Never,4,Excellent,Fair,No,Yes,No,Yes,35 to 44,Male,Some college or 2-year degree,No,Other,Yes
Plan C,No,Never,No,Always,10 or more times,7,Sometimes,Yes,10 or more times,Always,Sometimes,Usually,Never,7,No,5 or more specialists,9,No,Sometimes,Sometimes,Yes,Sometimes,7,Excellent,Poor,Yes,Yes,Yes,No,35 to 44,Female,More than 4-year college degree,Yes,Black or African American,Yes
Plan B,No,Always,No,Sometimes,5 to 9,6,Sometimes,No,3,Always,Usually,Never,Never,8,No,3,5,Yes,Never,Always,No,Always,4,Good,Fair,No,No,Yes,No,55 to 64,Female,Some college or 2-year degree,Yes,Other,No
Plan B,Yes,Never,No,Usually,None,5,Sometimes,Yes,None,Never,Sometimes,Sometimes,Usually,0,No,1 specialist,0,No,Never,Never,No,Usually,9,Fair,Fair,No,No,No,Yes,45 to 54,Male,Some college or 2-year degree,Yes,Black or African American,No
Plan C,Yes,Sometimes,Yes,Never,4,2,Sometimes,No,1 time,Sometimes,Never,Never,Never,7,No,5 or more specialists,4,Yes,Sometimes,Always,Yes,Sometimes,3,Good,Excellent,No,Yes,No,No,75 or older,Male,High school graduate or GED,No,White,No
Plan A,No,Sometimes,No,Never,4,3,Never,Yes,None,Usually,Never,Never,Sometimes,5,No,None,3,No,Never,Always,Yes,Usually,5,Poor,Excellent,No,No,Yes,No,18 to 24,Male,High school graduate or GED,Yes,Native Hawaiian or Other Pacific Islander,No
Plan E,Yes,Always,No,Sometimes,10 or more times,10,Always,Yes,3,Never,Usually,Sometimes,Always,0,No,1 specialist,10,No,Never,Always,No,Never,8,Very good,Very good,Yes,Yes,Yes,Yes,55 to 64,Male,More than 4-year college degree,No,Native Hawaiian or Other Pacific Islander,No
Plan A,No,Usually,Yes,Usually,10 or more times,0,Never,No,5 to 9,Never,Never,Usually,Sometimes,2,No,1 specialist,0,Yes,Usually,Never,No,Never,3,Poor,Fair,No,Yes,No,No,18 to 24,Male,High school graduate or GED,Yes,White,No
Plan C,No,Always,No,Sometimes,5 to 9,8,Always,No,3,Always,Never,Always,Sometimes,8,Yes,5 or more specialists,1,No,Never,Always,No,Usually,8,Fair,Excellent,No,Yes,No,Yes,35 to 44,Female,4-year college graduate,Yes,Native Hawaiian or Other Pacific Islander,Yes
Plan D,No,Usually,No,Sometimes,10 or more times,5,Never,Yes,5 to 9,Always,Always,Never,Always,6,No,2,4,No,Usually,Usually,Yes,Usually,10,Very good,Very good,Yes,No,No,No,35 to 44,Female,High school graduate or GED,No,Black or African American,Yes
Plan D,Yes,Sometimes,Yes,Never,10 or more times,5,Always,No,5 to 9,Sometimes,Never,Sometimes,Usually,6,No,4,8,Yes,Sometimes,Never,Yes,Sometimes,5,Very good,Very good,No,No,Yes,Yes,25 to 34,Male,Some college or 2-year degree,No,Black or African American,No
Plan B,Yes,Usually,Yes,Sometimes,2,7,Never,Yes,3,Never,Always,Sometimes,Never,10,No,4,2,No,Usually,Sometimes,Yes,Sometimes,7,Fair,Fair,No,Yes,No,Yes,18 to 24,Female,Some high school,No,American Indian or Alaska Native,Yes
Plan B,No,Always,No,Usually,1 time,9,Always,No,5 to 9,Usually,Never,Usually,Usually,5,Yes,5 or more specialists,7,Yes,Sometimes,Never,No,Never,1,Very good,Fair,No,Yes,No,No,55 to 64,Female,8th grade or less,No,White,Yes
Plan D,Yes,Never,Yes,Sometimes,3,7,Always,No,2,Always,Sometimes,Never,Never,6,No,3,4,Yes,Sometimes,Usually,No,Usually,0,Excellent,Good,No,Yes,Yes,Yes,25 to 34,Male,Some high school,Yes,White,Yes
Plan E,Yes,Sometimes,Yes,Always,4,9,Never,No,3,Usually,Always,Always,Always,1,Yes,1 specialist,2,Yes,Never,Never,Yes,Sometimes,10,Good,Very good,No,Yes,No,Yes,75 or older,Female,4-year college graduate,No,American Indian or Alaska Native,No
Plan C,Yes,Usually,No,Usually,5 to 9,8,Never,No,None,Usually,Usually,Never,Never,7,Yes,1 specialist,5,Yes,Usually,Always,Yes,Sometimes,8,Good,Poor,No,No,Yes,Yes,25 to 34,Female,8th grade or less,No,White,Yes
Plan B,No,Always,No,Always,5 to 9,10,Never,No,2,Usually,Never,Always,Sometimes,9,No,4,2,Yes,Sometimes,Always,No,Sometimes,0,Very good,Very good,No,No,No,Yes,35 to 44,Female,More than 4-year college degree,Yes,American Indian or Alaska Native,No
Plan E,No,Never,Yes,Usually,10 or more times,9,Usually,No,4,Always,Never,Usually,Always,9,No,3,5,No,Always,Never,No,Never,8,Very good,Fair,No,Yes,Yes,Yes,45 to 54,Female,4-year college graduate,No,American Indian or Alaska Native,Yes
Plan D,No,Sometimes,Yes,Usually,4,5,Never,Yes,10 or more times,Never,Usually,Sometimes,Usually,5,Yes,5 or more specialists,5,Yes,Sometimes,Never,No,Never,10,Excellent,Fair,Yes,No,No,No,35 to 44,Female,Some college or 2-year degree,No,Other,Yes
Plan E,No,Usually,No,Always,2,2,Always,Yes,2,Sometimes,Always,Sometimes,Usually,6,Yes,1 specialist,1,Yes,Always,Always,Yes,Never,3,Fair,Very good,No,No,Yes,Yes,55 to 64,Female,4-year college graduate,No,Other,Yes
Plan C,No,Sometimes,No,Never,1 time,1,Never,No,2,Sometimes,Usually,Always,Usually,2,Yes,5 or more specialists,10,Yes,Always,Usually,No,Sometimes,9,Poor,Poor,Yes,No,Yes,No,18 to 24,Female,4-year college graduate,No,Other,Yes
Plan B,No,Always,No,Usually,2,10,Usually,Yes,None,Never,Usually,Sometimes,Sometimes,10,No,2,0,Yes,Usually,Always,Yes,Sometimes,10,Very good,Good,Yes,No,No,Yes,18 to 24,Male,More than 4-year college degree,Yes,Native Hawaiian or Other Pacific Islander,Yes
Plan E,Yes,Sometimes,No,Sometimes,3,2,Always,Yes,1 time,Always,Usually,Always,Sometimes,3,No,3,3,No,Usually,Sometimes,No,Never,2,Very good,Excellent,No,Yes,Yes,Yes,18 to 24,Male,4-year college graduate,Yes,American Indian or Alaska Native,No
Plan D,Yes,Always,Yes,Never,None,8,Usually,Yes,None,Always,Usually,Usually,Always,2,No,2,6,No,Always,Never,No,Usually,8,Fair,Excellent,Yes,No,Yes,No,55 to 64,Female,8th grade or less,No,White,No
Plan A,No,Sometimes,Yes,Sometimes,10 or more times,0,Usually,Yes,4,Usually,Never,Always,Usually,4,No,4,3,Yes,Never,Always,No,Usually,5,Excellent,Fair,Yes,Yes,Yes,Yes,75 or older,Male,High school graduate or GED,Yes,Asian,Yes
Plan D,Yes,Never,Yes,Always,5 to 9,3,Never,No,3,Usually,Sometimes,Sometimes,Usually,9,Yes,5 or more specialists,8,Yes,Usually,Never,Yes,Always,8,Good,Fair,No,No,Yes,No,65 to 74,Female,8th grade or less,No,Asian,No
Plan C,No,Sometimes,No,Sometimes,None,6,Always,Yes,None,Never,Sometimes,Always,Sometimes,5,Yes,1 specialist,0,Yes,Always,Sometimes,No,Usually,6,Poor,Poor,Yes,No,No,No,75 or older,Male,Some college or 2-year degree,No,American Indian or Alaska Native,Yes
Plan D,Yes,Always,Yes,Never,4,7,Sometimes,Yes,5 to 9,Never,Sometimes,Sometimes,Always,5,No,1 specialist,0,Yes,Always,Always,Yes,Always,9,Good,Excellent,Yes,No,Yes,No,18 to 24,Male,High school graduate or GED,No,Native Hawaiian or Other Pacific Islander,No
Plan E,Yes,Usually,No,Always,4,0,Always,Yes,10 or more times,Usually,Sometimes,Never,Never,5,No,4,9,No,Never,Usually,No,Always,8,Poor,Excellent,No,No,Yes,No,45 to 54,Female,4-year college graduate,No,White,No
Plan B,Yes,Always,Yes,Never,3,4,Usually,No,2,Always,Always,Always,Sometimes,3,Yes,None,9,Yes,Never,Never,No,Sometimes,1,Excellent,Excellent,Yes,Yes,No,Yes,25 to 34,Female,4-year college graduate,Yes,Native Hawaiian or Other Pacific Islander,No
Plan C,No,Never,Yes,Sometimes,4,6,Usually,No,10 or more times,Usually,Always,Always,Usually,1,No,1 specialist,6,Yes,Usually,Sometimes,No,Usually,2,Excellent,Excellent,No,No,Yes,No,45 to 54,Female,Some college or 2-year degree,Yes,Native Hawaiian or Other Pacific Islander,Yes
Plan E,Yes,Sometimes,No,Always,3,3,Usually,No,None,Usually,Sometimes,Sometimes,Never,2,Yes,3,1,Yes,Usually,Sometimes,Yes,Usually,3,Poor,Good,Yes,Yes,No,Yes,35 to 44,Male,8th grade or less,Yes,Native Hawaiian or Other Pacific Islander,Yes
Plan E,No,Sometimes,No,Always,2,5,Never,Yes,None,Sometimes,Sometimes,Always,Usually,6,No,4,6,Yes,Always,Never,No,Never,8,Good,Fair,No,Yes,Yes,Yes,35 to 44,Male,8th grade or less,No,White,No
Plan B,Yes,Usually,No,Never,4,10,Never,No,2,Never,Usually,Usually,Usually,7,Yes,1 specialist,2,No,Always,Sometimes,Yes,Usually,2,Poor,Poor,Yes,Yes,No,No,25 to 34,Female,Some high school,Yes,White,No
Plan A,Yes,Never,Yes,Never,3,4,Usually,Yes,5 to 9,Sometimes,Usually,Sometimes,Sometimes,4,No,3,10,Yes,Never,Usually,No,Usually,5,Good,Fair,No,Yes,Yes,No,75 or older,Male,4-year college graduate,Yes,Other,No
Plan C,No,Never,Yes,Usually,3,4,Sometimes,No,2,Never,Sometimes,Usually,Never,2,Yes,2,10,No,Sometimes,Usually,No,Sometimes,4,Very good,Very good,Yes,No,Yes,Yes,45 to 54,Female,8th grade or less,No,American Indian or Alaska Native,Yes
Plan D,No,Never,No,Sometimes,4,5,Always,No,10 or more times,Usually,Usually,Sometimes,Always,10,Yes,5 or more specialists,3,Yes,Usually,Sometimes,No,Always,1,Good,Fair,No,No,Yes,No,65 to 74,Male,4-year college graduate,Yes,Black or African American,Yes
Plan A,Yes,Never,Yes,Usually,3,8,Usually,Yes,2,Usually,Never,Sometimes,Always,5,No,4,3,No,Sometimes,Never,Yes,Sometimes,1,Poor,Very good,Yes,No,Yes,No,75 or older,Female,4-year college graduate,Yes,American Indian or Alaska Native,No
Plan B,No,Usually,Yes,Never,5 to 9,2,Always,No,10 or more times,Never,Always,Sometimes,Sometimes,0,No,None,3,No,Never,Never,Yes,Sometimes,4,Excellent,Poor,Yes,Yes,No,Yes,18 to 24,Female,4-year college graduate,No,Other,Yes
Plan D,Yes,Sometimes,No,Never,10 or more times,4,Usually,Yes,10 or more times,Never,Always,Sometimes,Always,0,Yes,2,9,Yes,Sometimes,Sometimes,Yes,Always,8,Very good,Very good,Yes,Yes,No,Yes,18 to 24,Male,More than 4-year college degree,Yes,Other,Yes
Plan D,Yes,Usually,Yes,Always,None,4,Sometimes,Yes,10 or more times,Never,Never,Sometimes,Always,7,Yes,2,0,No,Usually,Usually,No,Always,7,Excellent,Very good,Yes,Yes,No,Yes,25 to 34,Female,More than 4-year college degree,Yes,Black or African American,No
Plan A,Yes,Sometimes,Yes,Sometimes,10 or more times,3,Always,No,3,Never,Sometimes,Never,Always,1,No,2,7,No,Never,Always,No,Always,4,Good,Very good,Yes,Yes,No,Yes,45 to 54,Male,4-year college graduate,No,Asian,Yes
Plan B,Yes,Usually,Yes,Sometimes,None,2,Sometimes,No,1 time,Usually,Sometimes,Sometimes,Never,1,No,1 specialist,10,No,Always,Usually,No,Never,5,Very good,Good,No,No,No,No,35 to 44,Female,Some high school,Yes,Black or African American,No
Plan C,Yes,Never,No,Usually,None,3,Usually,Yes,None,Always,Usually,Usually,Sometimes,5,No,1 specialist,10,No,Never,Always,No,Always,1,Fair,Excellent,Yes,No,No,Yes,75 or older,Female,Some college or 2-year degree,No,American Indian or Alaska Native,Yes
Plan B,No,Usually,Yes,Sometimes,2,4,Never,No,10 or more times,Always,Never,Always,Always,9,Yes,None,6,Yes,Always,Usually,Yes,Usually,8,Fair,Poor,Yes,No,No,No,35 to 44,Male,High school graduate or GED,Yes,White,No
Plan E,Yes,Never,Yes,Usually,None,4,Sometimes,No,2,Always,Never,Always,Sometimes,4,No,2,0,No,Usually,Never,Yes,Sometimes,7,Fair,Fair,Yes,Yes,Yes,No,65 to 74,Female,4-year college graduate,No,American Indian or Alaska Native,No
Plan D,Yes,Usually,No,Sometimes,5 to 9,10,Sometimes,No,3,Usually,Usually,Never,Sometimes,6,No,5 or more specialists,6,No,Always,Always,Yes,Sometimes,10,Good,Excellent,Yes,No,Yes,No,75 or older,Male,8th grade or less,No,American Indian or Alaska Native,Yes
Plan C,No,Always,No,Sometimes,3,7,Usually,Yes,4,Always,Never,Sometimes,Always,0,No,None,2,Yes,Usually,Always,Yes,Usually,8,Very good,Very good,Yes,No,No,Yes,25 to 34,Female,High school graduate or GED,No,Native Hawaiian or Other Pacific Islander,Yes
Plan E,Yes,Usually,Yes,Sometimes,4,9,Always,Yes,5 to 9,Never,Always,Usually,Sometimes,1,No,1 specialist,9,Yes,Never,Never,Yes,Sometimes,7,Excellent,Good,No,Yes,No,Yes,25 to 34,Female,8th grade or less,Yes,Black or African American,Yes
Plan C,No,Sometimes,Yes,Usually,5 to 9,6,Sometimes,Yes,2,Usually,Usually,Usually,Usually,3,Yes,2,1,Yes,Always,Sometimes,No,Sometimes,5,Good,Fair,Yes,Yes,Yes,No,35 to 44,Female,High school graduate or GED,No,Black or African American,No
Plan C,No,Sometimes,No,Usually,2,1,Sometimes,Yes,1 time,Sometimes,Never,Usually,Always,2,Yes,2,8,Yes,Never,Never,No,Sometimes,7,Very good,Fair,No,Yes,No,Yes,55 to 64,Female,More than 4-year college degree,No,Other,Yes
Plan C,Yes,Sometimes,Yes,Never,4,5,Sometimes,No,None,Sometimes,Usually,Usually,Never,2,No,1 specialist,10,Yes,Never,Usually,Yes,Never,1,Good,Excellent,Yes,No,No,No,18 to 24,Male,High school graduate or GED,No,American Indian or Alaska Native,Yes
Plan D,No,Always,Yes,Usually,3,6,Usually,Yes,None,Usually,Sometimes,Always,Never,2,No,4,5,No,Never,Never,Yes,Always,4,Excellent,Fair,Yes,No,Yes,Yes,18 to 24,Female,4-year college graduate,No,White,Yes
Plan A,Yes,Never,Yes,Sometimes,2,0,Always,Yes,10 or more times,Never,Usually,Sometimes,Never,5,Yes,None,1,No,Never,Sometimes,Yes,Always,5,Fair,Poor,No,Yes,Yes,Yes,45 to 54,Male,8th grade or less,Yes,Black or African American,No
Plan C,No,Sometimes,No,Always,None,1,Sometimes,No,2,Usually,Always,Always,Never,0,Yes,None,8,No,Never,Always,No,Never,0,Very good,Fair,Yes,No,No,Yes,75 or older,Male,Some college or 2-year degree,No,Asian,Yes
Plan E,Yes,Always,No,Sometimes,2,7,Always,No,None,Never,Never,Never,Usually,3,Yes,1 specialist,10,No,Sometimes,Sometimes,Yes,Sometimes,3,Poor,Excellent,Yes,Yes,No,Yes,75 or older,Female,8th grade or less,No,Other,No
Plan C,Yes,Usually,No,Usually,10 or more times,8,Never,Yes,1 time,Never,Usually,Sometimes,Always,0,No,2,6,Yes,Sometimes,Always,Yes,Usually,3,Excellent,Good,No,No,No,Yes,55 to 64,Male,Some high school,Yes,Asian,No
Plan B,Yes,Always,Yes,Never,10 or more times,2,Never,Yes,10 or more times,Always,Usually,Always,Usually,2,Yes,5 or more specialists,8,No,Usually,Always,No,Usually,10,Fair,Excellent,Yes,Yes,Yes,No,75 or older,Female,Some college or 2-year degree,No,Asian,Yes
Plan C,Yes,Usually,Yes,Usually,4,0,Sometimes,Yes,5 to 9,Always,Sometimes,Usually,Never,5,No,None,6,No,Never,Never,No,Always,2,Poor,Excellent,Yes,Yes,No,No,65 to 74,Male,Some college or 2-year degree,No,White,Yes
Plan D,Yes,Usually,Yes,Usually,1 time,2,Never,Yes,5 to 9,Usually,Always,Always,Sometimes,5,No,3,6,No,Usually,Always,Yes,Usually,6,Excellent,Poor,No,No,Yes,Yes,18 to 24,Female,4-year college graduate,Yes,Black or African American,Yes
Plan A,No,Always,Yes,Never,3,7,Never,Yes,None,Never,Always,Always,Sometimes,2,No,1 specialist,7,Yes,Usually,Usually,No,Never,2,Very good,Good,No,No,No,No,55 to 64,Female,4-year college graduate,No,Asian,Yes
Plan E,No,Sometimes,No,Usually,None,10,Never,Yes,2,Always,Never,Always,Always,9,Yes,3,2,Yes,Never,Always,Yes,Usually,9,Fair,Fair,No,Yes,No,Yes,35 to 44,Male,High school graduate or GED,Yes,Black or African American,Yes
Plan C,Yes,Usually,Yes,Usually,3,7,Always,Yes,2,Never,Sometimes,Never,Sometimes,9,Yes,2,10,Yes,Sometimes,Never,No,Always,0,Poor,Fair,Yes,Yes,Yes,Yes,75 or older,Female,More than 4-year college degree,No,Native Hawaiian or Other Pacific Islander,No
Plan E,Yes,Always,Yes,Never,10 or more times,9,Usually,No,5 to 9,Sometimes,Usually,Sometimes,Sometimes,10,Yes,2,9,No,Always,Usually,No,Never,1,Poor,Excellent,Yes,Yes,Yes,No,35 to 44,Female,4-year college graduate,No,Asian,Yes
Plan A,Yes,Usually,Yes,Always,1 time,9,Usually,Yes,None,Usually,Never,Never,Usually,10,Yes,4,8,No,Usually,Always,No,Sometimes,3,Very good,Poor,Yes,No,No,No,75 or older,Female,4-year college graduate,Yes,Asian,No
Plan D,Yes,Always,No,Always,3,2,Always,Yes,3,Sometimes,Never,Never,Sometimes,2,No,None,2,No,Sometimes,Always,Yes,Usually,1,Excellent,Good,No,Yes,No,No,65 to 74,Male,High school graduate or GED,Yes,Other,No
Plan B,No,Always,Yes,Never,3,6,Never,Yes,3,Sometimes,Sometimes,Usually,Always,3,No,4,3,No,Sometimes,Never,Yes,Sometimes,4,Good,Good,No,Yes,No,No,55 to 64,Female,4-year college graduate,Yes,American Indian or Alaska Native,Yes
Plan A,No,Sometimes,Yes,Sometimes,2,7,Always,Yes,5 to 9,Usually,Sometimes,Never,Sometimes,3,No,3,1,Yes,Usually,Sometimes,No,Always,9,Very good,Fair,No,No,Yes,No,25 to 34,Male,More than 4-year college degree,Yes,Native Hawaiian or Other Pacific Islander,No
Plan E,No,Usually,No,Usually,5 to 9,7,Always,No,None,Usually,Usually,Never,Usually,2,No,2,2,No,Sometimes,Sometimes,Yes,Always,4,Excellent,Fair,Yes,No,No,No,25 to 34,Female,High school graduate or GED,Yes,Asian,No
